token_id,gene_name,ENSG_id,SEEAD_id
2,TSPAN6,ENSG00000000003,35927
3,TNMD,ENSG00000000005,35926
4,DPM1,ENSG00000000419,33609
5,SCYL3,ENSG00000000457,2451
7,FGR,ENSG00000000938,629
8,CFH,ENSG00000000971,2686
9,FUCA2,ENSG00000001036,12707
10,GCLC,ENSG00000001084,12097
11,NFYA,ENSG00000001167,11914
12,STPG1,ENSG00000001460,544
13,NIPAL3,ENSG00000001461,545
14,LAS1L,ENSG00000001497,35779
15,ENPP4,ENSG00000001561,12027
16,SEMA3F,ENSG00000001617,6484
17,CFTR,ENSG00000001626,14160
18,ANKIB1,ENSG00000001629,13855
19,CYP51A1,ENSG00000001630,13850
20,KRIT1,ENSG00000001631,13853
21,RAD52,ENSG00000002016,20996
22,BAD,ENSG00000002330,19940
23,LAP3,ENSG00000002549,8086
24,CD99,ENSG00000002586,35324
25,HS3ST1,ENSG00000002587,8037
26,AOC1,ENSG00000002726,14591
27,WNT16,ENSG00000002745,14177
28,HECW1,ENSG00000002746,13483
29,MAD1L1,ENSG00000002822,13069
30,LASP1,ENSG00000002834,28984
31,SNX11,ENSG00000002919,29340
32,TMEM176A,ENSG00000002933,14590
33,M6PR,ENSG00000003056,21189
34,KLHL13,ENSG00000003096,36076
35,CYP26B1,ENSG00000003137,4190
36,ICA1,ENSG00000003147,13154
37,DBNDD1,ENSG00000003249,28072
38,ALS2,ENSG00000003393,5426
39,CASP10,ENSG00000003400,5417
40,CFLAR,ENSG00000003402,5414
41,TFPI,ENSG00000003436,5299
42,NDUFAF7,ENSG00000003509,3845
43,RBM5,ENSG00000003756,6481
44,MTMR7,ENSG00000003987,14920
45,SLC7A2,ENSG00000003989,14921
46,ARF5,ENSG00000004059,14224
47,SARM1,ENSG00000004139,28683
48,POLDIP2,ENSG00000004142,28679
49,PLXND1,ENSG00000004399,7134
50,AK2,ENSG00000004455,746
51,CD38,ENSG00000004468,8070
52,FKBP4,ENSG00000004478,21025
53,KDM1A,ENSG00000004487,507
54,RBM6,ENSG00000004534,6480
55,CAMKK1,ENSG00000004660,28194
56,RECQL,ENSG00000004700,21363
57,VPS50,ENSG00000004766,13869
58,HSPB6,ENSG00000004776,31897
59,ARHGAP33,ENSG00000004777,31900
60,NDUFAB1,ENSG00000004779,27003
61,PDK4,ENSG00000004799,13894
62,SLC22A16,ENSG00000004809,12432
63,ZMYND10,ENSG00000004838,6502
64,ABCB5,ENSG00000004846,13233
65,ARX,ENSG00000004848,35475
66,SLC25A13,ENSG00000004864,13896
67,ST7,ENSG00000004866,14151
68,CDC27,ENSG00000004897,29303
69,SLC4A1,ENSG00000004939,29225
70,CALCR,ENSG00000004948,13870
71,HCCS,ENSG00000004961,35367
72,DVL2,ENSG00000004975,28300
73,PRSS22,ENSG00000005001,26629
74,UPF1,ENSG00000005007,31613
75,SKAP2,ENSG00000005020,13294
76,SLC25A5,ENSG00000005022,36091
77,MCUB,ENSG00000005059,8763
78,HOXA11,ENSG00000005073,13309
79,POLR2J,ENSG00000005075,14030
80,DHX33,ENSG00000005100,28261
81,MEOX1,ENSG00000005102,29196
82,THSD7A,ENSG00000005108,13170
83,LIG3,ENSG00000005156,28865
84,RPAP3,ENSG00000005175,21592
85,ACSM3,ENSG00000005187,26944
86,REXO5,ENSG00000005189,26949
87,CIAPIN1,ENSG00000005194,27482
89,COPZ2,ENSG00000005243,29334
90,PRKAR2B,ENSG00000005249,14081
91,MSL3,ENSG00000005302,35371
92,CREBBP,ENSG00000005339,26686
93,TSPOAP1,ENSG00000005379,29524
94,MPO,ENSG00000005381,29523
95,PON1,ENSG00000005421,13887
96,GCFC2,ENSG00000005436,4268
97,WDR54,ENSG00000005448,4233
98,CROT,ENSG00000005469,13815
99,ABCB4,ENSG00000005471,13816
100,KMT2E,ENSG00000005483,14061
101,RHBDD2,ENSG00000005486,13750
102,SOX8,ENSG00000005513,26497
103,IBTK,ENSG00000005700,12250
104,ZNF195,ENSG00000005801,19053
105,MYCBP2,ENSG00000005810,23378
106,FBXL3,ENSG00000005812,23375
107,ITGAL,ENSG00000005844,27156
108,PDK2,ENSG00000005882,29408
109,ITGA3,ENSG00000005884,29406
110,ZFX,ENSG00000005889,35470
111,LAMP2,ENSG00000005893,36112
113,ITGA2B,ENSG00000005961,29233
114,ASB4,ENSG00000005981,13892
115,GDE1,ENSG00000006007,26924
116,REX1BD,ENSG00000006015,31608
117,CRLF1,ENSG00000006016,31607
118,OSBPL7,ENSG00000006025,29318
119,TMEM98,ENSG00000006042,28831
120,YBX2,ENSG00000006047,28308
121,KRT33A,ENSG00000006059,29094
122,ABCC8,ENSG00000006071,19321
126,CACNG3,ENSG00000006116,27015
127,TMEM132A,ENSG00000006118,19811
128,AP2B1,ENSG00000006125,28892
129,TAC1,ENSG00000006128,13902
130,ZNF263,ENSG00000006194,26665
131,CX3CL1,ENSG00000006210,27480
132,SPATA20,ENSG00000006282,29435
133,CACNA1G,ENSG00000006283,29437
134,TNFRSF12A,ENSG00000006327,26644
135,DLX6,ENSG00000006377,13899
136,MAP3K9,ENSG00000006432,24471
137,RALA,ENSG00000006451,13462
138,BAIAP2L1,ENSG00000006453,13910
139,KDM7A,ENSG00000006459,14366
140,ETV1,ENSG00000006468,13182
141,AGK,ENSG00000006530,14384
142,ALDH3B1,ENSG00000006534,20124
143,TTC22,ENSG00000006555,1146
144,PHTF2,ENSG00000006576,13778
145,CCL26,ENSG00000006606,13748
146,FARP2,ENSG00000006607,5923
147,USH1C,ENSG00000006611,19323
148,GGCT,ENSG00000006625,13355
149,DBF4,ENSG00000006634,13820
150,TBXA2R,ENSG00000006638,31024
151,IFRD1,ENSG00000006652,14118
152,LGALS14,ENSG00000006659,32057
153,COX10,ENSG00000006695,28460
154,GTF2IRD1,ENSG00000006704,13730
155,PAF1,ENSG00000006712,32043
156,VPS41,ENSG00000006715,13454
157,ARHGAP44,ENSG00000006740,28449
158,ELAC2,ENSG00000006744,28452
159,SCIN,ENSG00000006747,13176
160,ARSD,ENSG00000006756,35328
161,PNPLA4,ENSG00000006757,35346
162,MYH13,ENSG00000006788,28414
163,ADIPOR2,ENSG00000006831,21004
164,CDKL3,ENSG00000006837,10488
165,UPP2,ENSG00000007001,5041
166,PRSS21,ENSG00000007038,26627
167,MARK4,ENSG00000007047,32250
168,PROM1,ENSG00000007062,8073
169,CCDC124,ENSG00000007080,31577
170,CEACAM21,ENSG00000007129,32123
171,PAFAH1B1,ENSG00000007168,28156
172,NOS2,ENSG00000007171,28664
173,DNAH9,ENSG00000007174,28437
175,SLC13A2,ENSG00000007216,28689
176,GAS7,ENSG00000007237,28412
177,TRAPPC6A,ENSG00000007255,32254
178,MATK,ENSG00000007264,31035
179,CEACAM7,ENSG00000007306,32125
180,CD79B,ENSG00000007312,29627
181,SCN4A,ENSG00000007314,29628
182,ST7L,ENSG00000007341,1698
183,TKTL1,ENSG00000007350,36396
184,PAX6,ENSG00000007372,19444
185,RPUSD1,ENSG00000007376,26486
186,RHBDF1,ENSG00000007384,26434
187,LUC7L,ENSG00000007392,26445
188,CACNA2D2,ENSG00000007402,6506
189,BAIAP3,ENSG00000007516,26519
190,TSR3,ENSG00000007520,26520
191,PIGQ,ENSG00000007541,26461
192,CRAMP1,ENSG00000007545,26539
193,TEAD3,ENSG00000007866,11836
194,SELE,ENSG00000007908,2448
195,DNAJC11,ENSG00000007923,190
196,FMO3,ENSG00000007933,2465
197,MYLIP,ENSG00000007944,11380
198,NOX1,ENSG00000007952,35931
199,E2F2,ENSG00000007968,519
200,PSMB1,ENSG00000008018,13008
201,SYN1,ENSG00000008056,35604
202,JARID2,ENSG00000008083,11375
203,CDKL5,ENSG00000008086,35427
204,CAMK1G,ENSG00000008118,2896
205,CDK11A,ENSG00000008128,83
206,NADK,ENSG00000008130,85
207,TFAP2B,ENSG00000008196,12074
208,TFAP2D,ENSG00000008197,12073
209,DLEC1,ENSG00000008226,6248
210,CYTH3,ENSG00000008256,13125
211,ADAM22,ENSG00000008277,13821
212,SYPL1,ENSG00000008282,14071
213,CYB561,ENSG00000008283,29608
214,SPAG9,ENSG00000008294,29453
215,CELSR3,ENSG00000008300,6426
216,AASS,ENSG00000008311,14181
217,PLEKHG6,ENSG00000008323,21084
218,SS18L2,ENSG00000008324,6304
219,MPND,ENSG00000008382,31055
220,MGST1,ENSG00000008394,21331
221,CRY1,ENSG00000008405,22438
222,PGLYRP1,ENSG00000008438,32290
223,NFIX,ENSG00000008441,31394
224,ST3GAL1,ENSG00000008513,16008
225,MMP25,ENSG00000008516,26650
226,IL32,ENSG00000008517,26651
227,PKD1,ENSG00000008710,26577
228,MAPK8IP2,ENSG00000008735,35292
229,MED24,ENSG00000008838,29023
230,RHOBTB2,ENSG00000008853,15004
231,HEATR5B,ENSG00000008869,3838
232,SEC62,ENSG00000008952,7502
233,RPS20,ENSG00000008988,15338
234,CSDE1,ENSG00000009307,1733
235,UBE3C,ENSG00000009335,14679
236,REV3L,ENSG00000009413,12442
237,TENM1,ENSG00000009694,36143
238,PAX7,ENSG00000009709,426
239,MASP2,ENSG00000009724,262
240,IYD,ENSG00000009765,12776
241,FAM76A,ENSG00000009780,634
242,TRAF3IP3,ENSG00000009790,2901
243,POMT2,ENSG00000009830,24600
244,VTA1,ENSG00000009844,12692
245,MLXIPL,ENSG00000009950,13710
246,BAZ1B,ENSG00000009954,13707
247,RANBP9,ENSG00000010017,11358
248,ETV7,ENSG00000010030,11855
249,SPRTN,ENSG00000010072,3179
251,DYRK4,ENSG00000010219,21058
252,ZNF207,ENSG00000010244,28814
253,UQCRC1,ENSG00000010256,6423
254,STARD3NL,ENSG00000010270,13429
255,CD9,ENSG00000010278,21083
256,HHATL,ENSG00000010282,6310
257,NCAPD2,ENSG00000010292,21095
258,IFFO1,ENSG00000010295,21100
259,GIPR,ENSG00000010310,32271
260,PHF7,ENSG00000010318,6551
261,SEMA3G,ENSG00000010319,6552
262,NISCH,ENSG00000010322,6554
263,STAB1,ENSG00000010327,6555
264,FUZ,ENSG00000010361,32463
265,SLC6A13,ENSG00000010379,20983
266,IDS,ENSG00000010404,36298
267,PRSS3,ENSG00000010438,16454
268,ZNF200,ENSG00000010539,26662
269,CD4,ENSG00000010610,21117
270,LRRC23,ENSG00000010626,21125
271,BTK,ENSG00000010671,35941
272,HFE,ENSG00000010704,11474
273,SCMH1,ENSG00000010803,899
274,FYN,ENSG00000010810,12449
275,HIVEP2,ENSG00000010818,12698
276,FMO1,ENSG00000010932,2468
277,ELOA,ENSG00000011007,526
278,LYPLA2,ENSG00000011009,528
279,CLCN6,ENSG00000011021,286
280,MRC2,ENSG00000011028,29595
282,SLC6A7,ENSG00000011083,10797
283,TSPAN9,ENSG00000011105,21037
284,BTBD7,ENSG00000011114,24744
285,APBA3,ENSG00000011132,31030
286,MKS1,ENSG00000011143,29519
287,ABHD5,ENSG00000011198,6331
288,ANOS1,ENSG00000011201,35351
289,AKAP8L,ENSG00000011243,31471
290,MBTD1,ENSG00000011258,29457
291,UTP18,ENSG00000011260,29459
292,RNF216,ENSG00000011275,13114
293,TTC19,ENSG00000011295,28496
294,PTBP1,ENSG00000011304,30887
295,DPF1,ENSG00000011332,31986
296,SYT7,ENSG00000011347,19831
297,LARS2,ENSG00000011376,6361
298,PIK3C2A,ENSG00000011405,19315
299,PLAUR,ENSG00000011422,32190
300,ANLN,ENSG00000011426,13415
301,WIZ,ENSG00000011451,31472
302,RABGAP1,ENSG00000011454,17152
303,DCN,ENSG00000011465,22263
304,QPCTL,ENSG00000011478,32273
305,PPP5C,ENSG00000011485,32303
306,CEP68,ENSG00000011523,4098
307,MAP4K3,ENSG00000011566,3880
308,ZBTB32,ENSG00000011590,31889
309,TYROBP,ENSG00000011600,31907
311,GABRA3,ENSG00000011677,36337
312,BRCA1,ENSG00000012048,29185
313,ERCC1,ENSG00000012061,32262
314,CD22,ENSG00000012124,31863
315,MBTPS2,ENSG00000012174,35450
316,PRICKLE3,ENSG00000012211,35655
317,LTF,ENSG00000012223,6380
318,EXTL3,ENSG00000012232,15083
319,NR1H4,ENSG00000012504,22354
320,ELOVL5,ENSG00000012660,12095
321,ALOX5,ENSG00000012779,17949
322,KDM5D,ENSG00000012817,36516
323,CALCOCO1,ENSG00000012822,21807
324,UBR7,ENSG00000012963,24743
325,MAP4K5,ENSG00000012983,24214
326,EHD3,ENSG00000013016,3796
327,PSMC4,ENSG00000013275,32064
328,MAN2B2,ENSG00000013288,7961
329,SLC7A14,ENSG00000013293,7512
330,CLDN11,ENSG00000013297,7510
331,SLC25A39,ENSG00000013306,29229
332,MVP,ENSG00000013364,27115
333,NUB1,ENSG00000013374,14613
334,PGM3,ENSG00000013375,12256
335,RWDD2A,ENSG00000013392,12257
336,CLK1,ENSG00000013441,5406
337,POLR3B,ENSG00000013503,22428
338,ANGEL1,ENSG00000013523,24583
339,RNF14,ENSG00000013561,10704
340,DNASE1L1,ENSG00000013563,36403
341,DDX11,ENSG00000013573,21477
342,HEBP1,ENSG00000013583,21290
343,GPRC5A,ENSG00000013588,21286
344,MAMLD1,ENSG00000013619,36315
345,CD6,ENSG00000013725,19813
346,TACC3,ENSG00000013810,7896
347,UFL1,ENSG00000014123,12335
348,POLA2,ENSG00000014138,19992
349,ZC3H3,ENSG00000014164,16106
350,CAPN1,ENSG00000014216,19990
352,MDH1,ENSG00000014641,4076
353,SLC30A9,ENSG00000014824,8243
354,MTMR11,ENSG00000014914,1919
355,COX15,ENSG00000014919,18510
356,CCDC88C,ENSG00000015133,24718
357,YAF2,ENSG00000015153,21542
358,ZMYND11,ENSG00000015171,17517
359,WAS,ENSG00000015285,35633
360,DPEP1,ENSG00000015413,28054
361,BID,ENSG00000015475,34442
362,MATR3,ENSG00000015479,10565
363,NPC1L1,ENSG00000015520,13507
364,XYLT2,ENSG00000015532,29422
365,RGPD5,ENSG00000015568,4678
366,STMN4,ENSG00000015592,15060
367,NUDCD3,ENSG00000015676,13506
368,ISL1,ENSG00000016082,9801
369,CHDH,ENSG00000016391,6577
370,IL20RA,ENSG00000016402,12651
371,CLCA1,ENSG00000016490,1412
372,CLCA4,ENSG00000016602,1413
373,GLT8D1,ENSG00000016864,6560
374,ATP2C1,ENSG00000017260,7148
376,IGF1,ENSG00000017427,22380
377,SLC38A5,ENSG00000017483,35623
379,RALBP1,ENSG00000017797,30197
380,RUFY3,ENSG00000018189,8449
381,CNTN1,ENSG00000018236,21534
382,SLC11A1,ENSG00000018280,5598
383,WWTR1,ENSG00000018408,7325
384,AGPS,ENSG00000018510,5224
386,ATP1A2,ENSG00000018625,2288
387,TTC27,ENSG00000018699,3816
388,ZNF582,ENSG00000018869,32769
389,VSIG2,ENSG00000019102,20839
390,PHLDB1,ENSG00000019144,20719
391,MARCO,ENSG00000019169,4775
392,CYP24A1,ENSG00000019186,33639
393,PRDM11,ENSG00000019485,19557
394,SYT13,ENSG00000019505,19559
395,SNAI2,ENSG00000019549,15285
396,CD74,ENSG00000019582,10801
397,HGF,ENSG00000019991,13795
398,ZRANB1,ENSG00000019995,18799
399,NCDN,ENSG00000020129,778
400,ADGRA2,ENSG00000020181,15170
401,ZFP64,ENSG00000020256,33617
402,MNAT1,ENSG00000020426,24354
403,SAMD4A,ENSG00000020577,24277
404,RUNX3,ENSG00000020633,553
405,MRE11,ENSG00000020922,20460
406,PLEKHB1,ENSG00000021300,20250
407,SERPINB1,ENSG00000021355,11225
408,CYP3A43,ENSG00000021461,13937
409,SLC7A9,ENSG00000021488,31795
410,SPAST,ENSG00000021574,3805
411,NRXN3,ENSG00000021645,24614
412,OSBPL5,ENSG00000021762,19046
413,AQR,ENSG00000021776,25351
414,CPS1,ENSG00000021826,5520
415,C8B,ENSG00000021852,1171
416,FHL1,ENSG00000022267,36233
417,RTF2,ENSG00000022277,33656
418,GABRA1,ENSG00000022355,10924
419,NLRP2,ENSG00000022556,32695
420,SLC45A4,ENSG00000022567,16049
421,RNF10,ENSG00000022840,22651
422,ZNF839,ENSG00000022976,24897
423,ZDHHC6,ENSG00000023041,18660
424,GRAMD1B,ENSG00000023171,20804
425,RNH1,ENSG00000023191,18939
426,NDUFS1,ENSG00000023228,5463
427,RB1CC1,ENSG00000023287,15310
428,ERP44,ENSG00000023318,16944
429,ALAS1,ENSG00000023330,6541
430,BIRC3,ENSG00000023445,20509
431,AKAP11,ENSG00000023516,23142
432,GLRX2,ENSG00000023572,2673
433,SNAPC1,ENSG00000023608,24366
434,DERA,ENSG00000023697,21329
435,STRAP,ENSG00000023734,21328
436,ABCC2,ENSG00000023839,18511
437,DEF6,ENSG00000023892,11832
438,PLEKHO1,ENSG00000023902,1923
439,GCLM,ENSG00000023909,1488
440,UBR2,ENSG00000024048,11949
441,EHD2,ENSG00000024422,32349
442,DEPDC1,ENSG00000024526,1269
443,CCDC28A,ENSG00000024862,12671
444,RRAGD,ENSG00000025039,12305
445,HSF2,ENSG00000025156,12520
446,PHF20,ENSG00000025293,33359
447,HSD17B6,ENSG00000025423,21937
448,NR1H3,ENSG00000025434,19611
449,TYMP,ENSG00000025708,35282
450,NCAPH2,ENSG00000025770,35279
451,TOMM34,ENSG00000025772,33483
452,SEC63,ENSG00000025796,12396
453,KPNA6,ENSG00000025800,714
454,VIM,ENSG00000026025,17718
456,FAS,ENSG00000026103,18368
457,RNASET2,ENSG00000026297,12933
458,CD44,ENSG00000026508,19488
459,KCNG1,ENSG00000026559,33612
460,AGPAT4,ENSG00000026652,12888
461,SLAMF7,ENSG00000026751,2306
462,BTN3A1,ENSG00000026950,11502
463,MIPEP,ENSG00000027001,22961
464,PRKCH,ENSG00000027075,24357
465,INSRR,ENSG00000027644,2216
466,IFNGR1,ENSG00000027697,12653
467,B4GALT7,ENSG00000027847,11096
468,SH2D2A,ENSG00000027869,2214
469,VRK2,ENSG00000028116,4028
470,TNFRSF1B,ENSG00000028137,297
471,VEZT,ENSG00000028203,22308
472,POU2F2,ENSG00000028277,32141
473,BRD9,ENSG00000028310,9398
474,SNX1,ENSG00000028528,25810
475,TBPL1,ENSG00000028839,12610
477,BCLAF1,ENSG00000029363,12640
478,SLC39A9,ENSG00000029364,24449
479,ANK1,ENSG00000029534,15235
480,IBSP,ENSG00000029559,8603
481,TFB1M,ENSG00000029639,12815
482,RABEP1,ENSG00000029725,28255
483,HMGB3,ENSG00000029993,36320
484,NUP160,ENSG00000030066,19631
485,BAK1,ENSG00000030110,11802
486,MUSK,ENSG00000030304,17018
487,IKZF2,ENSG00000030419,5527
488,GRN,ENSG00000030582,29231
489,FAM13B,ENSG00000031003,10543
490,ARHGAP31,ENSG00000031081,6972
491,CENPQ,ENSG00000031691,12054
493,RANBP3,ENSG00000031823,31111
494,ARID4A,ENSG00000032219,24326
495,EIPR1,ENSG00000032389,3458
496,PNPLA6,ENSG00000032444,31162
497,IFT88,ENSG00000032742,22931
498,ALG1,ENSG00000033011,26727
499,ZCCHC8,ENSG00000033030,22706
500,ABCF2,ENSG00000033050,14608
501,CHPF2,ENSG00000033100,14609
502,LRRC7,ENSG00000033122,1279
503,FUT8,ENSG00000033170,24407
504,UBA6,ENSG00000033178,8405
505,GAB2,ENSG00000033327,20351
506,ATP6V0A1,ENSG00000033627,29146
507,PIAS1,ENSG00000033800,25880
508,SLC4A7,ENSG00000033867,6180
509,APBA2,ENSG00000034053,25275
510,MAP2K3,ENSG00000034152,28638
512,TMSB10,ENSG00000034510,4311
513,ASTE1,ENSG00000034533,7150
514,RNF19A,ENSG00000034677,15740
515,PEX3,ENSG00000034693,12706
516,GABARAPL2,ENSG00000034713,27790
517,MYOC,ENSG00000034971,2472
518,SH3YL1,ENSG00000035115,3412
519,FAM136A,ENSG00000035141,4163
520,VCL,ENSG00000035403,18216
521,DEPDC1B,ENSG00000035499,9880
522,DAPK2,ENSG00000035664,25807
523,NSMAF,ENSG00000035681,15370
525,STAP1,ENSG00000035720,8404
526,TIMP2,ENSG00000035862,29904
527,RFC1,ENSG00000035928,8205
528,TBC1D23,ENSG00000036054,6829
529,CUL3,ENSG00000036257,5696
530,MYOM2,ENSG00000036448,14735
531,OTC,ENSG00000036473,35531
532,CYP46A1,ENSG00000036530,24841
534,SLC18A1,ENSG00000036565,14952
535,USP2,ENSG00000036672,20757
536,CASR,ENSG00000036828,7014
537,TUBG2,ENSG00000037042,29158
538,RPL26L1,ENSG00000037241,11005
539,FLT4,ENSG00000037280,11158
540,NSUN2,ENSG00000037474,9471
541,FBXO42,ENSG00000037637,385
542,MFAP3,ENSG00000037749,10845
543,MRI1,ENSG00000037757,31408
544,METTL1,ENSG00000037897,21982
545,HOXC8,ENSG00000037965,21822
546,AGA,ENSG00000038002,9257
547,PI4K2B,ENSG00000038210,8123
548,BOD1L1,ENSG00000038219,8051
549,MAT2B,ENSG00000038274,10932
550,TLL1,ENSG00000038295,9174
551,EDC4,ENSG00000038358,27623
552,TRIO,ENSG00000038382,9543
553,VCAN,ENSG00000038427,10108
554,CLEC16A,ENSG00000038532,26788
555,MSR1,ENSG00000038945,14911
556,CDH1,ENSG00000039068,27656
557,MTREX,ENSG00000039123,9838
558,DNAH5,ENSG00000039139,9541
559,ZFYVE16,ENSG00000039319,10074
560,RIPOR1,ENSG00000039523,27603
561,C6,ENSG00000039537,9744
562,RAI14,ENSG00000039560,9674
563,SOX30,ENSG00000039600,10879
564,PNKP,ENSG00000039650,32470
565,BEST2,ENSG00000039987,31371
566,PHLPP2,ENSG00000040199,27722
567,SPDL1,ENSG00000040275,10964
568,STAU2,ENSG00000040341,15501
569,SLC66A1,ENSG00000040487,437
570,CTNS,ENSG00000040531,28184
571,RTN4R,ENSG00000040608,34517
572,PHF23,ENSG00000040633,28301
573,CDH10,ENSG00000040731,9611
574,INPP4A,ENSG00000040933,4539
575,RAB27B,ENSG00000041353,30578
576,PSMA4,ENSG00000041357,26079
577,MYO16,ENSG00000041515,23588
578,LSG1,ENSG00000041802,7767
579,PARP3,ENSG00000041880,6530
580,TNC,ENSG00000041982,17077
581,THAP3,ENSG00000041988,189
582,RIPOR3,ENSG00000042062,33603
583,TDP1,ENSG00000042088,24694
584,AIFM2,ENSG00000042286,18139
585,C2orf83,ENSG00000042304,5714
586,SPATA7,ENSG00000042317,24675
587,MED17,ENSG00000042429,20453
588,RETSAT,ENSG00000042445,4318
589,CAPG,ENSG00000042493,4321
590,AP2S1,ENSG00000042753,32325
591,USH2A,ENSG00000042781,2976
592,ZPBP,ENSG00000042813,13560
593,TG,ENSG00000042832,16003
594,ADAM28,ENSG00000042980,15029
595,BARX2,ENSG00000043039,20914
596,DCUN1D1,ENSG00000043093,7607
597,JADE2,ENSG00000043143,10495
598,ZIC2,ENSG00000043355,23524
599,LCP2,ENSG00000043462,10971
600,TRIT1,ENSG00000043514,865
601,ADRB1,ENSG00000043591,18677
602,GUCA2B,ENSG00000044012,909
603,CUL7,ENSG00000044090,11967
604,CTNNA1,ENSG00000044115,10560
605,PHKA2,ENSG00000044446,35432
606,CNTLN,ENSG00000044459,16324
607,EPHA3,ENSG00000044524,6779
608,HSPA5,ENSG00000044574,17182
609,DSG2,ENSG00000046604,30399
610,GEMIN8,ENSG00000046647,35393
611,OFD1,ENSG00000046651,35389
612,GPM6B,ENSG00000046653,35390
613,MAGEC2,ENSG00000046774,36273
614,PREX2,ENSG00000046889,15455
615,WDR37,ENSG00000047056,17530
616,YTHDC2,ENSG00000047188,10304
617,CTPS2,ENSG00000047230,35413
618,ATP6V1H,ENSG00000047249,15319
619,POLR2B,ENSG00000047315,8362
621,ARAP2,ENSG00000047365,8171
622,TPR,ENSG00000047410,2634
623,CP,ENSG00000047457,7317
625,DTNBP1,ENSG00000047579,11377
626,XK,ENSG00000047597,35521
627,ANO2,ENSG00000047617,21080
628,C12orf4,ENSG00000047621,21056
629,SCML1,ENSG00000047634,35422
630,WWC3,ENSG00000047644,35361
631,ARHGAP6,ENSG00000047648,35368
632,FAM184B,ENSG00000047662,8089
633,MAP4,ENSG00000047849,6406
634,GOPC,ENSG00000047932,12504
635,ROS1,ENSG00000047936,12501
636,USP28,ENSG00000048028,20638
637,HDAC9,ENSG00000048052,13213
638,TSPAN17,ENSG00000048140,11065
639,NOP16,ENSG00000048162,11056
640,CC2D2A,ENSG00000048342,8065
641,RRM2B,ENSG00000048392,15768
642,ZNF800,ENSG00000048405,14220
643,TNFRSF17,ENSG00000048462,26817
644,SNX29,ENSG00000048471,26818
645,LMO3,ENSG00000048540,21333
646,MRPS10,ENSG00000048544,11947
647,GUCA1A,ENSG00000048545,11943
648,RSF1,ENSG00000048649,20334
649,VPS13D,ENSG00000048707,298
650,CELF2,ENSG00000048740,17647
651,FAM120A,ENSG00000048828,16846
652,R3HDM1,ENSG00000048991,4921
653,COL9A2,ENSG00000049089,875
654,KITLG,ENSG00000049130,22235
655,ERCC8,ENSG00000049167,9884
656,ADAMTS6,ENSG00000049192,9909
657,H6PD,ENSG00000049239,227
658,VAMP3,ENSG00000049245,202
659,PER3,ENSG00000049246,204
660,UTS2,ENSG00000049247,206
661,TNFRSF9,ENSG00000049249,207
662,EPN3,ENSG00000049283,29434
663,LTBP1,ENSG00000049323,3819
664,RCN1,ENSG00000049449,19449
665,ELN,ENSG00000049540,13722
666,RFC2,ENSG00000049541,13727
667,ARID1B,ENSG00000049618,12823
668,CLPTM1L,ENSG00000049656,9412
669,NEDD4L,ENSG00000049759,30617
670,FOXP3,ENSG00000049768,35660
671,PPP1R3F,ENSG00000049769,35662
672,HEXB,ENSG00000049860,10014
673,PTCD2,ENSG00000049883,9981
674,NEXMIF,ENSG00000050030,35868
675,JKAMP,ENSG00000050130,24337
676,DKK3,ENSG00000050165,19266
677,ARHGEF5,ENSG00000050327,14531
678,NFE2L3,ENSG00000050344,13283
679,MCUR1,ENSG00000050393,11360
680,LIMA1,ENSG00000050405,21695
681,LETMD1,ENSG00000050426,21708
682,SLC4A8,ENSG00000050438,21718
683,LAMC3,ENSG00000050555,17324
684,PTGER3,ENSG00000050628,1292
685,TNIP3,ENSG00000050730,8840
686,MAPK9,ENSG00000050748,11152
687,COL23A1,ENSG00000050767,11114
688,BCAR1,ENSG00000050820,27777
690,HERPUD1,ENSG00000051108,27464
691,HOMER3,ENSG00000051128,31619
692,RAD51,ENSG00000051180,25432
693,POLQ,ENSG00000051341,7004
694,PIK3CB,ENSG00000051382,7217
695,CYBA,ENSG00000051523,28011
696,THOC3,ENSG00000051596,11043
697,HEBP2,ENSG00000051620,12667
698,MPHOSPH9,ENSG00000051825,22725
699,PLEKHA5,ENSG00000052126,21346
700,PRSS8,ENSG00000052344,27203
701,SIKE1,ENSG00000052723,1734
702,RRP12,ENSG00000052749,18473
703,FNIP2,ENSG00000052795,9140
704,MSMO1,ENSG00000052802,9170
705,TTC17,ENSG00000052841,19528
706,ALX4,ENSG00000052850,19546
707,FSTL4,ENSG00000053108,10476
708,FOXN3,ENSG00000053254,24685
709,METTL24,ENSG00000053328,12429
710,AKR7A2,ENSG00000053371,436
711,MRTO4,ENSG00000053372,434
712,NNAT,ENSG00000053438,33390
713,USE1,ENSG00000053501,31538
714,MCF2L2,ENSG00000053524,7611
715,NRIP2,ENSG00000053702,21029
716,LAMA3,ENSG00000053747,30335
717,AP5M1,ENSG00000053770,24312
718,ANAPC4,ENSG00000053900,8126
719,KCNQ1,ENSG00000053918,19033
720,TRAPPC3,ENSG00000054116,794
721,THRAP3,ENSG00000054118,796
722,PHPT1,ENSG00000054148,17453
723,ENTPD2,ENSG00000054179,17470
724,LY75,ENSG00000054219,5061
725,ARID4B,ENSG00000054267,3233
726,OPN3,ENSG00000054277,3287
727,SDCCAG8,ENSG00000054282,3301
728,PTPRN,ENSG00000054356,5642
729,HHAT,ENSG00000054392,2909
730,KIF1B,ENSG00000054523,247
731,FOXC1,ENSG00000054598,11214
732,TBC1D22A,ENSG00000054611,35214
733,SYNE2,ENSG00000054654,24382
734,PLEKHH1,ENSG00000054690,24424
735,ATP9A,ENSG00000054793,33614
736,SPO11,ENSG00000054796,33670
737,CBLN4,ENSG00000054803,33649
738,CHRDL2,ENSG00000054938,20274
739,FAM168A,ENSG00000054965,20248
740,RELT,ENSG00000054967,20246
741,GALC,ENSG00000054983,24666
742,NOP58,ENSG00000055044,5435
743,SZRD1,ENSG00000055070,386
744,KCNH2,ENSG00000055118,14592
745,CUL1,ENSG00000055130,14543
746,FAM114A2,ENSG00000055147,10844
747,CYFIP2,ENSG00000055163,10872
748,TAB2,ENSG00000055208,12748
749,GINM1,ENSG00000055211,12755
750,EIF2AK2,ENSG00000055332,3840
751,USP36,ENSG00000055483,29902
752,KMT2C,ENSG00000055609,14626
753,MCOLN3,ENSG00000055732,1396
754,CCDC85A,ENSG00000055813,4026
755,PUM2,ENSG00000055917,3637
756,MRPL43,ENSG00000055950,18533
757,ITIH4,ENSG00000055955,6565
758,ITIH1,ENSG00000055957,6563
759,HPF1,ENSG00000056050,9193
760,ZFR,ENSG00000056097,9653
761,ZNF280C,ENSG00000056277,36167
762,NPFFR2,ENSG00000056291,8456
763,PHF21B,ENSG00000056487,35173
764,TRAF1,ENSG00000056558,17109
765,RC3H2,ENSG00000056586,17147
767,IL17RB,ENSG00000056736,6578
768,TRAF3IP2,ENSG00000056972,12447
769,GYG2,ENSG00000056998,35326
770,DCBLD2,ENSG00000057019,6818
771,SERPINB3,ENSG00000057149,30684
772,SOAT1,ENSG00000057252,2544
773,PKP2,ENSG00000057294,21505
774,MSH4,ENSG00000057468,1327
775,F7,ENSG00000057593,23650
776,GDI2,ENSG00000057608,17601
777,PRDM1,ENSG00000057657,12379
778,ATG5,ENSG00000057663,12380
779,TMCC3,ENSG00000057704,22304
780,PITHD1,ENSG00000057757,527
781,MTA3,ENSG00000057935,3901
782,USP13,ENSG00000058056,7576
783,ATP11B,ENSG00000058063,7605
784,LAMC2,ENSG00000058085,2599
785,CDK14,ENSG00000058091,13840
786,SEC61A1,ENSG00000058262,7099
787,PPP1R12A,ENSG00000058272,22191
788,RASGRF1,ENSG00000058335,26088
789,CAMK2B,ENSG00000058404,13505
790,CROCC,ENSG00000058453,398
791,POLR3E,ENSG00000058600,26979
792,ATP2B4,ENSG00000058668,2786
793,ZC3H11A,ENSG00000058673,2788
794,RIOK2,ENSG00000058729,10220
795,YIPF1,ENSG00000058799,1123
796,NDC1,ENSG00000058804,1122
797,DGKG,ENSG00000058866,7667
798,FLYWCH1,ENSG00000059122,26633
799,UNKL,ENSG00000059145,26523
800,TBXAS1,ENSG00000059377,14364
801,PARP12,ENSG00000059378,14365
802,ALDH18A1,ENSG00000059573,18449
803,TARBP1,ENSG00000059588,3210
804,GATB,ENSG00000059691,9057
805,MXD1,ENSG00000059728,4153
806,CDK17,ENSG00000059758,22326
807,DNAJC25,ENSG00000059769,17026
808,SLC2A3,ENSG00000059804,21158
809,PSD,ENSG00000059915,18570
810,CTDP1,ENSG00000060069,30835
811,YBX3,ENSG00000060138,21240
812,STYK1,ENSG00000060140,21239
813,WNK1,ENSG00000060237,20994
814,CCAR1,ENSG00000060339,18116
815,OGFR,ENSG00000060491,33773
816,GNA15,ENSG00000060558,31007
817,CREB3L3,ENSG00000060566,31045
818,PIGV,ENSG00000060642,605
819,PTPRU,ENSG00000060656,672
820,SNRNP40,ENSG00000060688,690
821,RIMBP2,ENSG00000060709,22831
822,COL11A1,ENSG00000060718,1565
823,QSER1,ENSG00000060749,19457
824,MPC1,ENSG00000060762,12926
825,ACAA1,ENSG00000060971,6249
826,BCAT1,ENSG00000060982,21392
827,HDAC7,ENSG00000061273,21600
828,LZTS1,ENSG00000061337,14954
829,PRDM6,ENSG00000061455,10378
830,WNT8A,ENSG00000061492,10546
831,SPAG4,ENSG00000061656,33353
832,NCKAP1,ENSG00000061676,5272
833,MRPS35,ENSG00000061794,21442
834,GUCY1B1,ENSG00000061918,9112
835,SFSWAP,ENSG00000061936,22855
836,TNK2,ENSG00000061938,7787
837,MON2,ENSG00000061987,22010
838,CDH3,ENSG00000062038,27654
839,ARSF,ENSG00000062096,35332
840,GPBP1,ENSG00000062194,9861
841,DGAT2,ENSG00000062282,20299
842,ZNF112,ENSG00000062370,32221
843,CS,ENSG00000062485,21918
844,LTK,ENSG00000062524,25461
845,MRPS24,ENSG00000062582,13490
846,ELMO2,ENSG00000062598,33539
847,WAPL,ENSG00000062650,18325
848,VMP1,ENSG00000062716,29553
849,APPBP2,ENSG00000062725,29568
850,POLD1,ENSG00000062822,32490
851,SEZ6,ENSG00000063015,28727
852,EIF4B,ENSG00000063046,21774
853,SLC6A16,ENSG00000063127,32431
854,BICRA,ENSG00000063169,32347
855,SPHK2,ENSG00000063176,32388
856,RPL18,ENSG00000063177,32386
857,CA11,ENSG00000063180,32390
858,ISOC2,ENSG00000063241,32727
859,U2AF2,ENSG00000063244,32744
860,EPN1,ENSG00000063245,32747
861,MED29,ENSG00000063322,32044
862,AHRR,ENSG00000063438,9384
863,GSC2,ENSG00000063515,34480
864,ZNF275,ENSG00000063587,36361
865,MTMR1,ENSG00000063601,36317
866,GPC1,ENSG00000063660,5894
867,ADCK1,ENSG00000063761,24613
868,HAGH,ENSG00000063854,26552
869,RNF4,ENSG00000063978,7911
870,CASP8,ENSG00000064012,5418
871,LIMCH1,ENSG00000064042,8232
872,INTS13,ENSG00000064102,21424
873,TM7SF3,ENSG00000064115,21426
874,DLX3,ENSG00000064195,29403
875,SPA17,ENSG00000064199,20836
876,TSPAN32,ENSG00000064201,19027
877,CCN5,ENSG00000064205,33476
878,DMRT3,ENSG00000064218,16214
879,ST3GAL6,ENSG00000064225,6817
880,ATP2C2,ENSG00000064270,27907
881,NGFR,ENSG00000064300,29388
882,CDON,ENSG00000064309,20877
883,TAF2,ENSG00000064313,15877
884,HIPK2,ENSG00000064393,14363
885,TNPO3,ENSG00000064419,14252
887,RFXANK,ENSG00000064490,31627
888,TMEM161A,ENSG00000064545,31624
889,LPAR2,ENSG00000064547,31642
890,CTSA,ENSG00000064601,33524
891,SUGP2,ENSG00000064607,31621
892,SLC12A2,ENSG00000064651,10418
893,SNX24,ENSG00000064652,10374
894,EYA2,ENSG00000064655,33547
895,CNN2,ENSG00000064666,30904
896,ABCA7,ENSG00000064687,30905
897,SNCAIP,ENSG00000064692,10367
898,DDX20,ENSG00000064703,1689
899,BTBD1,ENSG00000064726,26158
900,FAR2,ENSG00000064763,21455
901,BCAS1,ENSG00000064787,33637
902,POU1F1,ENSG00000064835,6772
903,CHI3L2,ENSG00000064886,1672
904,SBNO2,ENSG00000064932,30909
905,PMS1,ENSG00000064933,5317
906,HMG20B,ENSG00000064961,31022
907,CALCRL,ENSG00000064989,5298
908,TAF11,ENSG00000064995,11825
909,ANKS1A,ENSG00000064999,11826
910,AP3D1,ENSG00000065000,30962
911,ZNF76,ENSG00000065029,11831
913,NTHL1,ENSG00000065057,26575
915,GNAI3,ENSG00000065135,1620
916,IPO5,ENSG00000065150,23495
917,OAT,ENSG00000065154,18789
918,WDR3,ENSG00000065183,1775
919,PKN2,ENSG00000065243,1427
920,WDR18,ENSG00000065268,30899
921,TRAM2,ENSG00000065308,12083
922,NTN1,ENSG00000065320,28393
923,GLP2R,ENSG00000065325,28410
924,MCM10,ENSG00000065328,17672
925,DGKA,ENSG00000065357,21888
926,ERBB3,ENSG00000065361,21899
927,ROPN1,ENSG00000065371,7041
928,ANKRD44,ENSG00000065413,5368
930,ADAT1,ENSG00000065457,27792
931,PDIA5,ENSG00000065485,7030
932,TBC1D22B,ENSG00000065491,11877
933,NDUFB4,ENSG00000065518,6995
934,SPEN,ENSG00000065526,370
935,MYLK,ENSG00000065534,7037
936,ZC3H15,ENSG00000065548,5292
937,MAP2K4,ENSG00000065559,28441
938,PACC1,ENSG00000065600,2938
939,SNAP91,ENSG00000065609,12260
940,SLK,ENSG00000065613,18612
941,CYB5R4,ENSG00000065615,12264
942,COL17A1,ENSG00000065618,18613
943,GSTO2,ENSG00000065621,18617
944,SEC61A2,ENSG00000065665,17663
945,PRKCQ,ENSG00000065675,17614
946,TLE2,ENSG00000065717,31001
947,ASB1,ENSG00000065802,5866
948,FAM107B,ENSG00000065809,17689
949,ME1,ENSG00000065833,12258
950,TBC1D1,ENSG00000065882,8185
951,CDK13,ENSG00000065883,13466
952,MTHFD2,ENSG00000065911,4227
953,SLC9A7,ENSG00000065923,35588
954,FOXJ2,ENSG00000065970,21161
955,YBX1,ENSG00000065978,920
956,PDE4A,ENSG00000065989,31279
957,PPP2R5A,ENSG00000066027,2934
958,CTNNA2,ENSG00000066032,4295
959,ELAVL1,ENSG00000066044,31190
960,TIE1,ENSG00000066056,938
961,DIP2B,ENSG00000066084,21700
962,SMARCD1,ENSG00000066117,21690
963,KDM4A,ENSG00000066135,951
964,NFYC,ENSG00000066136,891
965,ZMYND12,ENSG00000066185,914
966,SLC9A3,ENSG00000066230,9388
967,NGEF,ENSG00000066248,5789
968,ASPM,ENSG00000066279,2693
969,CD84,ENSG00000066294,2302
970,ELOVL1,ENSG00000066322,943
971,SPI1,ENSG00000066336,19615
973,MPPED2,ENSG00000066382,19434
974,CLDN18,ENSG00000066405,7206
975,ZBTB11,ENSG00000066422,6841
976,ATXN3,ENSG00000066427,24726
977,GOLGA5,ENSG00000066455,24734
978,FGFR2,ENSG00000066468,18751
979,LRRC40,ENSG00000066557,1282
980,ISOC1,ENSG00000066583,10422
981,EML1,ENSG00000066629,24843
982,TRMT11,ENSG00000066651,12548
983,THUMPD1,ENSG00000066654,26946
984,MSANTD3,ENSG00000066697,16947
985,KIF26A,ENSG00000066735,24941
986,ATG2B,ENSG00000066739,24802
987,ARFGEF1,ENSG00000066777,15450
988,ACSM2B,ENSG00000066813,26942
989,ZFAT,ENSG00000066827,16015
990,MTFR1,ENSG00000066855,15427
991,STAG3,ENSG00000066923,13960
992,FECH,ENSG00000066926,30610
993,MYO9A,ENSG00000066933,25931
994,DDX3Y,ENSG00000067048,36494
995,PFKP,ENSG00000067057,17550
996,IDI1,ENSG00000067064,17529
997,SP100,ENSG00000067066,5740
998,KLF6,ENSG00000067082,17562
999,PLPP1,ENSG00000067113,9839
1000,NEO1,ENSG00000067141,25955
1001,TRAM1,ENSG00000067167,15472
1002,PHKA1,ENSG00000067177,35842
1003,TNFRSF1A,ENSG00000067182,21085
1004,CACNB1,ENSG00000067191,28995
1005,EVI5,ENSG00000067208,1474
1006,STOML1,ENSG00000067221,25970
1007,PKM,ENSG00000067225,25936
1008,DHX29,ENSG00000067248,9837
1009,DNTTIP2,ENSG00000067334,1487
1010,METTL22,ENSG00000067365,26748
1011,TP53BP1,ENSG00000067369,25512
1012,TRO,ENSG00000067445,35739
1013,RRP15,ENSG00000067533,2988
1014,RHOA,ENSG00000067560,6456
1015,DHX8,ENSG00000067596,29194
1016,PRKCZ,ENSG00000067606,94
1017,ZFY,ENSG00000067646,36452
1018,IARS2,ENSG00000067704,3005
1019,SYT1,ENSG00000067715,22185
1020,NAV3,ENSG00000067798,22176
1021,IDH3G,ENSG00000067829,36377
1022,ROGDI,ENSG00000067836,26719
1023,PDZD4,ENSG00000067840,36379
1024,ATP2B3,ENSG00000067842,36367
1025,ROCK1,ENSG00000067900,30302
1026,CBFB,ENSG00000067955,27577
1027,PDK3,ENSG00000067992,35471
1028,HYAL2,ENSG00000068001,6497
1029,HDAC4,ENSG00000068024,5875
1030,RASSF1,ENSG00000068028,6499
1031,FGFR3,ENSG00000068078,7898
1032,IFI35,ENSG00000068079,29182
1033,HEATR6,ENSG00000068097,29560
1034,COASY,ENSG00000068120,29152
1035,PLEKHH3,ENSG00000068137,29159
1036,MEF2A,ENSG00000068305,26388
1037,OTUD5,ENSG00000068308,35645
1038,TFE3,ENSG00000068323,35648
1039,TBC1D25,ENSG00000068354,35628
1040,ACSL4,ENSG00000068366,36042
1041,INPP5A,ENSG00000068383,18875
1042,GPKOW,ENSG00000068394,35652
1043,GRIPAP1,ENSG00000068400,35647
1044,FTSJ1,ENSG00000068438,35624
1045,PRR11,ENSG00000068489,29542
1046,REEP1,ENSG00000068615,4346
1047,ATP11A,ENSG00000068650,23642
1048,POLR1A,ENSG00000068654,4341
1049,LAPTM4A,ENSG00000068697,3633
1050,TTC7A,ENSG00000068724,3956
1051,IP6K2,ENSG00000068745,6430
1052,STON1-GTF2A1L,ENSG00000068781,3976
1053,SRBD1,ENSG00000068784,3935
1055,KIF2A,ENSG00000068796,9895
1056,RASGRP2,ENSG00000068831,19959
1057,PSME4,ENSG00000068878,3998
1058,IFT80,ENSG00000068885,7445
1059,SIRT2,ENSG00000068903,32020
1060,ERLEC1,ENSG00000068912,3996
1061,PPP2R5B,ENSG00000068971,19969
1062,PYGM,ENSG00000068976,19960
1063,PAGE1,ENSG00000068985,35678
1064,PITX1,ENSG00000069011,10504
1065,TRPC7,ENSG00000069018,10530
1066,MAST4,ENSG00000069020,9928
1067,ADGRF5,ENSG00000069122,12039
1068,SDK2,ENSG00000069188,29734
1069,ADAM7,ENSG00000069206,15032
1070,NUP133,ENSG00000069248,3147
1071,NUCKS1,ENSG00000069275,2830
1072,VPS35,ENSG00000069329,27300
1073,DNAJA2,ENSG00000069345,27306
1074,BCL3,ENSG00000069399,32232
1075,KCNAB2,ENSG00000069424,168
1076,ABCC9,ENSG00000069431,21371
1077,GAL,ENSG00000069482,20137
1078,CLEC2D,ENSG00000069493,21205
1079,FUNDC1,ENSG00000069509,35572
1080,MAOB,ENSG00000069535,35568
1081,RORA,ENSG00000069667,25759
1082,DRD4,ENSG00000069696,18952
1083,TGFBR3,ENSG00000069702,1464
1085,PLA2G10,ENSG00000069764,26849
1086,HES2,ENSG00000069812,179
1087,ATP1B3,ENSG00000069849,7257
1088,NEDD4,ENSG00000069869,25695
1089,PIGB,ENSG00000069943,25685
1090,MAPK6,ENSG00000069956,25654
1091,GNB5,ENSG00000069966,25661
1092,RAB27A,ENSG00000069974,25682
1093,HDHD5,ENSG00000069998,34432
1094,UFD1,ENSG00000070010,34490
1095,LRP6,ENSG00000070018,21271
1096,GUCY2C,ENSG00000070019,21306
1097,SCT,ENSG00000070031,18951
1098,PHRF1,ENSG00000070047,18948
1099,ELP1,ENSG00000070061,17004
1100,NUCB2,ENSG00000070081,19316
1101,PFN2,ENSG00000070087,7331
1102,PTPN3,ENSG00000070159,17010
1103,SPTB,ENSG00000070182,24397
1104,DAPP1,ENSG00000070190,8684
1105,FGF10,ENSG00000070193,9780
1106,SLC44A1,ENSG00000070214,16982
1107,TMEM260,ENSG00000070269,24301
1108,SMG6,ENSG00000070366,28143
1109,EXOC5,ENSG00000070367,24311
1110,CLTCL1,ENSG00000070371,34483
1111,FGF22,ENSG00000070388,30878
1112,FSTL3,ENSG00000070404,30881
1113,DGCR2,ENSG00000070413,34473
1114,RNF126,ENSG00000070423,30879
1115,MNT,ENSG00000070444,28153
1116,ZXDC,ENSG00000070476,7074
1117,JMJD6,ENSG00000070495,29856
1118,POLB,ENSG00000070501,15245
1119,ST6GALNAC1,ENSG00000070526,29852
1120,WIPI1,ENSG00000070540,29687
1121,FRMPD1,ENSG00000070601,16552
1122,GBA2,ENSG00000070610,16514
1123,NDST1,ENSG00000070614,10805
1124,ASNS,ENSG00000070669,13903
1125,AP3M2,ENSG00000070718,15241
1126,CNGB1,ENSG00000070729,27497
1127,ST6GALNAC2,ENSG00000070731,29849
1128,CHAT,ENSG00000070748,18006
1129,PABPC1,ENSG00000070756,15749
1130,TESK2,ENSG00000070759,989
1131,CFAP20,ENSG00000070761,27502
1132,CSNK2A2,ENSG00000070770,27505
1133,PTPN21,ENSG00000070778,24676
1134,EIF2B3,ENSG00000070785,981
1135,CAMK2A,ENSG00000070808,10798
1136,TCOF1,ENSG00000070814,10800
1137,CDC42,ENSG00000070831,492
1138,OSBPL3,ENSG00000070882,13270
1139,EPHA8,ENSG00000070886,499
1140,SLC12A3,ENSG00000070915,27463
1141,RAD18,ENSG00000070950,6005
1142,ATP2B1,ENSG00000070961,22248
1143,TRPM5,ENSG00000070985,19032
1144,NCK2,ENSG00000071051,4637
1145,MAP4K4,ENSG00000071054,4583
1146,MGAT4A,ENSG00000071073,4542
1147,RPL31,ENSG00000071082,4573
1148,WDR1,ENSG00000071127,8031
1149,SNX13,ENSG00000071189,13211
1150,MS4A12,ENSG00000071203,19794
1151,ARHGAP10,ENSG00000071205,9032
1152,RPS6KA2,ENSG00000071242,12928
1153,ING3,ENSG00000071243,14174
1154,VASH1,ENSG00000071246,24579
1155,LMCD1,ENSG00000071282,6000
1156,BUD23,ENSG00000071462,13714
1157,SEL1L,ENSG00000071537,24636
1158,TRIP13,ENSG00000071539,9399
1159,ATP6AP1,ENSG00000071553,36406
1160,TCF3,ENSG00000071564,30940
1161,TRIB2,ENSG00000071575,3577
1162,DAZAP1,ENSG00000071626,30926
1163,MBD3,ENSG00000071655,30938
1164,PRLH,ENSG00000071677,5845
1165,HLTF,ENSG00000071794,7314
1166,FAM50A,ENSG00000071859,36408
1167,FAM3A,ENSG00000071889,36413
1168,CPSF1,ENSG00000071894,16161
1169,MYO3B,ENSG00000071909,5132
1170,CYBRD1,ENSG00000071967,5148
1171,CDH19,ENSG00000071991,30702
1172,PDCD2,ENSG00000071994,13010
1173,SLC6A15,ENSG00000072041,22219
1174,RDH11,ENSG00000072042,24429
1175,PRKACA,ENSG00000072062,31428
1176,ADGRL1,ENSG00000072071,31432
1177,SPP2,ENSG00000072080,5813
1178,ACTN1,ENSG00000072110,24440
1179,ZFYVE26,ENSG00000072121,24431
1180,RPS6KA6,ENSG00000072133,35900
1181,EPN2,ENSG00000072134,28589
1182,PTPN18,ENSG00000072135,4866
1183,LIMS2,ENSG00000072163,4840
1184,ASIC4,ENSG00000072182,5654
1185,SPEG,ENSG00000072195,5649
1186,LNX1,ENSG00000072201,8312
1187,ALDH3A2,ENSG00000072210,28604
1188,TFRC,ENSG00000072274,7791
1189,SREBF1,ENSG00000072310,28544
1190,TRPC5,ENSG00000072315,36055
1191,AFF4,ENSG00000072364,10468
1192,UBE2D1,ENSG00000072401,18051
1194,RHOBTB1,ENSG00000072422,18069
1196,SMC1A,ENSG00000072501,35726
1197,HSD17B10,ENSG00000072506,35728
1198,MARK2,ENSG00000072518,19917
1199,HMMR,ENSG00000072571,10930
1200,CHFR,ENSG00000072609,22889
1201,TRHDE,ENSG00000072657,22134
1202,P4HA2,ENSG00000072682,10444
1203,FCGR2B,ENSG00000072694,2347
1204,NFATC3,ENSG00000072736,27635
1205,TRNT1,ENSG00000072756,5968
1206,ACADVL,ENSG00000072778,28299
1207,STK10,ENSG00000072786,10990
1208,FBXW11,ENSG00000072803,10989
1209,ACAP1,ENSG00000072818,28312
1210,CRMP1,ENSG00000072832,7952
1211,EVC,ENSG00000072840,7951
1212,DERL2,ENSG00000072849,28263
1213,SIDT1,ENSG00000072858,6927
1214,NDE1,ENSG00000072864,26868
1216,TMEM38A,ENSG00000072954,31523
1217,AP1M1,ENSG00000072958,31502
1218,PVR,ENSG00000073008,32229
1220,XRCC1,ENSG00000073050,32181
1221,SCARB1,ENSG00000073060,22761
1222,CYP2W1,ENSG00000073067,13043
1223,MCM2,ENSG00000073111,7092
1224,MOV10L1,ENSG00000073146,35257
1225,PANX2,ENSG00000073150,35259
1226,SELENOO,ENSG00000073169,35263
1227,TP63,ENSG00000073282,7711
1228,ALPK1,ENSG00000073331,8788
1229,LLGL2,ENSG00000073350,29802
1230,PDE8A,ENSG00000073417,26190
1231,CLCN4,ENSG00000073464,35363
1232,NLE1,ENSG00000073536,28871
1233,SDHA,ENSG00000073578,9381
1234,SMARCE1,ENSG00000073584,29041
1235,FNDC8,ENSG00000073598,28870
1236,GSDMB,ENSG00000073605,29015
1237,KDM5A,ENSG00000073614,20986
1238,ADAM11,ENSG00000073670,29242
1239,PPP2R3A,ENSG00000073711,7190
1240,FERMT2,ENSG00000073712,24261
1241,ABCB11,ENSG00000073734,5118
1242,DHRS9,ENSG00000073737,5119
1243,CD5L,ENSG00000073754,2230
1244,PTGS2,ENSG00000073756,2640
1245,IGF2BP2,ENSG00000073792,7662
1246,MAP3K13,ENSG00000073803,7657
1247,ST6GAL1,ENSG00000073849,7686
1248,TBX21,ENSG00000073861,29317
1249,FRY,ENSG00000073910,23059
1250,PICALM,ENSG00000073921,20396
1251,NSF,ENSG00000073969,29295
1252,GLI2,ENSG00000074047,4797
1253,CLASP1,ENSG00000074054,4802
1254,MRPS34,ENSG00000074071,26547
1255,NOTCH3,ENSG00000074181,31464
1256,CLNS1A,ENSG00000074201,20332
1257,PPP2R2C,ENSG00000074211,7960
1258,TEAD2,ENSG00000074219,32434
1259,EED,ENSG00000074266,20398
1260,CDHR2,ENSG00000074276,11061
1261,SNCB,ENSG00000074317,11063
1262,TSG101,ENSG00000074319,19345
1263,NCBP3,ENSG00000074356,28193
1264,ATP2A3,ENSG00000074370,28196
1265,CA12,ENSG00000074410,25798
1266,MGLL,ENSG00000074416,7096
1267,NTN4,ENSG00000074527,22312
1268,BCS1L,ENSG00000074582,5607
1269,NUAK1,ENSG00000074590,22422
1270,DPP8,ENSG00000074603,25843
1271,SLC24A1,ENSG00000074621,25846
1272,ZNF532,ENSG00000074657,30635
1273,SCARF1,ENSG00000074660,28121
1274,LMAN1,ENSG00000074695,30641
1275,HACD3,ENSG00000074696,25844
1276,IPCEF1,ENSG00000074706,12808
1277,ZZEF1,ENSG00000074755,28198
1278,NOX3,ENSG00000074771,12818
1279,ENO1,ENSG00000074800,219
1280,SLC12A1,ENSG00000074803,25588
1281,MYDGF,ENSG00000074842,31072
1282,ANO8,ENSG00000074855,31548
1283,TUBE1,ENSG00000074935,12452
1284,ARHGEF10L,ENSG00000074964,417
1285,TXK,ENSG00000074966,8284
1286,WSCD2,ENSG00000075035,22448
1287,KCNQ2,ENSG00000075043,33799
1288,TACR2,ENSG00000075073,18129
1289,ACTR6,ENSG00000075089,22350
1290,TIPIN,ENSG00000075131,25855
1291,SRI,ENSG00000075142,13822
1292,EIF4G3,ENSG00000075151,475
1293,NUP37,ENSG00000075188,22375
1294,SEMA3A,ENSG00000075213,13801
1295,GTSE1,ENSG00000075218,35207
1296,SEMA3C,ENSG00000075223,13793
1297,TTC38,ENSG00000075234,35205
1298,ACAT1,ENSG00000075239,20560
1299,GRAMD4,ENSG00000075240,35211
1300,CELSR1,ENSG00000075275,35209
1301,WNT8B,ENSG00000075290,18525
1302,ZNF638,ENSG00000075292,4187
1303,SLC25A40,ENSG00000075303,13819
1304,TIMM21,ENSG00000075336,30752
1305,ADD2,ENSG00000075340,4168
1306,FGF4,ENSG00000075388,20164
1307,RASAL2,ENSG00000075391,2532
1308,VPS9D1,ENSG00000075399,28061
1309,ZNF37A,ENSG00000075407,17894
1310,MARK3,ENSG00000075413,24917
1311,SLC25A3,ENSG00000075415,22340
1312,FNDC3B,ENSG00000075420,7527
1313,FOSL2,ENSG00000075426,3765
1314,CACNG5,ENSG00000075429,29657
1315,CACNG4,ENSG00000075461,29658
1316,FRYL,ENSG00000075539,8289
1317,TMEM131,ENSG00000075568,4534
1318,FSCN1,ENSG00000075618,13113
1319,ACTB,ENSG00000075624,13111
1320,MOCOS,ENSG00000075643,30455
1321,PLD1,ENSG00000075651,7522
1322,ATP12A,ENSG00000075673,22974
1323,WDR62,ENSG00000075702,31917
1324,DLG1,ENSG00000075711,7822
1325,RAB7A,ENSG00000075785,7111
1326,BCAP29,ENSG00000075790,14089
1327,SEC31B,ENSG00000075826,18526
1328,SART3,ENSG00000075856,22452
1329,ARHGAP15,ENSG00000075884,4949
1330,TUBA3D,ENSG00000075886,4888
1331,PAX2,ENSG00000075891,18529
1332,EXOSC7,ENSG00000075914,6357
1333,KIFAP3,ENSG00000075945,2452
1334,MKRN2,ENSG00000075975,6072
1335,MCM6,ENSG00000076003,4925
1336,REXO2,ENSG00000076043,20649
1337,RBM7,ENSG00000076053,20648
1338,RBMS2,ENSG00000076067,21931
1339,BAZ2A,ENSG00000076108,21932
1340,PTPN23,ENSG00000076201,6399
1341,MLH1,ENSG00000076242,6236
1342,UNG,ENSG00000076248,22466
1343,FMO4,ENSG00000076258,2469
1344,KLHL20,ENSG00000076321,2494
1345,RGS11,ENSG00000076344,26447
1346,SLC46A1,ENSG00000076351,28686
1347,PLXNA2,ENSG00000076356,2882
1348,SPAG5,ENSG00000076382,28695
1349,ANKRD13A,ENSG00000076513,22485
1350,TPD52,ENSG00000076554,15552
1351,ACACB,ENSG00000076555,22468
1352,TRAF4,ENSG00000076604,28713
1353,PAG1,ENSG00000076641,15561
1354,GPATCH1,ENSG00000076650,31800
1355,ICAM3,ENSG00000076662,31276
1356,NT5C2,ENSG00000076685,18591
1357,MCAM,ENSG00000076706,20752
1358,GPC4,ENSG00000076716,36189
1359,MBNL3,ENSG00000076770,36184
1360,CAMSAP3,ENSG00000076826,31163
1361,RAP1GAP,ENSG00000076864,484
1362,XAB2,ENSG00000076924,31164
1363,ARHGEF1,ENSG00000076928,32135
1364,STXBP2,ENSG00000076944,31168
1365,MAP2K7,ENSG00000076984,31181
1366,NMRK2,ENSG00000077009,31038
1367,DGKD,ENSG00000077044,5796
1368,CTTNBP2,ENSG00000077063,14163
1369,ACTL6B,ENSG00000077080,13985
1370,RARB,ENSG00000077092,6171
1371,TOP2B,ENSG00000077097,6172
1372,TM9SF3,ENSG00000077147,18463
1373,NFKB2,ENSG00000077150,18569
1374,UBE2T,ENSG00000077152,2759
1375,PPP1R12B,ENSG00000077157,2760
1376,DNAJC10,ENSG00000077232,5270
1377,GTF3C1,ENSG00000077235,27050
1378,IL4R,ENSG00000077238,27047
1379,USP33,ENSG00000077254,1342
1380,PAK3,ENSG00000077264,36049
1381,CAPN6,ENSG00000077274,36050
1382,DCX,ENSG00000077279,36051
1383,SNRPA,ENSG00000077312,32090
1384,SPAG6,ENSG00000077327,17764
1385,EXOSC5,ENSG00000077348,32112
1386,DYNC1I2,ENSG00000077380,5149
1387,APBB1IP,ENSG00000077420,17793
1388,LRCH4,ENSG00000077454,13979
1389,FAM76B,ENSG00000077458,20482
1390,SIRT6,ENSG00000077463,31046
1391,TYR,ENSG00000077498,20421
1392,POLD3,ENSG00000077514,20273
1393,ACTN2,ENSG00000077522,3254
1394,CAPZB,ENSG00000077549,438
1395,GPR137B,ENSG00000077585,3246
1396,NAALAD2,ENSG00000077616,20434
1397,JADE1,ENSG00000077684,8894
1398,SLC25A43,ENSG00000077713,36088
1399,UBE2A,ENSG00000077721,36093
1400,FGFR1,ENSG00000077782,15193
1401,FKBP6,ENSG00000077800,13705
1403,SMC1B,ENSG00000077935,35183
1404,FBLN1,ENSG00000077942,35186
1405,ITGA8,ENSG00000077943,17705
1406,CST7,ENSG00000077984,33201
1407,MAP2,ENSG00000078018,5509
1408,PIAS2,ENSG00000078043,30512
1409,AMPH,ENSG00000078053,13453
1410,ARAF,ENSG00000078061,35603
1411,MCCC1,ENSG00000078070,7608
1412,LAMP3,ENSG00000078081,7610
1413,FAP,ENSG00000078098,5082
1414,NEBL,ENSG00000078114,17745
1415,ACER3,ENSG00000078124,20323
1416,UBE2K,ENSG00000078140,8215
1417,PIK3C3,ENSG00000078142,30478
1418,N4BP2,ENSG00000078177,8217
1419,TIGAR,ENSG00000078237,21053
1420,TULP3,ENSG00000078246,21033
1421,SYNJ2,ENSG00000078269,12835
1422,ADCY2,ENSG00000078295,9487
1423,PPP2R5C,ENSG00000078304,24888
1424,RBFOX1,ENSG00000078328,26733
1425,GNB1,ENSG00000078369,86
1426,HOXA9,ENSG00000078399,13306
1427,EDN1,ENSG00000078401,11347
1428,MLLT10,ENSG00000078403,17751
1429,ZCWPW1,ENSG00000078487,13967
1430,ADCYAP1R1,ENSG00000078549,13366
1431,FGF20,ENSG00000078579,14914
1432,P2RY10,ENSG00000078589,35888
1433,ITM2A,ENSG00000078596,35890
1434,NRDC,ENSG00000078618,1077
1435,VDAC3,ENSG00000078668,15247
1436,PCM1,ENSG00000078674,14932
1437,TNRC6C,ENSG00000078687,29882
1438,CBFA2T2,ENSG00000078699,33302
1439,BRINP1,ENSG00000078725,17099
1440,ITCH,ENSG00000078747,33323
1441,PKD2L2,ENSG00000078795,10542
1442,TP53INP2,ENSG00000078804,33331
1443,SDF4,ENSG00000078808,44
1444,MYH7B,ENSG00000078814,33336
1445,BPIFB2,ENSG00000078898,33291
1446,TP73,ENSG00000078900,138
1447,TOLLIP,ENSG00000078902,18983
1448,UBE2D4,ENSG00000078967,13492
1449,CLUL1,ENSG00000079101,30084
1450,RUNX1T1,ENSG00000079102,15646
1451,CDH17,ENSG00000079112,15673
1452,THOC1,ENSG00000079134,30077
1453,FKBP7,ENSG00000079150,5236
1454,OSBPL6,ENSG00000079156,5232
1455,SLC1A3,ENSG00000079215,9696
1456,XRCC5,ENSG00000079246,5557
1457,LXN,ENSG00000079257,7428
1458,SP140,ENSG00000079263,5738
1459,MKNK1,ENSG00000079277,1018
1460,TNS1,ENSG00000079308,5584
1461,REXO1,ENSG00000079313,30944
1462,SAR1A,ENSG00000079332,18141
1463,CDC14A,ENSG00000079335,1546
1464,RAPGEF3,ENSG00000079337,21597
1465,CEACAM1,ENSG00000079385,32158
1466,SENP1,ENSG00000079387,21614
1468,CIC,ENSG00000079432,32148
1469,LIPE,ENSG00000079435,32155
1470,FDFT1,ENSG00000079459,14873
1471,PAFAH1B3,ENSG00000079462,32149
1472,OPHN1,ENSG00000079482,35788
1473,AFM,ENSG00000079557,8464
1474,KIF22,ENSG00000079616,27108
1475,SCGN,ENSG00000079689,11454
1476,CARMIL1,ENSG00000079691,11452
1477,PGM1,ENSG00000079739,1230
1478,DDX1,ENSG00000079785,3589
1479,DNM2,ENSG00000079805,31291
1480,EPB41L2,ENSG00000079819,12573
1481,RIMS1,ENSG00000079841,12180
1482,MOXD1,ENSG00000079931,12586
1483,STX7,ENSG00000079950,12587
1484,RABL2B,ENSG00000079974,35299
1485,KEAP1,ENSG00000079999,31280
1486,DDX43,ENSG00000080007,12192
1487,PTPRH,ENSG00000080031,32707
1488,DCT,ENSG00000080166,23466
1489,SLC35C2,ENSG00000080189,33537
1490,CRYBG3,ENSG00000080200,6794
1491,EPHA6,ENSG00000080224,6790
1492,SCTR,ENSG00000080293,4783
1493,RFX3,ENSG00000080298,16228
1494,RIF1,ENSG00000080345,5003
1495,RAB21,ENSG00000080371,22129
1496,SLC4A4,ENSG00000080493,8453
1497,SMARCA2,ENSG00000080503,16219
1498,RDH8,ENSG00000080511,31256
1499,SESN1,ENSG00000080546,12412
1500,MID2,ENSG00000080561,36028
1502,COL5A3,ENSG00000080573,31254
1503,SRCAP,ENSG00000080603,27172
1504,PUM3,ENSG00000080608,16226
1505,CPB2,ENSG00000080618,23193
1506,CHRNA3,ENSG00000080644,26082
1507,KCNN2,ENSG00000080709,10306
1508,CNOT4,ENSG00000080802,14328
1509,PSEN1,ENSG00000080815,24496
1510,CPOX,ENSG00000080819,6815
1511,CLDND1,ENSG00000080822,6811
1512,MOK,ENSG00000080823,24896
1513,HSP90AA1,ENSG00000080824,24894
1514,RBL1,ENSG00000080839,33381
1515,DLGAP4,ENSG00000080845,33370
1516,IGSF9B,ENSG00000080854,20950
1517,CFHR2,ENSG00000080910,2690
1518,NDC80,ENSG00000080986,30110
1519,AP4E1,ENSG00000081014,25631
1520,RSBN1,ENSG00000081019,1715
1521,MAGI3,ENSG00000081026,1713
1522,CXCL2,ENSG00000081041,8478
1523,AFP,ENSG00000081051,8463
1524,COL4A4,ENSG00000081052,5706
1525,TCF7,ENSG00000081059,10484
1526,OSTM1,ENSG00000081087,12399
1527,CDH7,ENSG00000081138,30699
1528,IMPG2,ENSG00000081148,6837
1529,PCNP,ENSG00000081154,6840
1530,EXD2,ENSG00000081177,24445
1531,ARG2,ENSG00000081181,24426
1532,MEF2C,ENSG00000081189,10143
1533,PTPRC,ENSG00000081237,2705
1534,CACNA1S,ENSG00000081248,2728
1535,PKP1,ENSG00000081277,2733
1536,UBA5,ENSG00000081307,7163
1537,STK17B,ENSG00000081320,5359
1538,CDC14B,ENSG00000081377,16893
1539,ZNF510,ENSG00000081386,16896
1540,LRP2,ENSG00000081479,5121
1541,ZNF506,ENSG00000081665,31650
1542,JMJD4,ENSG00000081692,3106
1543,DUSP12,ENSG00000081721,2351
1544,AACS,ENSG00000081760,22767
1545,DELE1,ENSG00000081791,10701
1546,SLC13A1,ENSG00000081800,14191
1547,CADPS2,ENSG00000081803,14185
1548,PCDHB4,ENSG00000081818,10643
1549,PCDHA6,ENSG00000081842,10621
1550,PCDHGA2,ENSG00000081853,10665
1552,PHLPP1,ENSG00000081913,30671
1553,ATP8B1,ENSG00000081923,30615
1554,IL12RB2,ENSG00000081985,1260
1555,SMARCD3,ENSG00000082014,14610
1556,WDR70,ENSG00000082068,9705
1557,FYB1,ENSG00000082074,9727
1558,MPP4,ENSG00000082126,5425
1559,STRADB,ENSG00000082146,5421
1560,BZW1,ENSG00000082153,5405
1561,PGR,ENSG00000082175,20499
1562,C1QTNF3,ENSG00000082196,9670
1563,ME2,ENSG00000082212,30561
1564,C5orf22,ENSG00000082213,9641
1565,CCNT2,ENSG00000082258,4917
1566,FAM135A,ENSG00000082269,12167
1567,COL19A1,ENSG00000082293,12161
1568,EPB41L3,ENSG00000082397,30148
1569,COBLL1,ENSG00000082438,5090
1570,DLG3,ENSG00000082458,35812
1571,KCNK2,ENSG00000082482,2973
1572,SERTAD4,ENSG00000082497,2908
1573,TRAF5,ENSG00000082512,2916
1574,MRPL22,ENSG00000082515,10856
1575,GEMIN5,ENSG00000082516,10855
1576,OPRK1,ENSG00000082556,15314
1577,NFE2L1,ENSG00000082641,29336
1578,SEMA5B,ENSG00000082684,7029
1579,GSK3B,ENSG00000082701,6988
1580,ITGB5,ENSG00000082781,7045
1581,ERC1,ENSG00000082805,20998
1582,XPO1,ENSG00000082898,4057
1583,LINC01587,ENSG00000082929,7949
1584,RNF13,ENSG00000082996,7330
1585,TRPM3,ENSG00000083067,16676
1586,PALB2,ENSG00000083093,27004
1587,DOP1A,ENSG00000083097,12255
1588,LYRM2,ENSG00000083099,12308
1589,BCKDHB,ENSG00000083123,12239
1590,KAT6A,ENSG00000083168,15238
1591,TUT7,ENSG00000083223,16770
1592,ULK2,ENSG00000083290,28610
1593,GRHL2,ENSG00000083307,15765
1594,TNPO1,ENSG00000083312,9987
1595,PLOD1,ENSG00000083444,291
1596,P2RX5,ENSG00000083454,28188
1597,ITGAE,ENSG00000083457,28189
1598,DIS3,ENSG00000083520,23344
1599,PIBF1,ENSG00000083535,23345
1600,TDRD3,ENSG00000083544,23304
1601,NUFIP1,ENSG00000083635,23175
1602,PDS5B,ENSG00000083642,23066
1603,OXCT1,ENSG00000083720,9746
1604,RRAGB,ENSG00000083750,35752
1605,EPYC,ENSG00000083782,22260
1606,CYLD,ENSG00000083799,27363
1607,SLC27A5,ENSG00000083807,32871
1608,ZNF324,ENSG00000083812,32868
1609,ZNF671,ENSG00000083814,32825
1610,ZNF416,ENSG00000083817,32816
1611,ZNF586,ENSG00000083828,32827
1612,ZNF446,ENSG00000083838,32869
1613,ZNF264,ENSG00000083844,32793
1614,RPS5,ENSG00000083845,32859
1615,FAT1,ENSG00000083857,9342
1616,YTHDC1,ENSG00000083896,8412
1617,CHMP2B,ENSG00000083937,6771
1618,SMAP2,ENSG00000084070,876
1619,PPIE,ENSG00000084072,858
1620,ZMPSTE24,ENSG00000084073,874
1621,STARD7,ENSG00000084090,4489
1622,NOA1,ENSG00000084092,8361
1623,REST,ENSG00000084093,8359
1624,HAL,ENSG00000084110,22318
1625,SSH1,ENSG00000084112,22459
1626,GSTP1,ENSG00000084207,20114
1627,APLP2,ENSG00000084234,20922
1628,FAM234B,ENSG00000084444,21292
1629,SLCO1A2,ENSG00000084453,21360
1630,WBP11,ENSG00000084463,21311
1631,EIF3I,ENSG00000084623,722
1632,NKAIN1,ENSG00000084628,689
1633,COL16A1,ENSG00000084636,702
1634,TXLNA,ENSG00000084652,716
1635,APOB,ENSG00000084674,3649
1636,NCOA1,ENSG00000084676,3683
1637,AGBL5,ENSG00000084693,3720
1638,EFR3B,ENSG00000084710,3691
1639,KIF3C,ENSG00000084731,3699
1640,RAB10,ENSG00000084733,3700
1641,GCKR,ENSG00000084734,3752
1642,HADHA,ENSG00000084754,3702
1643,MAPRE3,ENSG00000084764,3717
1644,CAD,ENSG00000084774,3735
1645,CD59,ENSG00000085063,19467
1646,CD82,ENSG00000085117,19548
1647,BCORL1,ENSG00000085185,36162
1648,ATRX,ENSG00000085224,35878
1649,AK6,ENSG00000085231,9956
1650,FCN1,ENSG00000085265,17393
1651,MYNN,ENSG00000085274,7493
1652,MECOM,ENSG00000085276,7487
1653,SCAMP1,ENSG00000085365,10055
1654,PREP,ENSG00000085377,12374
1655,HACE1,ENSG00000085382,12367
1656,SEH1L,ENSG00000085415,30262
1657,WDR47,ENSG00000085433,1601
1658,WDFY1,ENSG00000085449,5690
1659,OVGP1,ENSG00000085465,1676
1660,SLC25A24,ENSG00000085491,1584
1661,MAP3K4,ENSG00000085511,12887
1662,PILRA,ENSG00000085514,13965
1663,IGSF9,ENSG00000085552,2280
1664,ABCB1,ENSG00000085563,13817
1665,ZNF213,ENSG00000085644,26657
1666,AKR1B1,ENSG00000085662,14313
1667,CPNE3,ENSG00000085719,15612
1668,RRN3,ENSG00000085721,26861
1669,CTTN,ENSG00000085733,20183
1670,WNT11,ENSG00000085741,20306
1671,MTIF2,ENSG00000085760,4014
1672,DDHD2,ENSG00000085788,15186
1673,TTC39A,ENSG00000085831,1071
1674,EPS15,ENSG00000085832,1073
1675,ORC1,ENSG00000085840,1090
1676,MGST2,ENSG00000085871,8960
1677,CHERP,ENSG00000085872,31510
1678,ATG16L1,ENSG00000085978,5793
1679,USP40,ENSG00000085982,5797
1680,POMGNT1,ENSG00000085998,1006
1681,RAD54L,ENSG00000085999,1008
1682,MAST2,ENSG00000086015,1000
1683,DNAJA1,ENSG00000086061,16426
1684,B4GALT1,ENSG00000086062,16428
1685,CHMP5,ENSG00000086065,16432
1686,NFX1,ENSG00000086102,16433
1687,AQP6,ENSG00000086159,21687
1688,DIMT1,ENSG00000086189,9896
1689,IPO11,ENSG00000086200,9897
1690,FOLH1,ENSG00000086205,19644
1691,EIF2AK1,ENSG00000086232,13121
1692,NME8,ENSG00000086288,13427
1693,EPDR1,ENSG00000086289,13426
1694,SNX10,ENSG00000086300,13287
1695,SEPHS1,ENSG00000086475,17675
1696,MRPL28,ENSG00000086504,26451
1697,HBQ1,ENSG00000086506,26443
1698,ITPKC,ENSG00000086544,32088
1699,CEACAM6,ENSG00000086548,32127
1700,FAT2,ENSG00000086570,10825
1701,RBM22,ENSG00000086589,10811
1702,TMED2,ENSG00000086598,22738
1703,ERO1B,ENSG00000086619,3247
1704,ZFAND6,ENSG00000086666,26103
1705,HSD17B2,ENSG00000086696,27873
1706,TXLNG,ENSG00000086712,35416
1707,PPEF1,ENSG00000086717,35429
1708,LAT2,ENSG00000086730,13726
1709,HUWE1,ENSG00000086758,35730
1710,ZW10,ENSG00000086827,20635
1711,ALG9,ENSG00000086848,20597
1712,MYBPC2,ENSG00000086967,32492
1713,NOX4,ENSG00000086991,20422
1714,ACOX3,ENSG00000087008,7992
1715,MTMR2,ENSG00000087053,20484
1716,PPP1R15A,ENSG00000087074,32402
1717,HSD17B14,ENSG00000087076,32400
1718,TRIP6,ENSG00000087077,13994
1719,ACHE,ENSG00000087085,13997
1720,FTL,ENSG00000087086,32410
1721,SRRT,ENSG00000087087,13995
1722,BAX,ENSG00000087088,32408
1723,NLK,ENSG00000087095,28669
1724,PIGS,ENSG00000087111,28692
1725,ADAMTS2,ENSG00000087116,11129
1726,TMPRSS11E,ENSG00000087128,8413
1727,ATXN7L3,ENSG00000087152,29221
1728,PGS1,ENSG00000087157,29897
1729,PSMC5,ENSG00000087191,29620
1730,UIMC1,ENSG00000087206,11071
1731,CETP,ENSG00000087237,27467
1732,MMP2,ENSG00000087245,27427
1733,MT3,ENSG00000087250,27450
1734,LPCAT2,ENSG00000087253,27430
1735,GNAO1,ENSG00000087258,27438
1736,OGFOD1,ENSG00000087263,27446
1737,SH3BP2,ENSG00000087266,7915
1738,NOP14,ENSG00000087269,7920
1739,ADD1,ENSG00000087274,7916
1740,L2HGDH,ENSG00000087299,24209
1741,TXNDC16,ENSG00000087301,24251
1742,RTRAF,ENSG00000087302,24246
1743,NID2,ENSG00000087303,24247
1744,GMCL1,ENSG00000087338,4151
1745,SF3B2,ENSG00000087365,20042
1746,KLHL42,ENSG00000087448,21445
1747,GNAS,ENSG00000087460,33700
1748,DNM1L,ENSG00000087470,21499
1749,PTHLH,ENSG00000087494,21447
1750,PHACTR3,ENSG00000087495,33716
1751,ERGIC2,ENSG00000087502,21461
1752,TFAP2C,ENSG00000087510,33662
1753,AURKA,ENSG00000087586,33653
1754,CASS4,ENSG00000087589,33655
1755,PIR,ENSG00000087842,35401
1756,AAMDC,ENSG00000087884,20337
1757,RFX2,ENSG00000087903,31113
1759,METTL2A,ENSG00000087995,29590
1760,SULT2B1,ENSG00000088002,32383
1761,ALG6,ENSG00000088035,1225
1762,CNOT3,ENSG00000088038,32654
1763,GP6,ENSG00000088053,32697
1764,PTPN4,ENSG00000088179,4787
1765,DDX18,ENSG00000088205,4766
1766,KHSRP,ENSG00000088247,31126
1767,GNA11,ENSG00000088256,31004
1768,ASAP3,ENSG00000088280,518
1769,EDEM2,ENSG00000088298,33338
1770,DNMT3B,ENSG00000088305,33285
1771,REM1,ENSG00000088320,33244
1772,TPX2,ENSG00000088325,33257
1773,PDRG1,ENSG00000088356,33262
1774,EPB41L1,ENSG00000088367,33366
1775,SLC15A1,ENSG00000088386,23503
1776,DOCK9,ENSG00000088387,23504
1777,ANKRD10,ENSG00000088448,23616
1778,TGDS,ENSG00000088451,23467
1779,DOCK3,ENSG00000088538,6514
1780,C3orf18,ENSG00000088543,6508
1781,COQ9,ENSG00000088682,27483
1782,TMEM40,ENSG00000088726,6074
1783,KIF9,ENSG00000088727,6396
1784,ARHGAP28,ENSG00000088756,30163
1785,CRLS1,ENSG00000088766,33008
1786,DEFB127,ENSG00000088782,32882
1787,PPP1R13B,ENSG00000088808,24932
1788,ATRN,ENSG00000088812,32958
1789,SMOX,ENSG00000088826,32975
1790,SIGLEC1,ENSG00000088827,32961
1791,FKBP1A,ENSG00000088832,32913
1792,NSFL1C,ENSG00000088833,32914
1793,SLC4A11,ENSG00000088836,32955
1795,ZNF343,ENSG00000088876,32933
1796,EBF4,ENSG00000088881,32938
1797,CPXM1,ENSG00000088882,32939
1798,MAVS,ENSG00000088888,32969
1799,LZTS3,ENSG00000088899,32952
1800,F11,ENSG00000088926,9338
1801,XRN2,ENSG00000088930,33142
1802,KIZ,ENSG00000088970,33138
1803,DYNLL1,ENSG00000088986,22647
1804,TESC,ENSG00000088992,22592
1805,SNX5,ENSG00000089006,33097
1806,RPL6,ENSG00000089009,22524
1807,SIRPG,ENSG00000089012,32918
1808,MAPKAPK5,ENSG00000089022,22515
1809,P2RX7,ENSG00000089041,22669
1810,ESF1,ENSG00000089048,33069
1811,RBBP9,ENSG00000089050,33110
1812,ANAPC5,ENSG00000089053,22674
1813,SLC23A2,ENSG00000089057,32985
1814,SLC8B1,ENSG00000089060,22540
1815,TMEM230,ENSG00000089063,32990
1816,DZANK1,ENSG00000089091,33108
1817,KDM2B,ENSG00000089094,22677
1818,CFAP61,ENSG00000089101,33129
1819,LHX5,ENSG00000089116,22544
1820,TASP1,ENSG00000089123,33068
1821,OAS1,ENSG00000089127,22527
1822,GCN1,ENSG00000089154,22633
1823,RPLP0,ENSG00000089157,22634
1824,PXN,ENSG00000089159,22636
1825,SIRT4,ENSG00000089163,22639
1826,RPH3A,ENSG00000089169,22526
1827,KIF16B,ENSG00000089177,33081
1828,TRMT6,ENSG00000089195,33004
1829,CHGB,ENSG00000089199,33003
1830,PEBP1,ENSG00000089220,22605
1831,TBX5,ENSG00000089225,22553
1832,BRAP,ENSG00000089234,22511
1833,ERP29,ENSG00000089248,22517
1834,NOS1,ENSG00000089250,22595
1835,FUS,ENSG00000089280,27205
1836,IGBP1,ENSG00000089289,35800
1837,FXYD5,ENSG00000089327,31855
1838,ZNF302,ENSG00000089335,31831
1839,GRAMD1A,ENSG00000089351,31844
1840,FXYD3,ENSG00000089356,31851
1841,HEPH,ENSG00000089472,35784
1842,CDIP1,ENSG00000089486,26705
1843,CMTM1,ENSG00000089505,27556
1844,KCNH4,ENSG00000089558,29136
1845,GANAB,ENSG00000089597,19870
1846,GMIP,ENSG00000089639,31643
1847,RBM41,ENSG00000089682,36020
1848,BIRC5,ENSG00000089685,29890
1849,LAG3,ENSG00000089692,21116
1850,MLF2,ENSG00000089693,21114
1851,OTUB2,ENSG00000089723,24754
1852,DDX24,ENSG00000089737,24755
1853,ZBTB25,ENSG00000089775,24389
1854,NECAP1,ENSG00000089818,21163
1855,ARHGAP4,ENSG00000089820,36383
1856,ANKRD24,ENSG00000089847,31047
1857,DHX32,ENSG00000089876,18814
1858,RCOR1,ENSG00000089902,24902
1859,GPATCH2L,ENSG00000089916,24573
1860,LTBP4,ENSG00000090006,32085
1861,BLVRB,ENSG00000090013,32082
1862,SLC9A1,ENSG00000090020,616
1863,SPTLC1,ENSG00000090054,16822
1864,PAPOLA,ENSG00000090060,24806
1865,CCNK,ENSG00000090061,24836
1866,PCBP4,ENSG00000090097,6532
1867,RGS1,ENSG00000090104,2667
1868,YPEL3,ENSG00000090238,27134
1869,MRPS33,ENSG00000090263,14377
1870,NDUFB2,ENSG00000090266,14374
1871,NUDC,ENSG00000090273,611
1872,MAEA,ENSG00000090316,7885
1873,ICAM1,ENSG00000090339,31268
1874,STRN4,ENSG00000090372,32320
1875,IRAK3,ENSG00000090376,22063
1876,LYZ,ENSG00000090382,22096
1877,SI,ENSG00000090402,7465
1878,MUL1,ENSG00000090432,465
1879,TFAP4,ENSG00000090447,26693
1880,PDCD7,ENSG00000090470,25837
1881,SPG21,ENSG00000090487,25829
1882,FETUB,ENSG00000090512,7676
1883,DNAJB11,ENSG00000090520,7673
1884,P3H2,ENSG00000090530,7712
1885,THPO,ENSG00000090534,7642
1886,CHRD,ENSG00000090539,7643
1887,FLT3LG,ENSG00000090554,32444
1888,RAB11FIP3,ENSG00000090565,26456
1889,GNPTG,ENSG00000090581,26521
1890,ZNF268,ENSG00000090612,22900
1891,GOLGA3,ENSG00000090615,22888
1892,PABPC4,ENSG00000090621,852
1893,CD209,ENSG00000090659,31174
1894,CERS4,ENSG00000090661,31195
1895,MCOLN1,ENSG00000090674,31161
1896,USP48,ENSG00000090686,485
1897,EFNB1,ENSG00000090776,35791
1898,PDPR,ENSG00000090857,27684
1900,GLG1,ENSG00000090863,27765
1901,KIF4A,ENSG00000090889,35809
1902,TNRC6A,ENSG00000090905,27018
1904,PLEKHG2,ENSG00000090924,32046
1905,DLL3,ENSG00000090932,32050
1906,NAT14,ENSG00000090971,32731
1907,PITPNM2,ENSG00000090975,22723
1908,EXOC1,ENSG00000090989,8343
1909,RBM27,ENSG00000091009,10735
1910,POU4F3,ENSG00000091010,10737
1911,OSBPL8,ENSG00000091039,22167
1912,DTX2,ENSG00000091073,13760
1913,NLRC4,ENSG00000091106,3808
1914,PUS7,ENSG00000091127,14065
1915,LAMB4,ENSG00000091128,14098
1916,NRCAM,ENSG00000091129,14099
1917,LAMB1,ENSG00000091136,14096
1918,SLC26A4,ENSG00000091137,14091
1919,SLC26A3,ENSG00000091138,14094
1920,DLD,ENSG00000091140,14095
1921,WDR7,ENSG00000091157,30599
1922,TXNL1,ENSG00000091164,30598
1923,IL5RA,ENSG00000091181,5967
1924,ABCC6,ENSG00000091262,26877
1925,CMTM6,ENSG00000091317,6207
1926,ITGA6,ENSG00000091409,5159
1927,RAPGEF4,ENSG00000091428,5165
1928,MAP3K20,ENSG00000091436,5166
1929,SMPX,ENSG00000091482,35449
1930,FH,ENSG00000091483,3285
1931,SEL1L3,ENSG00000091490,8129
1932,TF,ENSG00000091513,7174
1933,CDV3,ENSG00000091527,7172
1934,MYO15A,ENSG00000091536,28551
1935,ALKBH5,ENSG00000091542,28553
1936,APOH,ENSG00000091583,29653
1937,NLRP1,ENSG00000091592,28265
1938,PITPNM3,ENSG00000091622,28274
1939,SPAG7,ENSG00000091640,28236
1940,ORC6,ENSG00000091651,27302
1941,ZFHX4,ENSG00000091656,15529
1942,SLC17A6,ENSG00000091664,19385
1943,CPA1,ENSG00000091704,14276
1944,ZC3HC1,ENSG00000091732,14267
1945,ESR1,ENSG00000091831,12790
1946,RGS17,ENSG00000091844,12804
1947,ANGPT2,ENSG00000091879,14758
1948,TMEM101,ENSG00000091947,29212
1949,CD200,ENSG00000091972,6906
1950,CCDC80,ENSG00000091986,6911
1951,CMA1,ENSG00000092009,24020
1952,PSME1,ENSG00000092010,23985
1953,PPP2R3C,ENSG00000092020,24099
1954,HAUS4,ENSG00000092036,23936
1955,JPH4,ENSG00000092051,23969
1956,MYH7,ENSG00000092054,23960
1957,CEBPE,ENSG00000092067,23946
1958,SLC7A8,ENSG00000092068,23947
1959,OSGEP,ENSG00000092094,23733
1960,SLC22A17,ENSG00000092096,23954
1961,RNF31,ENSG00000092098,23989
1962,SCFD1,ENSG00000092108,24060
1963,G2E3,ENSG00000092140,24059
1964,HECTD1,ENSG00000092148,24066
1965,HNRNPC,ENSG00000092199,23776
1966,RPGRIP1,ENSG00000092200,23777
1967,SUPT16H,ENSG00000092201,23778
1968,TOX4,ENSG00000092203,23782
1969,GEMIN2,ENSG00000092208,24144
1970,TGM1,ENSG00000092295,24003
1971,TINF2,ENSG00000092330,24002
1972,DAZL,ENSG00000092345,6133
1973,TBL1Y,ENSG00000092377,36468
1974,SEMA6A,ENSG00000092421,10333
1975,TRPM7,ENSG00000092439,25626
1976,TYRO3,ENSG00000092445,25463
1977,WDR76,ENSG00000092470,25526
1978,CAPN3,ENSG00000092529,25485
1979,SNAP23,ENSG00000092531,25487
1980,TBX15,ENSG00000092607,1778
1981,PHGDH,ENSG00000092621,1792
1982,COL9A3,ENSG00000092758,33774
1983,EZR,ENSG00000092820,12847
1984,MYL6,ENSG00000092841,21909
1985,AGO1,ENSG00000092847,786
1986,TEKT2,ENSG00000092850,791
1987,CLSPN,ENSG00000092853,783
1988,RFFL,ENSG00000092871,28866
1989,UNC13D,ENSG00000092929,29815
1990,MFSD11,ENSG00000092931,29859
1991,DPYSL2,ENSG00000092964,15056
1992,TGFB2,ENSG00000092969,2990
1993,GPATCH2,ENSG00000092978,2981
1994,NUP50,ENSG00000093000,35177
1995,CDC45,ENSG00000093009,34493
1996,COMT,ENSG00000093010,34504
1997,ADA2,ENSG00000093072,34434
1999,ECHDC1,ENSG00000093144,12553
2000,LRRFIP2,ENSG00000093167,6237
2001,SEC22C,ENSG00000093183,6303
2002,XYLB,ENSG00000093217,6254
2003,HDAC6,ENSG00000094631,35638
2004,OR1I1,ENSG00000094661,31460
2005,GABRP,ENSG00000094755,10980
2006,KRT31,ENSG00000094796,29097
2007,CDC6,ENSG00000094804,29030
2008,UPRT,ENSG00000094841,35870
2009,CDC23,ENSG00000094880,10550
2010,AAAS,ENSG00000094914,21792
2011,CBX5,ENSG00000094916,21834
2012,FMO2,ENSG00000094963,2466
2013,SUCO,ENSG00000094975,2481
2014,MSH2,ENSG00000095002,3965
2015,MAP3K1,ENSG00000095015,9854
2016,DHPS,ENSG00000095059,31362
2017,HOOK2,ENSG00000095066,31372
2018,NXPE1,ENSG00000095110,20650
2019,ARCN1,ENSG00000095139,20718
2020,EPB41L4B,ENSG00000095203,17009
2021,TMEM38B,ENSG00000095209,16987
2022,PSMD5,ENSG00000095261,17107
2023,PTGS1,ENSG00000095303,17128
2024,NUP188,ENSG00000095319,17273
2025,CRAT,ENSG00000095321,17279
2026,SH2D3C,ENSG00000095370,17217
2027,NANS,ENSG00000095380,16921
2028,TBC1D2,ENSG00000095383,16924
2029,WHRN,ENSG00000095397,17069
2030,PDE6C,ENSG00000095464,18424
2031,CWF19L1,ENSG00000095485,18519
2032,SEMA4G,ENSG00000095539,18534
2033,BTAF1,ENSG00000095564,18408
2034,IKZF5,ENSG00000095574,18774
2035,BLNK,ENSG00000095585,18458
2036,TLL2,ENSG00000095587,18462
2037,CYP26A1,ENSG00000095596,18419
2038,TDRD1,ENSG00000095627,18680
2039,SORBS1,ENSG00000095637,18448
2040,CRTAC1,ENSG00000095713,18491
2041,BAMBI,ENSG00000095739,17816
2042,IL11,ENSG00000095752,32720
2043,MYO3A,ENSG00000095777,17791
2044,WAC,ENSG00000095787,17815
2045,CREM,ENSG00000095794,17869
2046,NUBP2,ENSG00000095906,26550
2047,TPSD1,ENSG00000095917,26513
2048,SMIM24,ENSG00000095932,31014
2049,HIVEP1,ENSG00000095951,11346
2050,TREM2,ENSG00000095970,11917
2051,KCNK16,ENSG00000095981,11897
2052,CRISP3,ENSG00000096006,12060
2053,FKBP5,ENSG00000096060,11839
2054,SRPK1,ENSG00000096063,11847
2055,BRPF3,ENSG00000096070,11852
2056,MRPS18A,ENSG00000096080,11995
2057,PGC,ENSG00000096088,11928
2058,TMEM14A,ENSG00000096092,12085
2059,EFHC1,ENSG00000096093,12082
2060,NCR2,ENSG00000096264,11921
2061,HSP90AB1,ENSG00000096384,12011
2062,MLN,ENSG00000096395,11808
2063,CDC5L,ENSG00000096401,12018
2064,ITPR3,ENSG00000096433,11804
2065,ZNF184,ENSG00000096654,11527
2066,DSP,ENSG00000096696,11299
2067,SIRT1,ENSG00000096717,18104
2068,HNRNPH3,ENSG00000096746,18110
2069,IFT74,ENSG00000096872,16396
2070,JAK2,ENSG00000096968,16246
2071,IL12RB1,ENSG00000096996,31580
2072,ABL1,ENSG00000097007,17320
2073,ACOT7,ENSG00000097021,177
2074,SH3GLB1,ENSG00000097033,1416
2075,CDC7,ENSG00000097046,1463
2076,SYDE2,ENSG00000097096,1397
2077,PCSK5,ENSG00000099139,16706
2078,SCD,ENSG00000099194,18523
2079,TMED1,ENSG00000099203,31292
2080,ABLIM1,ENSG00000099204,18684
2081,ERMP1,ENSG00000099219,16260
2082,RAB18,ENSG00000099246,17804
2083,NRP1,ENSG00000099250,17856
2084,PRTFDC1,ENSG00000099256,17782
2085,PALMD,ENSG00000099260,1531
2086,TSPAN15,ENSG00000099282,18130
2088,WASHC2A,ENSG00000099290,18015
2089,MAST3,ENSG00000099308,31581
2090,MZF1,ENSG00000099326,32878
2091,OCEL1,ENSG00000099330,31539
2092,MYO9B,ENSG00000099331,31533
2093,KCNK6,ENSG00000099337,31992
2094,CATSPERG,ENSG00000099338,31993
2095,PSMD8,ENSG00000099341,31995
2096,FBXL19,ENSG00000099364,27184
2097,STX1B,ENSG00000099365,27189
2098,HSD3B7,ENSG00000099377,27188
2099,SETD1A,ENSG00000099381,27187
2100,BCL7C,ENSG00000099385,27179
2101,MAGEB2,ENSG00000099399,35491
2102,EFNA2,ENSG00000099617,30918
2103,CIRBP,ENSG00000099622,30915
2104,ATP5F1D,ENSG00000099624,30913
2105,CBARP,ENSG00000099625,30911
2106,PCDH11Y,ENSG00000099715,36459
2107,AMELY,ENSG00000099721,36467
2108,IGFALS,ENSG00000099769,26551
2109,HNRNPM,ENSG00000099783,31206
2111,NDUFB7,ENSG00000099795,31447
2112,TECR,ENSG00000099797,31446
2113,TIMM13,ENSG00000099800,30977
2114,CDC34,ENSG00000099804,30871
2115,MTAP,ENSG00000099810,16366
2116,MISP,ENSG00000099812,30884
2117,CEP170B,ENSG00000099814,24961
2118,POLR2E,ENSG00000099817,30907
2119,POLRMT,ENSG00000099821,30876
2120,HCN2,ENSG00000099822,30875
2121,CDHR5,ENSG00000099834,18950
2122,IZUMO4,ENSG00000099840,30961
2123,RASSF7,ENSG00000099849,18946
2124,GADD45B,ENSG00000099860,30980
2125,PALM,ENSG00000099864,30883
2126,MADCAM1,ENSG00000099866,30868
2127,MKNK2,ENSG00000099875,30959
2128,ARVCF,ENSG00000099889,34505
2129,TRMT2A,ENSG00000099899,34511
2130,RANBP1,ENSG00000099901,34512
2131,ZDHHC8,ENSG00000099904,34513
2132,KLHL22,ENSG00000099910,34527
2133,MED15,ENSG00000099917,34528
2134,SERPIND1,ENSG00000099937,34531
2135,SNAP29,ENSG00000099940,34532
2136,CRKL,ENSG00000099942,34534
2137,LZTR1,ENSG00000099949,34538
2138,MMP11,ENSG00000099953,34689
2139,CECR2,ENSG00000099954,34436
2140,SMARCB1,ENSG00000099956,34690
2141,P2RX6,ENSG00000099957,34541
2142,DERL3,ENSG00000099958,34691
2143,SLC7A4,ENSG00000099960,34542
2144,BCL2L13,ENSG00000099968,34441
2145,DDTL,ENSG00000099974,34699
2146,DDT,ENSG00000099977,34701
2148,OSM,ENSG00000099985,34830
2149,CABIN1,ENSG00000099991,34703
2150,TBC1D10A,ENSG00000099992,34832
2151,SUSD2,ENSG00000099994,34705
2152,SF3A1,ENSG00000099995,34833
2153,GGT5,ENSG00000099998,34706
2154,RNF215,ENSG00000099999,34835
2155,SEC14L2,ENSG00000100003,34836
2156,SEC14L3,ENSG00000100012,34841
2157,SPECC1L,ENSG00000100014,34707
2158,PPIL2,ENSG00000100023,34563
2159,UPB1,ENSG00000100024,34710
2160,YPEL1,ENSG00000100027,34564
2161,SNRPD3,ENSG00000100028,34713
2162,PES1,ENSG00000100029,34846
2163,MAPK1,ENSG00000100030,34567
2164,GGT1,ENSG00000100031,34714
2165,PRODH,ENSG00000100033,34468
2166,PPM1F,ENSG00000100034,34568
2167,SLC35E4,ENSG00000100036,34849
2168,TOP3B,ENSG00000100038,34570
2169,CRYBB3,ENSG00000100053,34729
2170,CYTH4,ENSG00000100055,34975
2171,ESS2,ENSG00000100056,34478
2172,MFNG,ENSG00000100060,34980
2173,CARD10,ENSG00000100065,34981
2174,LRP5L,ENSG00000100068,34734
2175,SLC25A1,ENSG00000100075,34482
2176,GRK3,ENSG00000100077,34740
2177,PLA2G3,ENSG00000100078,34862
2178,LGALS2,ENSG00000100079,34984
2179,GGA1,ENSG00000100083,34985
2180,HIRA,ENSG00000100084,34486
2181,SH3BP1,ENSG00000100092,34986
2182,SEZ6L,ENSG00000100095,34748
2183,LGALS1,ENSG00000100097,34989
2184,HPS4,ENSG00000100099,34751
2185,PIK3IP1,ENSG00000100100,34866
2187,SRRD,ENSG00000100104,34752
2188,PATZ1,ENSG00000100105,34868
2189,TRIOBP,ENSG00000100106,34991
2190,TFIP11,ENSG00000100109,34753
2191,GCAT,ENSG00000100116,34993
2192,GGTLC2,ENSG00000100121,34623
2193,CRYBB1,ENSG00000100122,34757
2194,ANKRD54,ENSG00000100124,34995
2195,EIF3L,ENSG00000100129,34996
2196,SNU13,ENSG00000100138,35104
2197,MICALL1,ENSG00000100139,34998
2198,POLR2F,ENSG00000100142,35001
2199,SOX10,ENSG00000100146,35002
2200,CCDC134,ENSG00000100147,35106
2201,DEPDC5,ENSG00000100150,34877
2202,PICK1,ENSG00000100151,35005
2203,TTC28,ENSG00000100154,34786
2204,SLC16A8,ENSG00000100156,35007
2205,CENPM,ENSG00000100162,35111
2206,SEPTIN3,ENSG00000100167,35113
2207,SLC5A1,ENSG00000100170,34882
2208,SLC5A4,ENSG00000100191,34889
2209,KDELR3,ENSG00000100196,35021
2210,CYP2D6,ENSG00000100197,35123
2211,DDX17,ENSG00000100201,35022
2212,DMC1,ENSG00000100206,35023
2213,TCF20,ENSG00000100207,35126
2214,HSCB,ENSG00000100209,34788
2215,CBY1,ENSG00000100211,35025
2216,TOMM22,ENSG00000100216,35029
2217,RSPH14,ENSG00000100218,34670
2218,XBP1,ENSG00000100219,34790
2219,RTCB,ENSG00000100220,34897
2220,JOSD1,ENSG00000100221,35030
2221,FBXO7,ENSG00000100225,34899
2222,GTPBP1,ENSG00000100226,35031
2223,POLDIP3,ENSG00000100227,35133
2224,RAB36,ENSG00000100228,34672
2225,TIMP3,ENSG00000100234,34903
2226,PPP6R2,ENSG00000100239,35274
2227,SBF1,ENSG00000100241,35275
2228,SUN2,ENSG00000100242,35033
2229,CYB5R3,ENSG00000100243,35135
2230,DNAL4,ENSG00000100246,35039
2231,C22orf31,ENSG00000100249,34796
2232,MIOX,ENSG00000100253,35277
2233,LMF2,ENSG00000100258,35278
2234,RHBDD3,ENSG00000100263,34800
2235,PACSIN2,ENSG00000100266,35139
2236,TTLL1,ENSG00000100271,35141
2237,RASL10A,ENSG00000100276,34804
2238,AP1B1,ENSG00000100280,34806
2239,HMGXB4,ENSG00000100281,34920
2240,TOM1,ENSG00000100284,34922
2241,NEFH,ENSG00000100285,34809
2242,CHKB,ENSG00000100288,35289
2243,BIK,ENSG00000100290,35142
2244,HMOX1,ENSG00000100292,34925
2245,MCAT,ENSG00000100294,35143
2246,THOC5,ENSG00000100296,34811
2247,MCM5,ENSG00000100297,34926
2248,APOBEC3H,ENSG00000100298,35051
2249,ARSA,ENSG00000100299,35293
2250,TSPO,ENSG00000100300,35144
2251,RASD2,ENSG00000100302,34928
2252,TTLL12,ENSG00000100304,35145
2253,CBX7,ENSG00000100307,35052
2254,PDGFB,ENSG00000100311,35054
2255,ACR,ENSG00000100312,35297
2256,CABP7,ENSG00000100314,34817
2257,RPL3,ENSG00000100316,35057
2258,ZMAT5,ENSG00000100319,34818
2259,RBFOX2,ENSG00000100320,34934
2260,SYNGR1,ENSG00000100321,35058
2261,TAB1,ENSG00000100324,35059
2262,ASCC2,ENSG00000100325,34821
2263,MTMR3,ENSG00000100330,34822
2264,MIEF1,ENSG00000100335,35062
2265,APOL4,ENSG00000100336,34940
2266,PNPLA5,ENSG00000100341,35157
2267,APOL1,ENSG00000100342,34942
2268,PNPLA3,ENSG00000100344,35158
2269,MYH9,ENSG00000100345,34943
2270,CACNA1I,ENSG00000100346,35066
2271,SAMM50,ENSG00000100347,35159
2272,TXN2,ENSG00000100348,34947
2273,FOXRED2,ENSG00000100350,34948
2274,GRAP2,ENSG00000100351,35068
2275,EIF3D,ENSG00000100353,34949
2276,TNRC6B,ENSG00000100354,35072
2277,SGSM3,ENSG00000100359,35074
2278,IFT27,ENSG00000100360,34955
2279,PVALB,ENSG00000100362,34957
2280,KIAA0930,ENSG00000100364,35179
2281,NCF4,ENSG00000100365,34960
2282,CSF2RB,ENSG00000100368,34961
2283,SLC25A17,ENSG00000100372,35080
2284,UPK3A,ENSG00000100373,35181
2285,FAM118A,ENSG00000100376,35182
2286,KCTD17,ENSG00000100379,34967
2287,ST13,ENSG00000100380,35081
2288,IL2RB,ENSG00000100385,34970
2289,RBX1,ENSG00000100387,35084
2290,EP300,ENSG00000100393,35085
2291,L3MBTL2,ENSG00000100395,35088
2292,CHADL,ENSG00000100399,35090
2293,RANGAP1,ENSG00000100401,35091
2294,ZC3H7B,ENSG00000100403,35092
2295,PHF5A,ENSG00000100410,35096
2296,ACO2,ENSG00000100412,35097
2297,POLR3H,ENSG00000100413,35098
2298,TRMU,ENSG00000100416,35208
2299,PMM1,ENSG00000100417,35101
2300,DESI1,ENSG00000100418,35102
2301,CERK,ENSG00000100422,35212
2302,BRD1,ENSG00000100425,35244
2303,ZBED4,ENSG00000100426,35248
2304,MLC1,ENSG00000100427,35256
2305,HDAC10,ENSG00000100429,35267
2306,KCNK10,ENSG00000100433,24674
2307,ABHD4,ENSG00000100439,23923
2308,KHNYN,ENSG00000100441,24017
2309,FKBP3,ENSG00000100442,24176
2310,SDR39U1,ENSG00000100445,24018
2311,CTSG,ENSG00000100448,24021
2312,GZMH,ENSG00000100450,24023
2313,GZMB,ENSG00000100453,24024
2314,RBM23,ENSG00000100461,23932
2315,PRMT5,ENSG00000100462,23934
2316,COCH,ENSG00000100473,24062
2317,AP4S1,ENSG00000100478,24065
2318,POLE2,ENSG00000100479,24198
2319,VCPKMT,ENSG00000100483,24207
2320,SOS2,ENSG00000100485,24208
2321,CDKL1,ENSG00000100490,24212
2322,NIN,ENSG00000100503,24219
2323,PYGL,ENSG00000100504,24224
2324,TRIM9,ENSG00000100505,24228
2325,PSMC6,ENSG00000100519,24255
2326,GNPNAT1,ENSG00000100522,24257
2327,DDHD1,ENSG00000100523,24263
2328,CDKN3,ENSG00000100526,24272
2329,CNIH1,ENSG00000100528,24273
2330,CGRRF1,ENSG00000100532,24276
2331,ATP6V1D,ENSG00000100554,24420
2332,CCDC198,ENSG00000100557,24316
2333,PLEK2,ENSG00000100558,24422
2334,PIGH,ENSG00000100564,24425
2335,LRRC74A,ENSG00000100565,24585
2336,PSMA3,ENSG00000100567,24322
2337,VTI1B,ENSG00000100568,24428
2338,TIMM9,ENSG00000100575,24330
2339,GSTZ1,ENSG00000100577,24601
2340,KIAA0586,ENSG00000100578,24331
2341,TMED8,ENSG00000100580,24602
2342,SAMD15,ENSG00000100583,24603
2343,AHSA1,ENSG00000100591,24606
2344,DAAM1,ENSG00000100592,24334
2345,ISM2,ENSG00000100593,24607
2346,SPTLC2,ENSG00000100596,24608
2347,RIN3,ENSG00000100599,24732
2348,LGMN,ENSG00000100600,24733
2349,ALKBH1,ENSG00000100601,24609
2350,SNW1,ENSG00000100603,24611
2351,CHGA,ENSG00000100604,24737
2352,ITPK1,ENSG00000100605,24738
2353,DHRS7,ENSG00000100612,24344
2354,PPM1A,ENSG00000100614,24346
2355,SIX4,ENSG00000100625,24353
2356,GALNT16,ENSG00000100626,24447
2357,ASB2,ENSG00000100628,24751
2358,CEP128,ENSG00000100629,24628
2359,ERH,ENSG00000100632,24448
2360,HIF1A,ENSG00000100644,24364
2361,SUSD6,ENSG00000100647,24454
2362,SRSF5,ENSG00000100650,24456
2363,SLC10A1,ENSG00000100652,24457
2364,EIF5,ENSG00000100664,24916
2365,SERPINA4,ENSG00000100665,24768
2366,SLC8A3,ENSG00000100678,24459
2367,DICER1,ENSG00000100697,24777
2368,ZFYVE21,ENSG00000100711,24931
2369,MTHFD1,ENSG00000100714,24386
2370,TCL1A,ENSG00000100721,24791
2371,ZC3H14,ENSG00000100722,24679
2372,TELO2,ENSG00000100726,26533
2373,PCNX1,ENSG00000100731,24475
2374,BDKRB1,ENSG00000100739,24799
2375,GSKIP,ENSG00000100744,24803
2376,VRK1,ENSG00000100749,24811
2377,PSMC1,ENSG00000100764,24696
2378,PAPLN,ENSG00000100767,24497
2379,RPS6KA5,ENSG00000100784,24712
2380,PPP4R3A,ENSG00000100796,24720
2381,C14orf93,ENSG00000100802,23939
2382,PSMB5,ENSG00000100804,23940
2383,YY1,ENSG00000100811,24849
2384,ACIN1,ENSG00000100813,23943
2385,CCNB1IP1,ENSG00000100814,23726
2386,TRIP11,ENSG00000100815,24725
2387,APEX1,ENSG00000100823,23735
2388,PABPN1,ENSG00000100836,23953
2389,EFS,ENSG00000100842,23955
2390,ARHGAP5,ENSG00000100852,24079
2391,CINP,ENSG00000100865,24898
2392,DHRS2,ENSG00000100867,23971
2393,SRP54,ENSG00000100883,24097
2394,CPNE6,ENSG00000100884,23980
2395,CHD8,ENSG00000100888,23780
2396,PCK2,ENSG00000100889,23982
2397,PRORP,ENSG00000100890,24100
2398,DCAF11,ENSG00000100897,23983
2399,PSMA6,ENSG00000100902,24101
2400,NFKBIA,ENSG00000100906,24103
2401,EMC9,ENSG00000100908,23986
2402,PSME2,ENSG00000100911,23988
2403,BRMS1L,ENSG00000100916,24108
2404,REC8,ENSG00000100918,23991
2405,TM9SF1,ENSG00000100926,23994
2406,SEC23A,ENSG00000100934,24142
2407,GMPR2,ENSG00000100938,24001
2408,PNN,ENSG00000100941,24148
2409,RABGGTA,ENSG00000100949,24004
2410,NFATC4,ENSG00000100968,24014
2411,PLTP,ENSG00000100979,33526
2412,PCIF1,ENSG00000100982,33528
2413,GSS,ENSG00000100983,33335
2414,MMP9,ENSG00000100985,33530
2415,VSX1,ENSG00000100987,33206
2416,TRPC4AP,ENSG00000100991,33337
2417,PYGB,ENSG00000100994,33212
2418,ABHD12,ENSG00000100997,33215
2419,PROCR,ENSG00000101000,33339
2420,GINS1,ENSG00000101003,33216
2421,NINL,ENSG00000101004,33217
2422,CD40,ENSG00000101017,33534
2423,UQCC1,ENSG00000101019,33346
2424,ZMYND8,ENSG00000101040,33549
2425,SGK2,ENSG00000101049,33451
2426,IFT52,ENSG00000101052,33453
2427,MYBL2,ENSG00000101057,33454
2428,R3HDML,ENSG00000101074,33464
2429,HNF4A,ENSG00000101076,33466
2430,NDRG3,ENSG00000101079,33376
2431,SLA2,ENSG00000101082,33375
2432,RAB5IF,ENSG00000101084,33374
2433,NFATC2,ENSG00000101096,33613
2434,RIMS4,ENSG00000101098,33479
2435,PABPC1L,ENSG00000101104,33482
2436,STK4,ENSG00000101109,33485
2437,SALL4,ENSG00000101115,33615
2438,ADNP,ENSG00000101126,33607
2439,PFDN4,ENSG00000101132,33641
2440,DOK5,ENSG00000101134,33643
2441,CSTF1,ENSG00000101138,33654
2442,BMP7,ENSG00000101144,33667
2443,RAE1,ENSG00000101146,33671
2444,TPD52L2,ENSG00000101150,33825
2445,DNAJC5,ENSG00000101152,33826
2446,NELFCD,ENSG00000101158,33704
2447,CTSZ,ENSG00000101160,33705
2448,PRPF6,ENSG00000101161,33831
2449,TUBB1,ENSG00000101162,33706
2450,PRELID3B,ENSG00000101166,33708
2451,HRH3,ENSG00000101180,33741
2452,MTG2,ENSG00000101181,33740
2453,PSMA7,ENSG00000101182,33738
2454,SLCO4A1,ENSG00000101187,33763
2455,NTSR1,ENSG00000101188,33768
2456,MRGBP,ENSG00000101189,33771
2457,TCFL5,ENSG00000101190,33775
2458,DIDO1,ENSG00000101191,33776
2459,GID8,ENSG00000101193,33778
2460,SLC17A9,ENSG00000101194,33779
2461,BIRC7,ENSG00000101197,33792
2462,NKAIN4,ENSG00000101198,33793
2463,ARFGAP1,ENSG00000101199,33795
2464,AVP,ENSG00000101200,32948
2465,COL20A1,ENSG00000101203,33796
2466,CHRNA4,ENSG00000101204,33797
2467,EEF1A2,ENSG00000101210,33802
2468,PTK6,ENSG00000101213,33805
2469,GMEB2,ENSG00000101216,33810
2471,SPEF1,ENSG00000101222,32964
2472,CDC25B,ENSG00000101224,32966
2473,ISM1,ENSG00000101230,33064
2474,RNF24,ENSG00000101236,32973
2475,ARFRP1,ENSG00000101246,33815
2476,NDUFAF5,ENSG00000101247,33070
2477,SEL1L2,ENSG00000101251,33071
2478,TRIB3,ENSG00000101255,32893
2479,RASSF2,ENSG00000101265,32984
2480,CSNK2A1,ENSG00000101266,32896
2481,SLC52A3,ENSG00000101276,32900
2482,ANGPT4,ENSG00000101280,32902
2483,RSPO4,ENSG00000101282,32903
2484,CDS2,ENSG00000101290,32992
2485,PROKR2,ENSG00000101292,32993
2486,HM13,ENSG00000101294,33246
2487,SNPH,ENSG00000101298,32909
2488,MYLK2,ENSG00000101306,33258
2489,SIRPB1,ENSG00000101307,32917
2490,SEC23B,ENSG00000101310,33111
2491,FERMT1,ENSG00000101311,33011
2492,HAO1,ENSG00000101323,33020
2493,PDYN,ENSG00000101327,32924
2494,CCM2L,ENSG00000101331,33266
2495,PLCB4,ENSG00000101333,33025
2496,MYL9,ENSG00000101335,33372
2497,HCK,ENSG00000101336,33267
2498,TM9SF4,ENSG00000101337,33268
2499,TLDC2,ENSG00000101342,33379
2500,CRNKL1,ENSG00000101343,33128
2501,POFUT1,ENSG00000101346,33271
2502,SAMHD1,ENSG00000101347,33380
2503,PAK5,ENSG00000101349,33028
2504,KIF3B,ENSG00000101350,33273
2505,MROH8,ENSG00000101353,33383
2506,NOP56,ENSG00000101361,32935
2507,MANBAL,ENSG00000101363,33386
2508,IDH3B,ENSG00000101365,32936
2509,MAPRE1,ENSG00000101367,33286
2510,JAG1,ENSG00000101384,33043
2511,CDK5RAP1,ENSG00000101391,33300
2512,SNTA1,ENSG00000101400,33301
2513,OXT,ENSG00000101405,32947
2514,TTI1,ENSG00000101407,33397
2515,E2F1,ENSG00000101412,33308
2516,RPRD1B,ENSG00000101413,33398
2517,PXMP4,ENSG00000101417,33309
2518,CHMP4B,ENSG00000101421,33313
2519,BPI,ENSG00000101425,33406
2520,CST9L,ENSG00000101435,33181
2521,SLC32A1,ENSG00000101438,33416
2522,CST3,ENSG00000101439,33183
2523,ASIP,ENSG00000101440,33319
2524,CST4,ENSG00000101441,33187
2525,ACTR5,ENSG00000101442,33417
2526,WFDC2,ENSG00000101443,33502
2527,AHCY,ENSG00000101444,33321
2528,PPP1R16B,ENSG00000101445,33418
2529,SPINT3,ENSG00000101446,33504
2530,FAM83D,ENSG00000101447,33419
2531,EPPIN,ENSG00000101448,33506
2532,DHX35,ENSG00000101452,33422
2533,DNTTIP1,ENSG00000101457,33515
2534,MAP1LC3A,ENSG00000101460,33328
2535,SYNDIG1,ENSG00000101463,33197
2536,PIGU,ENSG00000101464,33329
2537,TNNC2,ENSG00000101470,33517
2538,ACOT8,ENSG00000101473,33519
2539,APMAP,ENSG00000101474,33202
2540,CELF4,ENSG00000101489,30463
2541,ZNF516,ENSG00000101493,30790
2542,CDH20,ENSG00000101542,30656
2543,ADNP2,ENSG00000101544,30848
2544,RBFA,ENSG00000101546,30846
2545,USP14,ENSG00000101557,30076
2546,VAPA,ENSG00000101558,30207
2547,METTL4,ENSG00000101574,30108
2548,LPIN2,ENSG00000101577,30114
2549,SMCHD1,ENSG00000101596,30111
2550,MYOM1,ENSG00000101605,30118
2551,MYL12A,ENSG00000101608,30121
2552,CEP76,ENSG00000101624,30257
2553,ST8SIA5,ENSG00000101638,30509
2554,CEP192,ENSG00000101639,30264
2555,RNMT,ENSG00000101654,30281
2556,SMAD7,ENSG00000101665,30533
2557,LIPG,ENSG00000101670,30546
2558,LAMA1,ENSG00000101680,30167
2559,RNF125,ENSG00000101695,30409
2560,ANKRD12,ENSG00000101745,30191
2561,NOL4,ENSG00000101746,30428
2562,POLI,ENSG00000101751,30574
2563,MIB1,ENSG00000101752,30312
2564,RBBP8,ENSG00000101773,30326
2565,RIOK3,ENSG00000101782,30331
2566,CSTF2,ENSG00000101811,35930
2568,MXRA5,ENSG00000101825,35334
2569,VSIG1,ENSG00000101842,36031
2570,PSMD10,ENSG00000101843,36032
2571,ATG4A,ENSG00000101844,36033
2572,STS,ENSG00000101846,35344
2573,TBL1X,ENSG00000101849,35357
2574,GPR143,ENSG00000101850,35358
2575,PGRMC1,ENSG00000101856,36085
2576,POLA1,ENSG00000101868,35474
2577,MID1,ENSG00000101871,35365
2578,NKAP,ENSG00000101882,36103
2579,RHOXF1,ENSG00000101883,36106
2580,NXT2,ENSG00000101888,36040
2581,GUCY2F,ENSG00000101890,36039
2582,ATP1B4,ENSG00000101892,36111
2583,ALG13,ENSG00000101901,36053
2584,PRPS2,ENSG00000101911,35374
2585,TLR8,ENSG00000101916,35377
2586,MOSPD1,ENSG00000101928,36201
2587,AMMECR1,ENSG00000101935,36044
2588,CHRDL1,ENSG00000101938,36048
2589,WDR13,ENSG00000101940,35632
2590,SUV39H1,ENSG00000101945,35634
2591,PAGE4,ENSG00000101951,35679
2592,SRPX,ENSG00000101955,35528
2593,GLRA2,ENSG00000101958,35394
2594,XIAP,ENSG00000101966,36137
2595,STAG2,ENSG00000101972,36140
2596,ATP11C,ENSG00000101974,36253
2597,MCF2,ENSG00000101977,36252
2598,F9,ENSG00000101981,36251
2599,ABCD1,ENSG00000101986,36373
2600,CCDC22,ENSG00000101997,35659
2601,CACNA1F,ENSG00000102001,35658
2602,SYP,ENSG00000102003,35656
2603,PLP2,ENSG00000102007,35654
2604,BMX,ENSG00000102010,35402
2605,LUZP4,ENSG00000102021,36067
2606,PLS3,ENSG00000102024,36069
2607,NAA10,ENSG00000102030,36384
2608,RENBP,ENSG00000102032,36385
2609,ELF4,ENSG00000102034,36163
2610,SMARCA1,ENSG00000102038,36152
2611,MTMR8,ENSG00000102043,35776
2612,ASB9,ENSG00000102048,35397
2613,ZC3H12B,ENSG00000102053,35778
2614,RBBP7,ENSG00000102054,35417
2615,PPP1R2C,ENSG00000102055,35564
2616,KCND1,ENSG00000102057,35646
2618,OPN1LW,ENSG00000102076,36391
2619,SLC25A14,ENSG00000102078,36168
2621,FMR1,ENSG00000102081,36291
2622,PIM2,ENSG00000102096,35644
2623,SCML2,ENSG00000102098,35426
2624,SLC35A2,ENSG00000102100,35643
2625,PQBP1,ENSG00000102103,35641
2626,RS1,ENSG00000102104,35428
2627,PCSK1N,ENSG00000102109,35640
2628,EMD,ENSG00000102119,36400
2630,RAB40AL,ENSG00000102128,35974
2631,PGK1,ENSG00000102144,35882
2632,GATA1,ENSG00000102145,35637
2633,MAGT1,ENSG00000102158,35879
2634,SMS,ENSG00000102172,35452
2635,PHEX,ENSG00000102174,35453
2636,UBL4A,ENSG00000102178,36411
2637,CD99L2,ENSG00000102181,36318
2638,EEA1,ENSG00000102189,22280
2639,GPR50,ENSG00000102195,36322
2640,RP2,ENSG00000102218,35589
2641,JADE3,ENSG00000102221,35591
2642,CDK16,ENSG00000102225,35597
2643,USP11,ENSG00000102226,35598
2644,PCYT1B,ENSG00000102230,35472
2645,BRS3,ENSG00000102239,36236
2646,HTATSF1,ENSG00000102241,36237
2647,VGLL1,ENSG00000102243,36238
2648,CD40LG,ENSG00000102245,36240
2649,TIMP1,ENSG00000102265,35605
2650,KLHL4,ENSG00000102271,35909
2651,GABRE,ENSG00000102287,36334
2652,PCDH11X,ENSG00000102290,35917
2653,FGD1,ENSG00000102302,35735
2654,PIN4,ENSG00000102309,35837
2655,PORCN,ENSG00000102312,35626
2656,ITIH6,ENSG00000102313,35737
2657,MAGED2,ENSG00000102316,35738
2658,RBM3,ENSG00000102317,35630
2659,KLF8,ENSG00000102349,35754
2660,SRPX2,ENSG00000102359,35928
2661,SYTL4,ENSG00000102362,35929
2662,ZDHHC15,ENSG00000102383,35871
2663,CENPI,ENSG00000102384,35937
2664,DRP2,ENSG00000102385,35938
2665,TAF7L,ENSG00000102387,35939
2666,PBDC1,ENSG00000102390,35874
2667,GLA,ENSG00000102393,35943
2668,ARMCX3,ENSG00000102401,35948
2669,BEX4,ENSG00000102409,35979
2670,RUBCNL,ENSG00000102445,23198
2671,NALCN,ENSG00000102452,23536
2672,FGF14,ENSG00000102466,23538
2673,HTR2A,ENSG00000102468,23204
2674,NDFIP2,ENSG00000102471,23399
2675,TNFSF13B,ENSG00000102524,23585
2676,FNDC3A,ENSG00000102531,23227
2677,MLNR,ENSG00000102539,23228
2678,CDADC1,ENSG00000102543,23229
2679,CAB39L,ENSG00000102547,23230
2680,KLF5,ENSG00000102554,23346
2681,STK24,ENSG00000102572,23501
2682,ACP5,ENSG00000102575,31325
2683,DNAJC3,ENSG00000102580,23479
2684,UGGT2,ENSG00000102595,23481
2685,ARHGEF7,ENSG00000102606,23622
2686,FGF9,ENSG00000102678,22947
2687,SGCG,ENSG00000102683,22955
2688,PARP4,ENSG00000102699,22971
2689,SUPT20H,ENSG00000102710,23103
2690,MRPS31,ENSG00000102738,23126
2691,SLC25A15,ENSG00000102743,23127
2692,KPNA3,ENSG00000102753,23236
2693,FLT1,ENSG00000102755,23021
2694,RGCC,ENSG00000102760,23137
2695,VWA8,ENSG00000102763,23138
2696,DGKH,ENSG00000102780,23140
2697,KATNAL1,ENSG00000102781,23036
2698,INTS6,ENSG00000102786,23252
2699,ACOD1,ENSG00000102794,23373
2700,DHRS12,ENSG00000102796,23255
2701,MEDAG,ENSG00000102802,23049
2702,TSC22D1,ENSG00000102804,23170
2703,CLN5,ENSG00000102805,23374
2704,OLFM4,ENSG00000102837,23276
2705,MSLN,ENSG00000102854,26484
2706,MGRN1,ENSG00000102858,26710
2707,ZNF629,ENSG00000102870,27177
2708,TRADD,ENSG00000102871,27580
2709,HSF4,ENSG00000102878,27582
2710,CORO1A,ENSG00000102879,27140
2711,MAPK3,ENSG00000102882,27139
2712,GDPD3,ENSG00000102886,27136
2713,ELMO3,ENSG00000102890,27587
2714,MT4,ENSG00000102891,27449
2715,PHKB,ENSG00000102893,27314
2716,LYRM1,ENSG00000102897,26951
2717,NUTF2,ENSG00000102898,27622
2718,NUP93,ENSG00000102900,27462
2719,CENPT,ENSG00000102901,27620
2720,TSNAXIP1,ENSG00000102904,27619
2721,NFAT5,ENSG00000102908,27675
2722,LONP2,ENSG00000102910,27323
2723,N4BP1,ENSG00000102921,27326
2724,CBLN1,ENSG00000102924,27335
2725,ARL2BP,ENSG00000102931,27475
2726,PLLP,ENSG00000102934,27478
2727,ZNF423,ENSG00000102935,27341
2728,CCL22,ENSG00000102962,27479
2729,DHODH,ENSG00000102967,27732
2730,CCL17,ENSG00000102970,27481
2731,CTCF,ENSG00000102974,27609
2732,ACD,ENSG00000102977,27612
2733,POLR2C,ENSG00000102978,27484
2734,PARD6A,ENSG00000102981,27613
2735,ZNF821,ENSG00000102984,27729
2736,MMP15,ENSG00000102996,27501
2737,USB1,ENSG00000103005,27500
2738,CYB5B,ENSG00000103018,27673
2739,CCDC113,ENSG00000103021,27507
2740,PRSS54,ENSG00000103023,27508
2741,NME3,ENSG00000103024,26546
2742,NDRG4,ENSG00000103034,27513
2743,PSMD7,ENSG00000103035,27758
2744,SETD6,ENSG00000103037,27514
2745,SLC38A7,ENSG00000103042,27517
2746,VAC14,ENSG00000103043,27700
2747,HAS3,ENSG00000103044,27661
2748,TANGO6,ENSG00000103047,27658
2749,COG4,ENSG00000103051,27696
2750,SMPD3,ENSG00000103056,27648
2751,SLC7A6OS,ENSG00000103061,27645
2752,SLC7A6,ENSG00000103064,27644
2753,PLA2G15,ENSG00000103066,27642
2754,ESRP2,ENSG00000103067,27640
2755,FA2H,ENSG00000103089,27768
2756,WDR59,ENSG00000103091,27769
2757,MON1B,ENSG00000103111,27806
2758,CMC2,ENSG00000103121,27853
2759,AXIN1,ENSG00000103126,26450
2760,HCFC1R1,ENSG00000103145,26645
2761,NPRL3,ENSG00000103148,26436
2762,MLYCD,ENSG00000103150,27888
2763,MPG,ENSG00000103152,26435
2764,NECAB2,ENSG00000103154,27891
2765,HSDL1,ENSG00000103160,27897
2766,TAF1C,ENSG00000103168,27899
2767,NAGPA,ENSG00000103174,26726
2768,WFDC1,ENSG00000103175,27904
2769,SEC14L5,ENSG00000103184,26724
2770,COTL1,ENSG00000103187,27911
2771,USP10,ENSG00000103194,27914
2772,CRISPLD2,ENSG00000103196,27916
2773,TSC2,ENSG00000103197,26576
2774,ZNF500,ENSG00000103199,26715
2775,NME4,ENSG00000103202,26453
2776,ABCC1,ENSG00000103222,26876
2777,NOMO3,ENSG00000103226,26879
2778,LMF1,ENSG00000103227,26491
2779,FOXF1,ENSG00000103241,27957
2780,CIAO3,ENSG00000103245,26483
2781,MTHFSD,ENSG00000103248,27959
2782,CLCN7,ENSG00000103249,26528
2783,HAGHL,ENSG00000103253,26482
2784,ANTKMT,ENSG00000103254,26480
2785,SLC7A5,ENSG00000103257,27994
2786,METRN,ENSG00000103260,26479
2787,FBXO31,ENSG00000103264,27979
2788,STUB1,ENSG00000103266,26473
2789,RHBDL1,ENSG00000103269,26471
2790,NUBP1,ENSG00000103274,26783
2791,UBE2I,ENSG00000103275,26517
2792,ZP2,ENSG00000103310,26956
2793,MEFV,ENSG00000103313,26663
2794,CRYM,ENSG00000103316,26958
2795,EEF2K,ENSG00000103319,26977
2796,CAPN15,ENSG00000103326,26458
2797,PIEZO1,ENSG00000103335,28019
2798,GSPT1,ENSG00000103342,26813
2799,ZNF174,ENSG00000103343,26673
2800,CLUAP1,ENSG00000103351,26677
2801,UBFD1,ENSG00000103353,27001
2802,PRSS33,ENSG00000103355,26625
2803,EARS2,ENSG00000103356,27000
2804,ELOB,ENSG00000103363,26623
2805,GGA2,ENSG00000103365,26999
2806,AQP8,ENSG00000103375,27028
2807,CPPED1,ENSG00000103381,26828
2808,USP31,ENSG00000103404,26991
2809,HMOX2,ENSG00000103415,26704
2810,DNAJA3,ENSG00000103423,26700
2812,BFAR,ENSG00000103429,26848
2813,SALL1,ENSG00000103449,27372
2814,TOX3,ENSG00000103460,27386
2815,RBL2,ENSG00000103479,27397
2816,QPRT,ENSG00000103485,27104
2817,XYLT1,ENSG00000103489,26886
2818,PYCARD,ENSG00000103490,27208
2819,RPGRIP1L,ENSG00000103494,27401
2820,MAZ,ENSG00000103495,27110
2821,STX4,ENSG00000103496,27190
2822,CDIPT,ENSG00000103502,27116
2823,BCKDK,ENSG00000103507,27198
2824,KAT8,ENSG00000103510,27199
2825,NOMO1,ENSG00000103512,26854
2826,IL21R,ENSG00000103522,27048
2827,SYT17,ENSG00000103528,26914
2828,TMC5,ENSG00000103534,26920
2829,CCP110,ENSG00000103540,26925
2830,VPS35L,ENSG00000103544,26926
2831,SLC6A2,ENSG00000103546,27433
2832,RNF40,ENSG00000103549,27176
2833,KNOP1,ENSG00000103550,26928
2834,AQP9,ENSG00000103569,25723
2835,AAGAB,ENSG00000103591,25871
2836,IQCH,ENSG00000103599,25872
2837,LACTB,ENSG00000103642,25794
2838,CORO2B,ENSG00000103647,25887
2839,CSK,ENSG00000103653,25998
2840,HERC1,ENSG00000103657,25805
2841,TRIP4,ENSG00000103671,25815
2842,MTFMT,ENSG00000103707,25830
2843,RASL12,ENSG00000103710,25833
2844,AP3B2,ENSG00000103723,26147
2845,ACSBG1,ENSG00000103740,26068
2846,IGDCC4,ENSG00000103742,25842
2847,RAB11A,ENSG00000103769,25849
2848,CTSH,ENSG00000103811,26087
2849,TTC23,ENSG00000103852,26379
2850,CD276,ENSG00000103855,25962
2851,FAH,ENSG00000103876,26104
2852,CEMIP,ENSG00000103888,26117
2853,RPAP1,ENSG00000103932,25462
2854,HOMER2,ENSG00000103942,26153
2855,EHD4,ENSG00000103966,25473
2856,TMEM87A,ENSG00000103978,25483
2857,ZNF106,ENSG00000103994,25486
2858,CEP152,ENSG00000103995,25598
2859,ATP8B4,ENSG00000104043,25614
2860,OCA2,ENSG00000104044,25266
2861,DTWD1,ENSG00000104047,25613
2862,TGM5,ENSG00000104055,25505
2864,GABPB1,ENSG00000104064,25618
2865,TJP1,ENSG00000104067,25283
2866,BMF,ENSG00000104081,25403
2867,DMXL2,ENSG00000104093,25641
2868,SCG3,ENSG00000104112,25643
2869,DNAJC17,ENSG00000104129,25435
2870,EIF3J,ENSG00000104131,25534
2871,SPG11,ENSG00000104133,25536
2872,RHOV,ENSG00000104140,25441
2873,VPS18,ENSG00000104142,25443
2874,OIP5,ENSG00000104147,25455
2875,SLC30A4,ENSG00000104154,25564
2876,BLOC1S6,ENSG00000104164,25567
2877,MYEF2,ENSG00000104177,25586
2878,SGK3,ENSG00000104205,15443
2879,PDGFRL,ENSG00000104213,14923
2880,CSPP1,ENSG00000104218,15449
2881,ZDHHC2,ENSG00000104219,14917
2882,BRF2,ENSG00000104221,15171
2883,TRIM35,ENSG00000104228,15061
2884,ZFAND1,ENSG00000104231,15576
2885,RP1,ENSG00000104237,15328
2886,CA2,ENSG00000104267,15599
2887,FZD3,ENSG00000104290,15082
2888,INTS9,ENSG00000104299,15085
2889,RIPK2,ENSG00000104312,15625
2890,EYA1,ENSG00000104313,15477
2891,NBN,ENSG00000104320,15627
2892,TRPA1,ENSG00000104321,15482
2893,CPQ,ENSG00000104324,15707
2894,DECR1,ENSG00000104325,15628
2895,CALB1,ENSG00000104327,15629
2897,SFRP1,ENSG00000104332,15224
2898,LAPTM4B,ENSG00000104341,15714
2899,UBE2W,ENSG00000104343,15503
2900,POP1,ENSG00000104356,15720
2901,NIPAL2,ENSG00000104361,15721
2902,IKBKB,ENSG00000104365,15244
2903,PLAT,ENSG00000104368,15242
2904,JPH1,ENSG00000104369,15511
2905,DKK4,ENSG00000104371,15246
2906,STK3,ENSG00000104375,15722
2907,GDAP1,ENSG00000104381,15512
2908,RAB2A,ENSG00000104388,15379
2909,EIF3E,ENSG00000104408,15820
2910,EMC2,ENSG00000104412,15822
2911,ESRP1,ENSG00000104413,15681
2912,CCN4,ENSG00000104415,16006
2913,NDRG1,ENSG00000104419,16007
2914,ZC2HC1A,ENSG00000104427,15538
2915,IL7,ENSG00000104432,15539
2916,STMN2,ENSG00000104435,15543
2917,ARMC1,ENSG00000104442,15426
2918,TRPS1,ENSG00000104447,15850
2919,SPAG1,ENSG00000104450,15739
2920,CHRAC1,ENSG00000104472,16042
2921,NCALD,ENSG00000104490,15766
2922,SNX16,ENSG00000104497,15579
2923,GML,ENSG00000104499,16086
2924,UBR5,ENSG00000104517,15770
2925,GSDMD,ENSG00000104518,16109
2927,PYCR3,ENSG00000104524,16116
2928,EEF1D,ENSG00000104529,16114
2929,ANXA13,ENSG00000104537,15918
2930,SQLE,ENSG00000104549,15941
2931,SH2D4A,ENSG00000104611,14946
2932,INTS10,ENSG00000104613,14949
2933,ERI1,ENSG00000104626,14821
2934,SLC39A14,ENSG00000104635,14985
2935,MTMR9,ENSG00000104643,14859
2936,LEPROTL1,ENSG00000104660,15106
2937,DCTN6,ENSG00000104671,15109
2938,R3HCC1,ENSG00000104679,15015
2939,GSR,ENSG00000104687,15119
2940,TNFRSF10A,ENSG00000104689,15011
2941,PPP2CB,ENSG00000104695,15121
2942,ERICH1,ENSG00000104714,14712
2943,NEFM,ENSG00000104722,15035
2944,TUSC3,ENSG00000104723,14908
2945,ARHGEF10,ENSG00000104728,14728
2946,KLHDC4,ENSG00000104731,27990
2947,MCM4,ENSG00000104738,15274
2948,ADAM2,ENSG00000104755,15209
2949,KCTD9,ENSG00000104756,15044
2950,FGL1,ENSG00000104760,14929
2951,ASAH1,ENSG00000104763,14933
2952,BNIP3L,ENSG00000104765,15052
2953,MAN2B1,ENSG00000104774,31358
2954,KCNN4,ENSG00000104783,32193
2955,TULP2,ENSG00000104804,32403
2956,NUCB1,ENSG00000104805,32404
2957,DHDH,ENSG00000104808,32407
2958,GYS1,ENSG00000104812,32411
2959,MAP4K1,ENSG00000104814,32004
2960,CGB2,ENSG00000104818,32416
2961,ECH1,ENSG00000104823,32014
2962,HNRNPL,ENSG00000104824,32016
2963,NFKBIB,ENSG00000104825,32021
2964,LHB,ENSG00000104826,32413
2965,CGB3,ENSG00000104827,32415
2966,TUBB4A,ENSG00000104833,31132
2967,SARS2,ENSG00000104835,32023
2968,KCNA7,ENSG00000104848,32424
2969,SNRNP70,ENSG00000104852,32425
2970,CLPTM1,ENSG00000104853,32244
2971,RELB,ENSG00000104856,32245
2972,CLASRP,ENSG00000104859,32246
2973,LIN7B,ENSG00000104863,32426
2974,PPP1R37,ENSG00000104866,32251
2975,FCGRT,ENSG00000104870,32447
2976,PIH1D1,ENSG00000104872,32442
2977,CKM,ENSG00000104879,32257
2978,ARHGEF18,ENSG00000104880,31156
2979,PPP1R13L,ENSG00000104881,32260
2980,PEX11G,ENSG00000104883,31157
2981,ERCC2,ENSG00000104884,32259
2982,DOT1L,ENSG00000104885,30963
2983,PLEKHJ1,ENSG00000104886,30965
2984,SLC17A7,ENSG00000104888,32441
2985,RNASEH2A,ENSG00000104889,31378
2986,KLC3,ENSG00000104892,32258
2987,CD37,ENSG00000104894,32433
2988,SF3A2,ENSG00000104897,30966
2989,AMH,ENSG00000104899,30967
2990,DKKL1,ENSG00000104901,32436
2991,LYL1,ENSG00000104903,31397
2992,OAZ1,ENSG00000104904,30969
2993,TRMT1,ENSG00000104907,31398
2994,STX10,ENSG00000104915,31402
2995,RETN,ENSG00000104918,31169
2996,FCER2,ENSG00000104921,31172
2997,DMPK,ENSG00000104936,32279
2998,CLEC4M,ENSG00000104938,31175
2999,RSPH6A,ENSG00000104941,32281
3000,TBC1D17,ENSG00000104946,32472
3001,IL4I1,ENSG00000104951,32473
3002,TLE6,ENSG00000104953,31000
3004,PTOV1,ENSG00000104960,32467
3005,TLE5,ENSG00000104964,31003
3006,NOVA2,ENSG00000104967,32288
3007,SGTA,ENSG00000104969,30990
3009,LILRB1,ENSG00000104972,32682
3010,MED25,ENSG00000104973,32465
3011,LILRA1,ENSG00000104974,32681
3012,SNAPC2,ENSG00000104976,31185
3013,C19orf53,ENSG00000104979,31410
3014,TIMM44,ENSG00000104980,31188
3015,CCDC61,ENSG00000104983,32289
3016,IL27RA,ENSG00000104998,31423
3017,ASF1B,ENSG00000105011,31430
3018,TNNT1,ENSG00000105048,32702
3019,VRK3,ENSG00000105053,32477
3020,FAM32A,ENSG00000105058,31499
3021,PPP6R1,ENSG00000105063,32711
3022,C19orf44,ENSG00000105072,31509
3023,MED26,ENSG00000105085,31516
3024,OLFM2,ENSG00000105088,31253
3025,RASAL3,ENSG00000105122,31473
3026,AKAP8,ENSG00000105127,31469
3027,EPHX3,ENSG00000105131,31466
3028,ILVBL,ENSG00000105135,31462
3029,ZNF419,ENSG00000105136,32812
3030,SYDE1,ENSG00000105137,31461
3031,CASP14,ENSG00000105141,31459
3032,SLC1A6,ENSG00000105143,31457
3033,AURKC,ENSG00000105146,32794
3034,POP4,ENSG00000105171,31754
3035,CCNE1,ENSG00000105173,31758
3036,URI1,ENSG00000105176,31760
3037,PDCD5,ENSG00000105185,31787
3038,ANKRD27,ENSG00000105186,31788
3039,RPS16,ENSG00000105193,32047
3040,TIMM50,ENSG00000105197,32049
3041,LGALS13,ENSG00000105198,32055
3042,FBL,ENSG00000105202,32062
3043,DYRK1B,ENSG00000105204,32061
3044,CLC,ENSG00000105205,32058
3046,GPI,ENSG00000105220,31823
3047,AKT2,ENSG00000105221,32072
3048,PLD3,ENSG00000105223,32075
3049,PRX,ENSG00000105227,32077
3050,PIAS4,ENSG00000105229,31041
3051,NUMBL,ENSG00000105245,32086
3052,EBI3,ENSG00000105246,31048
3053,YJU2,ENSG00000105248,31049
3054,SHD,ENSG00000105251,31050
3055,TBCB,ENSG00000105254,31920
3056,FSD1,ENSG00000105255,31052
3057,POLR2I,ENSG00000105258,31919
3058,OVOL3,ENSG00000105261,31918
3059,CLIP3,ENSG00000105270,31915
3060,ZFR2,ENSG00000105278,31036
3061,SLC1A5,ENSG00000105281,32323
3062,PRKD2,ENSG00000105287,32319
3063,TJP3,ENSG00000105289,31029
3064,APLP1,ENSG00000105290,31904
3065,CACTIN,ENSG00000105298,31026
3066,CCDC9,ENSG00000105321,32333
3067,HNRNPUL1,ENSG00000105323,32105
3068,FZR1,ENSG00000105325,31017
3069,BBC3,ENSG00000105327,32331
3070,TGFB1,ENSG00000105329,32106
3071,DENND3,ENSG00000105339,16047
3072,DMAC2,ENSG00000105341,32117
3073,CEACAM4,ENSG00000105352,32124
3074,PLIN3,ENSG00000105355,31083
3075,MYH14,ENSG00000105357,32484
3076,MRPL4,ENSG00000105364,31265
3077,SIGLEC8,ENSG00000105366,32553
3078,CD79A,ENSG00000105369,32134
3079,LIM2,ENSG00000105370,32547
3080,ICAM4,ENSG00000105371,31270
3081,RPS19,ENSG00000105372,32133
3082,NOP53,ENSG00000105373,32350
3083,NKG7,ENSG00000105374,32546
3084,ICAM5,ENSG00000105376,31271
3085,ETFB,ENSG00000105379,32543
3086,CD33,ENSG00000105383,32535
3087,CEACAM5,ENSG00000105388,32126
3088,CRX,ENSG00000105392,32354
3089,BABAM1,ENSG00000105393,31542
3090,TYK2,ENSG00000105397,31277
3091,SULT2A1,ENSG00000105398,32356
3092,CDC37,ENSG00000105401,31278
3093,NAPA,ENSG00000105402,32343
3094,RABAC1,ENSG00000105404,32137
3095,ATP1A3,ENSG00000105409,32138
3096,MEIS3,ENSG00000105419,32338
3097,PTPRS,ENSG00000105426,31087
3098,CNFN,ENSG00000105427,32153
3099,ZNRF4,ENSG00000105428,31090
3100,MEGF8,ENSG00000105429,32152
3101,KDELR1,ENSG00000105438,32375
3102,CYTH2,ENSG00000105443,32380
3103,GRWD1,ENSG00000105447,32377
3104,GRIN2D,ENSG00000105464,32376
3105,SYNGR4,ENSG00000105467,32374
3106,CLEC11A,ENSG00000105472,32504
3108,CARD8,ENSG00000105483,32366
3109,LIG1,ENSG00000105486,32362
3110,SIGLEC6,ENSG00000105492,32556
3111,ZNF175,ENSG00000105497,32558
3112,PLA2G4C,ENSG00000105499,32360
3113,SIGLEC5,ENSG00000105501,32560
3114,CABP5,ENSG00000105507,32359
3115,HAS1,ENSG00000105509,32565
3116,RAB3D,ENSG00000105514,31308
3117,DBP,ENSG00000105516,32389
3118,TMEM205,ENSG00000105518,31310
3119,CAPS,ENSG00000105519,31110
3120,PLPPR2,ENSG00000105520,31312
3121,FAM83E,ENSG00000105523,32384
3122,RASIP1,ENSG00000105538,32394
3124,FGF21,ENSG00000105550,32397
3125,BCAT2,ENSG00000105552,32398
3126,MIER2,ENSG00000105556,30860
3127,PLEKHA4,ENSG00000105559,32401
3128,PPP2R1A,ENSG00000105568,32587
3129,TNPO2,ENSG00000105576,31367
3130,WDR83OS,ENSG00000105583,31360
3131,CACNG7,ENSG00000105605,32644
3132,GCDH,ENSG00000105607,31385
3133,LILRB5,ENSG00000105609,32664
3134,KLF1,ENSG00000105610,31384
3135,DNASE2,ENSG00000105612,31382
3136,MAST1,ENSG00000105613,31381
3137,LENG1,ENSG00000105617,32655
3138,PRPF31,ENSG00000105618,32652
3139,TFPT,ENSG00000105619,32651
3140,JAK3,ENSG00000105639,31574
3141,RPL18A,ENSG00000105640,31575
3142,SLC5A5,ENSG00000105641,31576
3143,KCNN1,ENSG00000105642,31578
3144,ARRDC2,ENSG00000105643,31579
3145,PIK3R2,ENSG00000105647,31583
3146,RAB3A,ENSG00000105649,31586
3147,PDE4C,ENSG00000105650,31588
3148,ISYNA1,ENSG00000105655,31597
3149,ELL,ENSG00000105656,31599
3150,CRTC1,ENSG00000105662,31611
3151,COMP,ENSG00000105664,31612
3152,UPK1A,ENSG00000105668,31887
3153,COPE,ENSG00000105669,31617
3154,DDX49,ENSG00000105671,31618
3155,ETV2,ENSG00000105672,31885
3156,ATP4A,ENSG00000105675,31878
3157,ARMC6,ENSG00000105676,31622
3158,TMEM147,ENSG00000105677,31877
3159,GAPDHS,ENSG00000105679,31875
3160,MAG,ENSG00000105695,31862
3161,TMEM59L,ENSG00000105696,31609
3162,HAMP,ENSG00000105697,31861
3163,USF2,ENSG00000105698,31860
3164,LSR,ENSG00000105699,31857
3165,KXD1,ENSG00000105700,31603
3166,FKBP8,ENSG00000105701,31601
3167,SUGP1,ENSG00000105705,31632
3168,HPN,ENSG00000105707,31848
3169,ZNF14,ENSG00000105708,31646
3170,SCN1B,ENSG00000105711,31847
3171,PBX4,ENSG00000105717,31640
3172,ERF,ENSG00000105722,32147
3173,GSK3A,ENSG00000105723,32146
3174,ATP13A1,ENSG00000105726,31644
3175,ZNF574,ENSG00000105732,32140
3176,GRIK5,ENSG00000105737,32139
3177,SIPA1L3,ENSG00000105738,31981
3178,ZNF85,ENSG00000105750,31665
3179,ETHE1,ENSG00000105755,32179
3180,CADM4,ENSG00000105767,32189
3181,SMG9,ENSG00000105771,32192
3182,AVL9,ENSG00000105778,13375
3183,RUNDC3B,ENSG00000105784,13818
3184,CFAP69,ENSG00000105792,13834
3185,GTPBP10,ENSG00000105793,13838
3186,RASA4,ENSG00000105808,14035
3187,CDK6,ENSG00000105810,13862
3188,PMPCB,ENSG00000105819,14048
3189,DNAJC2,ENSG00000105821,14049
3190,TFPI2,ENSG00000105825,13872
3191,BET1,ENSG00000105829,13875
3192,NAMPT,ENSG00000105835,14072
3194,PIK3CG,ENSG00000105851,14080
3195,PON3,ENSG00000105852,13888
3196,PON2,ENSG00000105854,13889
3197,ITGB8,ENSG00000105855,13232
3198,HBP1,ENSG00000105856,14083
3199,DUS4L,ENSG00000105865,14087
3200,SP4,ENSG00000105866,13237
3201,WDR91,ENSG00000105875,14325
3202,DNAH11,ENSG00000105877,13238
3203,CBLL1,ENSG00000105879,14093
3204,DLX5,ENSG00000105880,13900
3205,MTPN,ENSG00000105887,14335
3206,STEAP1B,ENSG00000105889,13241
3207,PTN,ENSG00000105894,14341
3209,GSDME,ENSG00000105928,13268
3210,ATP6V0A4,ENSG00000105929,14351
3211,ZC3HAV1,ENSG00000105939,14355
3213,OGDH,ENSG00000105953,13511
3214,NPVF,ENSG00000105954,13273
3215,ADAP1,ENSG00000105963,13041
3216,TFEC,ENSG00000105967,14138
3218,CAV2,ENSG00000105971,14143
3219,CAV1,ENSG00000105974,14144
3220,MET,ENSG00000105976,14148
3221,RNF32,ENSG00000105982,14669
3222,LMBR1,ENSG00000105983,14671
3223,WNT2,ENSG00000105989,14156
3224,HOXA1,ENSG00000105991,13295
3225,DNAJB6,ENSG00000105993,14681
3226,HOXA2,ENSG00000105996,13297
3227,HOXA3,ENSG00000105997,13298
3228,LFNG,ENSG00000106003,13077
3229,HOXA5,ENSG00000106004,13302
3230,HOXA6,ENSG00000106006,13303
3231,BRAT1,ENSG00000106009,13078
3232,IQCE,ENSG00000106012,13079
3233,ANKRD7,ENSG00000106013,14166
3234,VIPR2,ENSG00000106018,14699
3235,TSPAN12,ENSG00000106025,14173
3236,SSBP1,ENSG00000106028,14390
3237,HOXA13,ENSG00000106031,13312
3238,CPED1,ENSG00000106034,14175
3239,EVX1,ENSG00000106038,13317
3240,HIBADH,ENSG00000106049,13319
3241,TAX1BP1,ENSG00000106052,13322
3242,CPVL,ENSG00000106066,13331
3243,CHN2,ENSG00000106069,13335
3244,GRB10,ENSG00000106070,13571
3245,ABHD11,ENSG00000106077,13716
3246,COBL,ENSG00000106078,13575
3247,FKBP14,ENSG00000106080,13343
3248,PLEKHA8,ENSG00000106086,13344
3249,STX1A,ENSG00000106089,13715
3250,NOD1,ENSG00000106100,13353
3252,CRHR2,ENSG00000106113,13360
3253,EPHB6,ENSG00000106123,14484
3254,MINDY4,ENSG00000106125,13362
3255,GHRHR,ENSG00000106128,13365
3256,CASP2,ENSG00000106144,14500
3257,CHCHD2,ENSG00000106153,13612
3258,CCL24,ENSG00000106178,13749
3259,HSPB1,ENSG00000106211,13756
3260,NPTX2,ENSG00000106236,13912
3261,PDAP1,ENSG00000106244,13921
3262,BUD31,ENSG00000106245,13922
3263,PTCD1,ENSG00000106246,13923
3264,CYP3A5,ENSG00000106258,13933
3265,ZKSCAN1,ENSG00000106261,13945
3266,EIF3B,ENSG00000106263,13074
3267,SNX8,ENSG00000106266,13073
3268,NUDT1,ENSG00000106268,13072
3269,PTPRZ1,ENSG00000106278,14180
3270,TAF6,ENSG00000106290,13951
3271,WASL,ENSG00000106299,14198
3272,HYAL4,ENSG00000106302,14200
3273,SPAM1,ENSG00000106304,14201
3274,AIMP2,ENSG00000106305,13120
3275,TFR2,ENSG00000106327,13984
3276,FSCN3,ENSG00000106328,14225
3277,MOSPD3,ENSG00000106330,13983
3278,PAX4,ENSG00000106331,14226
3279,PCOLCE,ENSG00000106333,13982
3280,FBXO24,ENSG00000106336,13980
3281,PPP1R17,ENSG00000106341,13371
3282,RBM28,ENSG00000106344,14233
3283,USP42,ENSG00000106346,13124
3284,IMPDH1,ENSG00000106348,14235
3285,AGFG2,ENSG00000106351,13977
3286,LSM5,ENSG00000106355,13374
3287,SERPINE1,ENSG00000106366,14004
3288,AP1S1,ENSG00000106367,14005
3289,MOGAT3,ENSG00000106384,14008
3290,C1GALT1,ENSG00000106392,13142
3291,PLOD3,ENSG00000106397,14009
3292,RPA3,ENSG00000106399,13149
3293,ZNHIT1,ENSG00000106400,14010
3294,CLDN15,ENSG00000106404,14011
3295,NOBOX,ENSG00000106410,14532
3296,GLCCI1,ENSG00000106415,13153
3297,MYL10,ENSG00000106436,14018
3298,PHF14,ENSG00000106443,13168
3299,NRF1,ENSG00000106459,14262
3300,TMEM106B,ENSG00000106460,13172
3301,EZH2,ENSG00000106462,14544
3302,CEP41,ENSG00000106477,14277
3303,ZNF862,ENSG00000106479,14562
3304,SFRP4,ENSG00000106483,13428
3305,MEST,ENSG00000106484,14280
3306,MEOX2,ENSG00000106511,13187
3307,ANKMY2,ENSG00000106524,13199
3308,ACTR3C,ENSG00000106526,14571
3309,POU6F2,ENSG00000106536,13455
3310,TSPAN13,ENSG00000106537,13203
3311,RARRES2,ENSG00000106538,14575
3312,AGR2,ENSG00000106541,13204
3313,AHR,ENSG00000106546,13206
3314,CHCHD3,ENSG00000106554,14305
3315,GIMAP2,ENSG00000106560,14586
3316,TMEM176B,ENSG00000106565,14589
3317,GLI3,ENSG00000106571,13475
3318,PSMA2,ENSG00000106588,13480
3319,MRPL32,ENSG00000106591,13481
3320,COA1,ENSG00000106603,13488
3321,BLVRA,ENSG00000106605,13489
3322,URGCP,ENSG00000106608,13491
3323,TMEM248,ENSG00000106609,13678
3324,RHEB,ENSG00000106615,14618
3325,PRKAG2,ENSG00000106617,14619
3326,AEBP1,ENSG00000106624,13500
3327,POLD2,ENSG00000106628,13501
3328,MYL7,ENSG00000106631,13502
3329,GCK,ENSG00000106633,13503
3330,BCL7B,ENSG00000106635,13708
3331,YKT6,ENSG00000106636,13504
3332,TBL2,ENSG00000106638,13709
3333,GALNTL5,ENSG00000106648,14623
3334,CLIP2,ENSG00000106665,13729
3335,EIF4H,ENSG00000106682,13725
3336,LIMK1,ENSG00000106683,13724
3337,SPATA6L,ENSG00000106686,16238
3338,SLC1A1,ENSG00000106688,16237
3339,LHX2,ENSG00000106689,17160
3340,FKTN,ENSG00000106692,16985
3341,FSD1L,ENSG00000106701,16983
3342,CNTNAP3,ENSG00000106714,16567
3343,SPIN1,ENSG00000106723,16788
3344,NMRK1,ENSG00000106733,16703
3345,TMEM245,ENSG00000106771,17007
3346,PRUNE2,ENSG00000106772,16709
3347,MEGF9,ENSG00000106780,17104
3348,TRIM14,ENSG00000106785,16922
3349,CORO2A,ENSG00000106789,16923
3350,TGFBR1,ENSG00000106799,16932
3351,SEC61B,ENSG00000106803,16935
3352,C5,ENSG00000106804,17110
3353,OGN,ENSG00000106809,16827
3354,ASPN,ENSG00000106819,16829
3355,ECM2,ENSG00000106823,16830
3356,TLE4,ENSG00000106829,16722
3357,LHX6,ENSG00000106852,17125
3358,PTGR1,ENSG00000106853,17024
3359,SUSD1,ENSG00000106868,17031
3360,AMBP,ENSG00000106927,17062
3361,AKNA,ENSG00000106948,17067
3362,TNFSF8,ENSG00000106952,17076
3363,DNM1,ENSG00000106976,17240
3364,ENG,ENSG00000106991,17221
3365,AK1,ENSG00000106992,17223
3366,CDC37L1,ENSG00000106993,16241
3367,RLN2,ENSG00000107014,16250
3368,RLN1,ENSG00000107018,16251
3369,PLGRKT,ENSG00000107020,16253
3370,TBC1D13,ENSG00000107021,17266
3371,RIC1,ENSG00000107036,16258
3372,KDM4C,ENSG00000107077,16273
3373,DOCK8,ENSG00000107099,16206
3374,KANK1,ENSG00000107104,16209
3375,ELAVL2,ENSG00000107105,16381
3376,NCS1,ENSG00000107130,17314
3377,TESK1,ENSG00000107140,16502
3378,KCNT1,ENSG00000107147,17413
3379,CA9,ENSG00000107159,16510
3380,FUBP3,ENSG00000107164,17317
3381,TYRP1,ENSG00000107165,16293
3382,CREB3,ENSG00000107175,16513
3383,RGP1,ENSG00000107185,16515
3384,MPDZ,ENSG00000107186,16297
3385,LHX3,ENSG00000107187,17421
3387,EDF1,ENSG00000107223,17455
3388,PIP5K1B,ENSG00000107242,16655
3389,GLIS3,ENSG00000107249,16232
3390,BAG1,ENSG00000107262,16431
3391,RAPGEF1,ENSG00000107263,17338
3392,NPDC1,ENSG00000107281,17469
3393,APBA1,ENSG00000107282,16663
3394,SETX,ENSG00000107290,17342
3395,SH3GL2,ENSG00000107295,16325
3396,PTGDS,ENSG00000107317,17462
3397,ABCA2,ENSG00000107331,17466
3398,SHB,ENSG00000107338,16557
3399,UBE2R2,ENSG00000107341,16457
3400,ABHD17B,ENSG00000107362,16680
3401,EXOSC3,ENSG00000107371,16554
3402,ZFAND5,ENSG00000107372,16687
3403,DVL1,ENSG00000107404,57
3404,PDLIM1,ENSG00000107438,18447
3405,CCNJ,ENSG00000107443,18455
3406,DNTT,ENSG00000107447,18460
3407,GATA3,ENSG00000107485,17630
3408,ATRNL1,ENSG00000107518,18689
3409,HPS1,ENSG00000107521,18496
3410,PHYH,ENSG00000107537,17674
3411,RASSF4,ENSG00000107551,17943
3412,DNMBP,ENSG00000107554,18512
3413,RAB11FIP2,ENSG00000107560,18717
3414,CXCL12,ENSG00000107562,17935
3415,ERLIN1,ENSG00000107566,18515
3416,EIF3A,ENSG00000107581,18728
3417,PKD2L1,ENSG00000107593,18521
3418,CUBN,ENSG00000107611,17714
3419,TRDMT1,ENSG00000107614,17716
3422,DDX50,ENSG00000107625,18119
3423,MAPK8,ENSG00000107643,17985
3424,SEC23IP,ENSG00000107651,18740
3425,ATE1,ENSG00000107669,18754
3426,NSMCE4A,ENSG00000107672,18756
3427,PLEKHA1,ENSG00000107679,18762
3428,PALD1,ENSG00000107719,18147
3429,UNC5B,ENSG00000107731,18156
3430,CDH23,ENSG00000107736,18159
3431,VSIR,ENSG00000107738,18162
3432,SPOCK2,ENSG00000107742,18167
3433,MICU1,ENSG00000107745,18173
3434,PPP3CB,ENSG00000107758,18195
3435,CCSER2,ENSG00000107771,18314
3436,BMPR1A,ENSG00000107779,18330
3437,MINPP1,ENSG00000107789,18348
3438,ACTA2,ENSG00000107796,18366
3439,LIPA,ENSG00000107798,18371
3440,TLX1,ENSG00000107807,18543
3441,TWNK,ENSG00000107815,18536
3442,LZTS2,ENSG00000107816,18537
3443,SFXN3,ENSG00000107819,18539
3444,KAZALD1,ENSG00000107821,18541
3445,FBXW4,ENSG00000107829,18553
3446,FGF8,ENSG00000107831,18556
3447,NPM3,ENSG00000107833,18557
3448,TNKS2,ENSG00000107854,18405
3449,PITX3,ENSG00000107859,18567
3450,GBF1,ENSG00000107862,18568
3451,ARHGAP21,ENSG00000107863,17780
3452,CPEB3,ENSG00000107864,18409
3453,FBXL15,ENSG00000107872,18571
3454,CUEDC2,ENSG00000107874,18572
3455,SUFU,ENSG00000107882,18578
3456,ANKRD26,ENSG00000107890,17798
3457,ACBD5,ENSG00000107897,17801
3458,LHPP,ENSG00000107902,18792
3459,LARP4B,ENSG00000107929,17523
3460,GTPBP4,ENSG00000107937,17526
3461,EDRF1,ENSG00000107938,18809
3462,BCCIP,ENSG00000107949,18813
3463,MTPAP,ENSG00000107951,17825
3464,NEURL1,ENSG00000107954,18604
3465,SH3PXD2A,ENSG00000107957,18607
3466,PITRM1,ENSG00000107959,17551
3467,STN1,ENSG00000107960,18611
3468,MAP3K8,ENSG00000107968,17827
3469,DKK1,ENSG00000107984,18032
3470,EBF3,ENSG00000108001,18846
3471,GLRX3,ENSG00000108010,18852
3472,SORCS1,ENSG00000108018,18631
3473,TASOR2,ENSG00000108021,17599
3474,XPNPEP1,ENSG00000108039,18636
3475,SMC3,ENSG00000108055,18644
3476,SHOC2,ENSG00000108061,18652
3477,TFAM,ENSG00000108064,18052
3478,CCDC6,ENSG00000108091,18062
3479,CUL2,ENSG00000108094,17867
3480,CCNY,ENSG00000108100,17872
3481,UBE2S,ENSG00000108106,32725
3482,RPL28,ENSG00000108107,32724
3483,ZMIZ1,ENSG00000108175,18265
3484,DNAJC12,ENSG00000108176,18102
3485,PPIF,ENSG00000108179,18266
3486,PBLD,ENSG00000108187,18109
3487,TSPAN14,ENSG00000108219,18293
3488,LGI1,ENSG00000108231,18426
3489,TBC1D12,ENSG00000108239,18437
3490,CYP2C18,ENSG00000108242,18440
3491,KRT23,ENSG00000108244,29056
3492,CRYBA1,ENSG00000108255,28733
3493,NUFIP2,ENSG00000108256,28734
3494,GIT1,ENSG00000108262,28742
3502,RPL19,ENSG00000108298,28996
3503,FBXL20,ENSG00000108306,28998
3504,RUNDC3A,ENSG00000108309,29228
3505,UBTF,ENSG00000108312,29223
3506,CSF3,ENSG00000108342,29022
3507,PSMD3,ENSG00000108344,29020
3508,CASC3,ENSG00000108349,29027
3509,RAPGEFL1,ENSG00000108352,29028
3510,RGS9,ENSG00000108370,29649
3511,RNF43,ENSG00000108375,29528
3512,WNT3,ENSG00000108379,29296
3513,ASPA,ENSG00000108381,28178
3514,RAD51C,ENSG00000108384,29535
3515,SEPTIN4,ENSG00000108387,29532
3516,MTMR4,ENSG00000108389,29530
3517,TRIM37,ENSG00000108395,29539
3518,P2RX1,ENSG00000108405,28195
3519,DHX40,ENSG00000108406,29549
3520,KRT37,ENSG00000108417,29099
3521,TUBD1,ENSG00000108423,29555
3522,KPNB1,ENSG00000108424,29314
3523,GOSR2,ENSG00000108433,29300
3524,PNPO,ENSG00000108439,29329
3525,RPS6KB1,ENSG00000108443,29556
3526,TRIM16L,ENSG00000108448,28568
3527,CDK5RAP3,ENSG00000108465,29332
3528,CBX1,ENSG00000108468,29339
3529,RECQL5,ENSG00000108469,29804
3530,PIGL,ENSG00000108474,28500
3531,GALK1,ENSG00000108479,29811
3532,INTS2,ENSG00000108506,29586
3533,CAMTA2,ENSG00000108509,28237
3534,MED13,ENSG00000108510,29587
3535,HOXB6,ENSG00000108511,29355
3536,ENO3,ENSG00000108515,28235
3537,PFN1,ENSG00000108518,28234
3538,RNF167,ENSG00000108523,28233
3539,SLC25A11,ENSG00000108528,28232
3540,RASD1,ENSG00000108551,28534
3541,CHRNE,ENSG00000108556,28229
3542,RAI1,ENSG00000108557,28540
3543,NUP88,ENSG00000108559,28256
3544,C1QBP,ENSG00000108561,28260
3545,SLC6A4,ENSG00000108576,28759
3546,BLMH,ENSG00000108578,28762
3547,CPD,ENSG00000108582,28764
3548,GOSR1,ENSG00000108587,28765
3549,CCDC47,ENSG00000108588,29617
3550,MED31,ENSG00000108590,28278
3551,DRG2,ENSG00000108591,28550
3552,FTSJ3,ENSG00000108592,29619
3553,AKAP10,ENSG00000108599,28613
3554,ALDH3A1,ENSG00000108602,28609
3555,SMARCD2,ENSG00000108604,29621
3556,ICAM2,ENSG00000108622,29632
3557,SYNGR2,ENSG00000108639,29887
3558,B9D1,ENSG00000108641,28592
3559,UTP6,ENSG00000108651,28802
3560,DDX5,ENSG00000108654,29640
3561,C17orf75,ENSG00000108666,28812
3562,CYTH1,ENSG00000108669,29901
3563,PSMD11,ENSG00000108671,28820
3564,LGALS3BP,ENSG00000108679,29908
3565,ASIC2,ENSG00000108684,28833
3566,CCL7,ENSG00000108688,28852
3567,CCL2,ENSG00000108691,28851
3568,CCL8,ENSG00000108700,28854
3569,CCL1,ENSG00000108702,28856
3570,PEX12,ENSG00000108733,28891
3572,KRT32,ENSG00000108759,29101
3573,DHX58,ENSG00000108771,29131
3574,KAT2A,ENSG00000108773,29132
3575,RAB5C,ENSG00000108774,29134
3576,NAGLU,ENSG00000108784,29149
3577,HSD17B1,ENSG00000108786,29150
3578,MLX,ENSG00000108788,29153
3579,CNTNAP1,ENSG00000108797,29162
3580,ABI3,ENSG00000108798,29378
3581,EZH1,ENSG00000108799,29164
3582,DLX4,ENSG00000108813,29402
3583,PPP1R9B,ENSG00000108819,29412
3584,COL1A1,ENSG00000108821,29417
3585,SGCA,ENSG00000108823,29416
3587,MRPL27,ENSG00000108826,29423
3588,VAT1,ENSG00000108828,29183
3589,LRRC59,ENSG00000108829,29425
3590,RND2,ENSG00000108830,29184
3591,ALOX12,ENSG00000108839,28288
3592,HDAC5,ENSG00000108840,29215
3593,ABCC3,ENSG00000108846,29440
3594,LUC7L3,ENSG00000108848,29443
3595,PPY,ENSG00000108849,29209
3596,MPP2,ENSG00000108852,29204
3597,SMURF2,ENSG00000108854,29642
3598,DUSP3,ENSG00000108861,29199
3599,CACNG1,ENSG00000108878,29661
3600,EFTUD2,ENSG00000108883,29247
3601,HLF,ENSG00000108924,29475
3602,SLC16A6,ENSG00000108932,29685
3603,PRKAR1A,ENSG00000108946,29688
3604,EFNB3,ENSG00000108947,28346
3605,FAM20A,ENSG00000108950,29689
3606,YWHAE,ENSG00000108953,28113
3607,MMD,ENSG00000108960,29478
3608,RANGRF,ENSG00000108961,28375
3609,DPH1,ENSG00000108963,28137
3610,MAP2K6,ENSG00000108984,29700
3611,DHRS7B,ENSG00000109016,28634
3612,WSB1,ENSG00000109046,28658
3613,RCVRN,ENSG00000109047,28411
3614,MYH1,ENSG00000109061,28419
3616,MYH3,ENSG00000109063,28422
3617,NAT9,ENSG00000109065,29768
3618,TMEM104,ENSG00000109066,29769
3619,VTN,ENSG00000109072,28684
3620,TNFAIP1,ENSG00000109079,28678
3621,IFT20,ENSG00000109083,28677
3622,TMEM97,ENSG00000109084,28676
3623,CDR2L,ENSG00000109089,29778
3624,PMP22,ENSG00000109099,28474
3625,FOXN1,ENSG00000109101,28690
3626,UNC119,ENSG00000109103,28691
3627,ALDOC,ENSG00000109107,28693
3628,SUPT6H,ENSG00000109111,28703
3629,RAB34,ENSG00000109113,28706
3630,PHF12,ENSG00000109118,28723
3631,PHOX2B,ENSG00000109132,8235
3632,TMEM33,ENSG00000109133,8240
3633,GABRA4,ENSG00000109158,8270
3634,GNRHR,ENSG00000109163,8407
3635,SLAIN2,ENSG00000109171,8286
3636,OCIAD1,ENSG00000109180,8290
3637,UGT2B10,ENSG00000109181,8416
3638,CWH43,ENSG00000109182,8293
3639,DCUN1D4,ENSG00000109184,8294
3640,USP46,ENSG00000109189,8301
3641,SULT1E1,ENSG00000109193,8427
3642,ODAM,ENSG00000109205,8434
3643,SMR3A,ENSG00000109208,8438
3644,CHIC2,ENSG00000109220,8318
3645,NMU,ENSG00000109255,8341
3647,LAMTOR3,ENSG00000109270,8685
3648,PF4V1,ENSG00000109272,8470
3649,NFKB1,ENSG00000109320,8704
3650,AREG,ENSG00000109321,8484
3651,MANBA,ENSG00000109323,8705
3652,UBE2D3,ENSG00000109332,8706
3653,MAPK10,ENSG00000109339,8586
3654,ELF2,ENSG00000109381,8950
3655,NDUFC1,ENSG00000109390,8952
3656,UCP1,ENSG00000109424,8969
3657,TBC1D9,ENSG00000109436,8971
3658,ZNF330,ENSG00000109445,8975
3659,INPP4B,ENSG00000109452,8981
3660,GAB1,ENSG00000109458,8987
3661,KLHL2,ENSG00000109466,9168
3662,IL2,ENSG00000109471,8852
3663,CPE,ENSG00000109472,9171
3664,RPL34,ENSG00000109475,8755
3665,WFS1,ENSG00000109501,7958
3666,ANXA10,ENSG00000109511,9179
3667,GRPEL1,ENSG00000109519,7977
3668,GAR1,ENSG00000109534,8769
3669,FRG1,ENSG00000109536,9373
3670,CLCN3,ENSG00000109572,9192
3671,AADAT,ENSG00000109576,9201
3672,GALNT7,ENSG00000109586,9213
3673,DHX15,ENSG00000109606,8116
3674,SOD3,ENSG00000109610,8118
3675,SEPSECS,ENSG00000109618,8121
3676,CPZ,ENSG00000109625,7997
3677,TRIM2,ENSG00000109654,9084
3678,SLC2A9,ENSG00000109667,8026
3679,FBXW7,ENSG00000109670,9073
3680,NEIL3,ENSG00000109674,9255
3681,TBC1D19,ENSG00000109680,8136
3682,CLNK,ENSG00000109684,8034
3683,NSD2,ENSG00000109685,7900
3684,SH3D19,ENSG00000109686,9051
3685,STIM2,ENSG00000109689,8137
3686,NKX3-2,ENSG00000109705,8049
3687,MFSD10,ENSG00000109736,7918
3688,GLRB,ENSG00000109738,9122
3689,BST1,ENSG00000109743,8069
3690,RAPGEF2,ENSG00000109756,9142
3691,HGFAC,ENSG00000109758,7926
3692,SNX25,ENSG00000109762,9321
3693,LRP2BP,ENSG00000109771,9322
3694,UFSP2,ENSG00000109775,9325
3695,KLF3,ENSG00000109787,8195
3696,KLHL5,ENSG00000109790,8201
3697,FAM149A,ENSG00000109794,9335
3698,NCAPG,ENSG00000109805,8091
3699,UGDH,ENSG00000109814,8209
3700,PPARGC1A,ENSG00000109819,8114
3701,DDX25,ENSG00000109832,20874
3702,CRYAB,ENSG00000109846,20601
3703,DBX1,ENSG00000109851,19371
3704,HTATIP2,ENSG00000109854,19372
3705,CTSC,ENSG00000109861,20417
3706,CCDC34,ENSG00000109881,19409
3707,ZBTB16,ENSG00000109906,20642
3708,ELP4,ENSG00000109911,19442
3709,ZPR1,ENSG00000109917,20670
3710,MTCH2,ENSG00000109919,19628
3711,FNBP4,ENSG00000109920,19630
3712,TECTA,ENSG00000109927,20782
3713,SC5D,ENSG00000109929,20783
3714,CRTAM,ENSG00000109943,20796
3715,JHY,ENSG00000109944,20797
3716,B3GAT1,ENSG00000109956,20962
3717,HSPA8,ENSG00000109971,20799
3718,P2RX3,ENSG00000109991,19707
3719,VWA5A,ENSG00000110002,20820
3720,DNAJC4,ENSG00000110011,19932
3721,SIAE,ENSG00000110013,20835
3722,SNX15,ENSG00000110025,19974
3723,LPXN,ENSG00000110031,19743
3724,DTX4,ENSG00000110042,19756
3725,ATG2A,ENSG00000110046,19968
3726,EHD1,ENSG00000110047,19966
3727,OSBP,ENSG00000110048,19769
3728,UNC93B1,ENSG00000110057,20123
3729,PUS3,ENSG00000110060,20872
3730,DCPS,ENSG00000110063,20889
3731,KMT5B,ENSG00000110066,20131
3732,FOXRED1,ENSG00000110074,20885
3733,PPP6R3,ENSG00000110075,20135
3734,NRXN2,ENSG00000110076,19957
3735,MS4A6A,ENSG00000110077,19786
3736,MS4A4A,ENSG00000110079,19787
3737,ST3GAL4,ENSG00000110080,20891
3738,CPT1A,ENSG00000110090,20139
3739,CCND1,ENSG00000110092,20161
3740,CCDC86,ENSG00000110104,19803
3741,PRPF19,ENSG00000110107,19806
3742,TMEM109,ENSG00000110108,19809
3743,CCKBR,ENSG00000110148,19153
3744,HPX,ENSG00000110169,19159
3745,TRIM3,ENSG00000110171,19160
3746,CHORDC1,ENSG00000110172,20435
3747,FOLR1,ENSG00000110195,20217
3748,ANAPC15,ENSG00000110200,20214
3749,FOLR3,ENSG00000110203,20215
3750,PANX1,ENSG00000110218,20456
3751,ARHGEF17,ENSG00000110237,20245
3752,APOA5,ENSG00000110243,20671
3753,APOA4,ENSG00000110244,20674
3754,APOC3,ENSG00000110245,20675
3755,CEP164,ENSG00000110274,20688
3756,RNF141,ENSG00000110315,19248
3757,CEP126,ENSG00000110318,20503
3758,EIF4G2,ENSG00000110321,19253
3759,IL10RA,ENSG00000110324,20697
3760,GALNT18,ENSG00000110328,19260
3761,BIRC2,ENSG00000110330,20510
3762,UBE4A,ENSG00000110344,20708
3763,DDX6,ENSG00000110367,20724
3764,UPK2,ENSG00000110375,20729
3765,CBL,ENSG00000110395,20751
3766,NECTIN1,ENSG00000110400,20763
3767,HIPK3,ENSG00000110422,19463
3768,KIAA1549L,ENSG00000110427,19464
3769,FBXO3,ENSG00000110429,19468
3770,PDHX,ENSG00000110435,19486
3771,SLC1A2,ENSG00000110436,19491
3772,COMMD9,ENSG00000110442,19504
3773,SLC15A3,ENSG00000110446,19812
3774,CD5,ENSG00000110448,19815
3775,ACCS,ENSG00000110455,19543
3776,SCGB2A2,ENSG00000110484,19853
3777,MDK,ENSG00000110492,19590
3778,AMBRA1,ENSG00000110497,19592
3779,MADD,ENSG00000110514,19612
3780,PTPMT1,ENSG00000110536,19623
3781,NAA40,ENSG00000110583,19919
3783,SLC22A18,ENSG00000110628,19039
3784,CD81,ENSG00000110651,19029
3785,SLC35F2,ENSG00000110660,20555
3786,C11orf21,ENSG00000110665,19026
3787,ELMOD1,ENSG00000110675,20553
3788,CALCA,ENSG00000110680,19302
3789,SOX6,ENSG00000110693,19310
3790,C11orf58,ENSG00000110696,19312
3791,PITPNM1,ENSG00000110697,20111
3792,RPS13,ENSG00000110700,19314
3793,AIP,ENSG00000110711,20110
3794,NUP98,ENSG00000110713,19061
3795,NDUFS8,ENSG00000110717,20126
3796,TCIRG1,ENSG00000110719,20127
3797,CHKA,ENSG00000110721,20129
3798,EXPH5,ENSG00000110723,20566
3799,HPS5,ENSG00000110756,19339
3800,GTF2H1,ENSG00000110768,19340
3801,POU2AF1,ENSG00000110777,20587
3802,PTPN5,ENSG00000110786,19353
3803,VWF,ENSG00000110799,21081
3804,PSMD9,ENSG00000110801,22692
3805,P3H3,ENSG00000110811,21119
3806,PPFIBP1,ENSG00000110841,21436
3807,PRPF40B,ENSG00000110844,21671
3808,CD69,ENSG00000110848,21208
3809,PRDM4,ENSG00000110851,22444
3810,CLEC2B,ENSG00000110852,21210
3811,COQ5,ENSG00000110871,22650
3812,SELPLG,ENSG00000110876,22456
3813,CORO1C,ENSG00000110880,22458
3814,ASIC1,ENSG00000110881,21689
3815,DAO,ENSG00000110887,22461
3816,CAPRIN2,ENSG00000110888,21472
3817,TSPAN11,ENSG00000110900,21475
3818,KCTD10,ENSG00000110906,22473
3819,SLC11A2,ENSG00000110911,21707
3820,MLEC,ENSG00000110917,22655
3821,MVK,ENSG00000110921,22476
3822,CSRNP2,ENSG00000110925,21709
3823,CAMKK2,ENSG00000110931,22673
3824,BIN2,ENSG00000110934,21715
3825,IL23A,ENSG00000110944,21923
3826,ATP5F1B,ENSG00000110955,21933
3827,PTGES3,ENSG00000110958,21934
3828,SYT10,ENSG00000110975,21508
3829,BCL7A,ENSG00000110987,22695
3830,RSRC2,ENSG00000111011,22708
3831,CYP27B1,ENSG00000111012,21981
3832,MYF6,ENSG00000111046,22198
3833,MYF5,ENSG00000111049,22199
3834,LIN7A,ENSG00000111052,22201
3835,KRT18,ENSG00000111057,21773
3836,ACSS3,ENSG00000111058,22202
3837,TNS2,ENSG00000111077,21777
3838,GLI1,ENSG00000111087,21960
3839,PPM1H,ENSG00000111110,22015
3840,METAP2,ENSG00000111142,22310
3841,LTA4H,ENSG00000111144,22320
3842,ELK3,ENSG00000111145,22323
3843,SLC6A12,ENSG00000111181,20980
3844,WNT5B,ENSG00000111186,21002
3845,MAGOHB,ENSG00000111196,21238
3846,TRPV4,ENSG00000111199,22479
3847,ITFG2,ENSG00000111203,21028
3848,FOXM1,ENSG00000111206,21031
3849,PRR4,ENSG00000111215,21247
3850,PRMT8,ENSG00000111218,21043
3851,PARP11,ENSG00000111224,21048
3852,ARPC3,ENSG00000111229,22491
3853,GPN3,ENSG00000111231,22492
3854,VPS29,ENSG00000111237,22494
3855,FGF6,ENSG00000111241,21055
3856,MYL2,ENSG00000111245,22502
3857,RAD51AP1,ENSG00000111247,21057
3858,CUX2,ENSG00000111249,22505
3859,SH2B3,ENSG00000111252,22508
3860,AKAP3,ENSG00000111254,21059
3861,MANSC1,ENSG00000111261,21272
3862,KCNA1,ENSG00000111262,21070
3863,DUSP16,ENSG00000111266,21275
3864,CREBL2,ENSG00000111269,21277
3865,ACAD10,ENSG00000111271,22512
3866,ALDH2,ENSG00000111275,22513
3867,CDKN1B,ENSG00000111276,21281
3868,GPRC5D,ENSG00000111291,21288
3869,NAA25,ENSG00000111300,22519
3870,GSG1,ENSG00000111305,21293
3871,SCNN1A,ENSG00000111319,21086
3872,LTBR,ENSG00000111321,21087
3873,OGFOD2,ENSG00000111325,22721
3874,CDK2AP1,ENSG00000111328,22727
3875,OAS3,ENSG00000111331,22529
3876,OAS2,ENSG00000111335,22530
3877,ART4,ENSG00000111339,21315
3878,MGP,ENSG00000111341,21317
3879,RASAL1,ENSG00000111344,22532
3880,ARHGDIB,ENSG00000111348,21319
3881,GTF2H3,ENSG00000111358,22741
3882,EIF2B1,ENSG00000111361,22740
3883,DDX55,ENSG00000111364,22739
3884,SLC38A1,ENSG00000111371,21574
3885,RERGL,ENSG00000111404,21341
3886,ENDOU,ENSG00000111405,21595
3888,VDR,ENSG00000111424,21605
3889,FZD10,ENSG00000111432,22828
3890,RFC5,ENSG00000111445,22599
3891,STX2,ENSG00000111450,22834
3892,ADGRD1,ENSG00000111452,22838
3893,COPZ1,ENSG00000111481,21839
3894,TBC1D30,ENSG00000111490,22041
3895,CAND1,ENSG00000111530,22068
3896,IL26,ENSG00000111536,22079
3897,IFNG,ENSG00000111537,22078
3898,RAB5B,ENSG00000111540,21893
3899,MDM1,ENSG00000111554,22081
3900,NUP107,ENSG00000111581,22087
3901,CNOT2,ENSG00000111596,22112
3902,TIMELESS,ENSG00000111602,21927
3903,CPSF6,ENSG00000111605,22094
3904,KRR1,ENSG00000111615,22156
3905,MRPL51,ENSG00000111639,21094
3906,GAPDH,ENSG00000111640,21098
3907,NOP2,ENSG00000111641,21102
3908,CHD4,ENSG00000111642,21103
3909,ACRBP,ENSG00000111644,21106
3911,COPS7A,ENSG00000111652,21112
3912,ING4,ENSG00000111653,21107
3913,GNB3,ENSG00000111664,21120
3914,CDCA3,ENSG00000111665,21121
3915,CHPT1,ENSG00000111666,22367
3916,USP5,ENSG00000111667,21122
3917,TPI1,ENSG00000111669,21123
3918,GNPTAB,ENSG00000111670,22369
3919,SPSB2,ENSG00000111671,21124
3920,ENO2,ENSG00000111674,21127
3921,ATN1,ENSG00000111676,21128
3922,C12orf57,ENSG00000111678,21129
3923,PTPN6,ENSG00000111679,21131
3924,LPCAT3,ENSG00000111684,21136
3925,NT5DC3,ENSG00000111696,22395
3926,SLCO1B3,ENSG00000111700,21357
3927,APOBEC1,ENSG00000111701,21150
3928,NANOG,ENSG00000111704,21155
3929,SUDS3,ENSG00000111707,22608
3930,GOLT1B,ENSG00000111711,21364
3931,GYS2,ENSG00000111713,21366
3932,LDHB,ENSG00000111716,21367
3933,PRKAB1,ENSG00000111725,22627
3934,CMAS,ENSG00000111726,21374
3935,HCFC2,ENSG00000111727,22402
3936,ST8SIA1,ENSG00000111728,21375
3937,CLEC4A,ENSG00000111729,21164
3938,C2CD5,ENSG00000111731,21379
3939,AICDA,ENSG00000111732,21179
3940,RAB35,ENSG00000111737,22631
3941,PHC1,ENSG00000111752,21188
3942,COX6A1,ENSG00000111775,22643
3944,RFX4,ENSG00000111783,22430
3945,RIC8B,ENSG00000111785,22433
3946,SRSF9,ENSG00000111786,22646
3947,FGFR1OP2,ENSG00000111790,21425
3948,KLRB1,ENSG00000111796,21202
3949,COL12A1,ENSG00000111799,12204
3950,BTN3A3,ENSG00000111801,11503
3951,TDP2,ENSG00000111802,11439
3952,FRK,ENSG00000111816,12478
3953,DSE,ENSG00000111817,12484
3954,RWDD1,ENSG00000111832,12492
3955,RSPH4A,ENSG00000111834,12493
3956,MAK,ENSG00000111837,11326
3957,TMEM14C,ENSG00000111843,11323
3958,PAK1IP1,ENSG00000111845,11322
3959,GCNT2,ENSG00000111846,11318
3960,SMIM8,ENSG00000111850,12284
3961,NEDD9,ENSG00000111859,11335
3962,CEP85L,ENSG00000111860,12507
3963,ADTRP,ENSG00000111863,11341
3964,ASF1A,ENSG00000111875,12511
3965,MCM9,ENSG00000111877,12510
3966,FAM184A,ENSG00000111879,12513
3967,RNGTT,ENSG00000111880,12296
3968,MAN1A1,ENSG00000111885,12514
3969,GABRR2,ENSG00000111886,12303
3970,SERINC1,ENSG00000111897,12521
3971,HDDC2,ENSG00000111906,12539
3972,TPD52L1,ENSG00000111907,12538
3973,HINT3,ENSG00000111911,12547
3974,NCOA7,ENSG00000111912,12545
3975,RIPOR2,ENSG00000111913,11447
3976,SASH1,ENSG00000111961,12743
3977,UST,ENSG00000111962,12744
3978,LY6G5C,ENSG00000111971,11701
3979,ULBP1,ENSG00000111981,12771
3980,FBXO5,ENSG00000112029,12801
3981,MTRF1L,ENSG00000112031,12803
3982,PPARD,ENSG00000112033,11833
3983,OPRM1,ENSG00000112038,12807
3984,FANCE,ENSG00000112039,11834
3985,TULP1,ENSG00000112041,11837
3986,SLC26A8,ENSG00000112053,11848
3987,MAPK14,ENSG00000112062,11849
3988,RHAG,ENSG00000112077,12057
3989,KCTD20,ENSG00000112078,11858
3990,STK38,ENSG00000112079,11859
3991,SRSF3,ENSG00000112081,11860
3993,MRPL18,ENSG00000112110,12868
3994,IL17A,ENSG00000112115,12078
3995,IL17F,ENSG00000112116,12079
3996,MCM3,ENSG00000112118,12080
3997,RNF8,ENSG00000112130,11879
3998,PHACTR1,ENSG00000112137,11349
3999,MDGA1,ENSG00000112139,11884
4001,FBXO9,ENSG00000112146,12092
4002,CD83,ENSG00000112149,11364
4003,MDN1,ENSG00000112159,12309
4004,GLP1R,ENSG00000112164,11893
4005,SAYSD1,ENSG00000112167,11894
4006,BMP5,ENSG00000112175,12118
4007,BACH2,ENSG00000112182,12313
4008,RBM24,ENSG00000112183,11391
4009,CAP2,ENSG00000112186,11392
4010,TREML2,ENSG00000112195,11918
4011,ZNF451,ENSG00000112200,12125
4012,BAG2,ENSG00000112208,12127
4013,RAB23,ENSG00000112210,12128
4014,TSPO2,ENSG00000112212,11912
4015,FHL5,ENSG00000112214,12336
4016,GPR63,ENSG00000112218,12338
4017,KHDRBS2,ENSG00000112232,12139
4018,FBXL4,ENSG00000112234,12347
4019,CCNC,ENSG00000112237,12354
4020,PRDM13,ENSG00000112238,12355
4021,E2F3,ENSG00000112242,11413
4022,PTP4A1,ENSG00000112245,12143
4023,SIM1,ENSG00000112246,12358
4024,ASCC3,ENSG00000112249,12360
4025,HDGFL1,ENSG00000112273,11427
4026,BVES,ENSG00000112276,12371
4027,COL9A1,ENSG00000112280,12162
4028,MED23,ENSG00000112282,12576
4029,WASF1,ENSG00000112290,12427
4030,GPLD1,ENSG00000112293,11436
4031,ALDH5A1,ENSG00000112294,11437
4032,CRYBG1,ENSG00000112297,12383
4033,VNN1,ENSG00000112299,12595
4034,VNN2,ENSG00000112303,12597
4035,ACOT13,ENSG00000112304,11440
4036,SMAP1,ENSG00000112305,12170
4037,RPS12,ENSG00000112306,12600
4038,C6orf62,ENSG00000112308,11442
4039,B3GAT2,ENSG00000112309,12171
4040,GMNN,ENSG00000112312,11445
4041,EYA4,ENSG00000112319,12603
4042,SOBP,ENSG00000112320,12393
4043,NR2E1,ENSG00000112333,12401
4044,SNX3,ENSG00000112335,12402
4045,SLC17A2,ENSG00000112337,11460
4046,HBS1L,ENSG00000112339,12624
4047,TRIM38,ENSG00000112343,11461
4048,PEX7,ENSG00000112357,12647
4049,ZBTB24,ENSG00000112365,12420
4050,FIG4,ENSG00000112367,12423
4051,PERP,ENSG00000112378,12663
4052,ARFGEF3,ENSG00000112379,12664
4053,SLC16A10,ENSG00000112394,12438
4054,HECA,ENSG00000112406,12675
4055,ADGRG6,ENSG00000112414,12694
4056,PHACTR2,ENSG00000112419,12708
4057,EPM2A,ENSG00000112425,12719
4058,OR12D3,ENSG00000112462,11593
4059,SLC39A7,ENSG00000112473,11781
4060,HSD17B8,ENSG00000112474,11782
4061,CCR6,ENSG00000112486,12937
4062,UNC93A,ENSG00000112494,12946
4063,SLC22A2,ENSG00000112499,12875
4064,PHF1,ENSG00000112511,11797
4065,CUTA,ENSG00000112514,11798
4066,PACRG,ENSG00000112530,12892
4067,QKI,ENSG00000112531,12901
4068,C6orf118,ENSG00000112539,12912
4069,PDE10A,ENSG00000112541,12913
4070,MDFI,ENSG00000112559,11925
4071,TFEB,ENSG00000112561,11926
4072,SMOC2,ENSG00000112562,12970
4073,CCND3,ENSG00000112576,11938
4074,BYSL,ENSG00000112578,11937
4075,FAM120B,ENSG00000112584,13005
4076,TBP,ENSG00000112592,13009
4077,GUCA1B,ENSG00000112599,11946
4078,PRPH2,ENSG00000112619,11950
4079,BICRAL,ENSG00000112624,11952
4080,PPP2R5D,ENSG00000112640,11962
4081,MRPL2,ENSG00000112651,11969
4082,PTK7,ENSG00000112655,11971
4083,SRF,ENSG00000112658,11972
4084,CUL9,ENSG00000112659,11973
4085,DNPH1,ENSG00000112667,11975
4086,DUSP22,ENSG00000112679,11192
4087,EXOC2,ENSG00000112685,11195
4088,COX7A2,ENSG00000112695,12205
4089,TMEM30A,ENSG00000112697,12206
4090,GMDS,ENSG00000112699,11215
4091,SENP6,ENSG00000112701,12211
4092,IMPG1,ENSG00000112706,12213
4093,VEGFA,ENSG00000112715,11997
4094,PRPF4B,ENSG00000112739,11253
4095,TTK,ENSG00000112742,12237
4096,SLC29A1,ENSG00000112759,12010
4097,CCN6,ENSG00000112761,12451
4098,BTN2A1,ENSG00000112763,11504
4099,LAMA4,ENSG00000112769,12454
4100,TENT5A,ENSG00000112773,12243
4101,CLIC5,ENSG00000112782,12025
4102,FBRSL1,ENSG00000112787,22880
4103,ENPP5,ENSG00000112796,12028
4104,LY86,ENSG00000112799,11283
4105,PRSS16,ENSG00000112812,11523
4106,MEP1A,ENSG00000112818,12038
4107,TBX18,ENSG00000112837,12270
4108,ERBIN,ENSG00000112851,9919
4109,PCDHB2,ENSG00000112852,10639
4110,HARS2,ENSG00000112855,10613
4111,NUDT12,ENSG00000112874,10254
4112,CEP72,ENSG00000112877,9392
4113,MAN2A1,ENSG00000112893,10275
4114,SEMA5A,ENSG00000112902,9503
4115,C7,ENSG00000112936,9742
4116,TENT4A,ENSG00000112941,9474
4117,GHR,ENSG00000112964,9752
4118,HMGCS1,ENSG00000112972,9768
4119,DAP,ENSG00000112977,9533
4120,NME5,ENSG00000112981,10547
4121,BRD8,ENSG00000112983,10548
4122,KIF20A,ENSG00000112984,10549
4123,NNT,ENSG00000112992,9778
4124,MRPS30,ENSG00000112996,9786
4125,HSPA9,ENSG00000113013,10559
4126,MRPS27,ENSG00000113048,9980
4127,PFDN1,ENSG00000113068,10596
4128,HBEGF,ENSG00000113070,10597
4129,SLC4A9,ENSG00000113073,10599
4130,LOX,ENSG00000113083,10361
4131,GZMK,ENSG00000113088,9828
4132,CDH9,ENSG00000113100,9627
4133,APBB3,ENSG00000113108,10604
4134,TMCO6,ENSG00000113119,10608
4135,SPARC,ENSG00000113140,10829
4136,IK,ENSG00000113141,10609
4137,HMGCR,ENSG00000113161,10024
4138,CERT1,ENSG00000113163,10025
4139,FAF2,ENSG00000113194,11059
4140,HAND1,ENSG00000113196,10850
4141,PCDHB3,ENSG00000113205,10641
4142,PCDHB5,ENSG00000113209,10644
4143,PCDHB6,ENSG00000113211,10646
4144,PCDHB7,ENSG00000113212,10648
4145,PDE8B,ENSG00000113231,10047
4146,CLK4,ENSG00000113240,11117
4147,PCDHB15,ENSG00000113248,10659
4148,HAVCR1,ENSG00000113249,10864
4149,GRM6,ENSG00000113262,11126
4150,ITK,ENSG00000113263,10868
4151,RNF130,ENSG00000113269,11148
4152,THG1L,ENSG00000113272,10881
4153,ARSB,ENSG00000113273,10057
4154,CLINT1,ENSG00000113282,10883
4155,THBS4,ENSG00000113296,10069
4156,CNOT6,ENSG00000113300,11156
4157,IL12B,ENSG00000113302,10902
4158,BTNL8,ENSG00000113303,11166
4159,TTC1,ENSG00000113312,10907
4160,MSH3,ENSG00000113318,10081
4161,RASGRF2,ENSG00000113319,10083
4162,GABRG2,ENSG00000113327,10926
4163,CCNG1,ENSG00000113328,10928
4164,POLR3G,ENSG00000113356,10154
4165,DROSHA,ENSG00000113360,9640
4166,CDH6,ENSG00000113361,9639
4167,LMNB1,ENSG00000113368,10404
4168,ARRDC3,ENSG00000113369,10164
4169,GOLPH3,ENSG00000113384,9650
4170,SUB1,ENSG00000113387,9654
4171,NPR3,ENSG00000113389,9657
4173,SLC27A6,ENSG00000113396,10420
4175,IRX4,ENSG00000113430,9424
4176,LNPEP,ENSG00000113441,10217
4177,PDE4D,ENSG00000113448,9876
4178,RAD1,ENSG00000113456,9678
4179,BRIX1,ENSG00000113460,9679
4180,AGXT2,ENSG00000113492,9681
4181,PRLR,ENSG00000113494,9682
4182,SLC12A7,ENSG00000113504,9406
4183,IL4,ENSG00000113520,10457
4184,RAD50,ENSG00000113522,10454
4185,IL5,ENSG00000113525,10453
4186,ST8SIA4,ENSG00000113532,10238
4187,GNPDA1,ENSG00000113552,10706
4188,PCDH12,ENSG00000113555,10702
4189,SKP1,ENSG00000113558,10485
4190,NUP155,ENSG00000113569,9704
4191,PPP2CA,ENSG00000113575,10486
4192,FGF1,ENSG00000113578,10710
4193,NR3C1,ENSG00000113580,10717
4194,C5orf15,ENSG00000113583,10481
4195,PPWD1,ENSG00000113593,9912
4196,LIFR,ENSG00000113594,9719
4197,TRIM23,ENSG00000113595,9913
4198,TRAPPC13,ENSG00000113597,9915
4199,C9,ENSG00000113600,9728
4200,SEC24A,ENSG00000113615,10497
4201,TXNDC15,ENSG00000113621,10501
4202,TTC33,ENSG00000113638,9737
4204,WWC1,ENSG00000113645,10955
4206,TCERG1,ENSG00000113649,10740
4207,DPYSL3,ENSG00000113657,10748
4208,SMAD5,ENSG00000113658,10528
4209,CSNK1A1,ENSG00000113712,10786
4210,HMGXB3,ENSG00000113716,10793
4211,ERGIC1,ENSG00000113719,11002
4212,PDGFRB,ENSG00000113721,10795
4213,CDX1,ENSG00000113722,10796
4214,ATP6V0E1,ENSG00000113732,11006
4215,BNIP1,ENSG00000113734,11009
4216,STC2,ENSG00000113739,11011
4217,CPEB4,ENSG00000113742,11023
4218,HRH2,ENSG00000113749,11040
4219,DBN1,ENSG00000113758,11088
4220,ZNF346,ENSG00000113761,11072
4221,UNC5A,ENSG00000113763,11069
4222,EHHADH,ENSG00000113790,7656
4223,CNTN3,ENSG00000113805,6734
4224,SMC4,ENSG00000113810,7446
4225,SELENOK,ENSG00000113811,6581
4226,ACTR8,ENSG00000113812,6580
4227,TBCCD1,ENSG00000113838,7672
4228,TIMMDC1,ENSG00000113845,6977
4229,CRBN,ENSG00000113851,5969
4230,KNG1,ENSG00000113889,7678
4231,HRG,ENSG00000113905,7677
4232,BCL6,ENSG00000113916,7697
4233,HGD,ENSG00000113924,6996
4234,CLDN16,ENSG00000113946,7715
4235,ARL6,ENSG00000113966,6792
4236,NPHP3,ENSG00000113971,7164
4237,CD86,ENSG00000114013,7013
4238,AMOTL2,ENSG00000114019,7183
4239,NIT2,ENSG00000114021,6830
4240,FAM162A,ENSG00000114023,7017
4241,OGG1,ENSG00000114026,6021
4242,KPNA1,ENSG00000114030,7020
4243,PCCB,ENSG00000114054,7193
4244,UBE3A,ENSG00000114062,25241
4245,ARMC8,ENSG00000114098,7211
4246,CEP70,ENSG00000114107,7215
4247,RBP2,ENSG00000114113,7231
4248,RBP1,ENSG00000114115,7233
4249,SLC25A36,ENSG00000114120,7244
4250,GRK7,ENSG00000114124,7255
4251,RNF7,ENSG00000114125,7254
4252,TFDP2,ENSG00000114126,7259
4253,XRN1,ENSG00000114127,7261
4254,KAT2B,ENSG00000114166,6150
4255,BCHE,ENSG00000114200,7469
4256,SERPINI2,ENSG00000114204,7474
4257,PDCD10,ENSG00000114209,7476
4258,LRRC31,ENSG00000114248,7499
4259,WNT5A,ENSG00000114251,6593
4260,PFKFB4,ENSG00000114268,6420
4261,COL7A1,ENSG00000114270,6422
4262,FGF12,ENSG00000114279,7729
4263,PRKAR2A,ENSG00000114302,6431
4264,HES1,ENSG00000114315,7751
4265,USP4,ENSG00000114316,6455
4266,ACAP2,ENSG00000114331,7778
4267,ECT2,ENSG00000114346,7533
4268,GNAT1,ENSG00000114349,6485
4269,GNAI2,ENSG00000114353,6487
4270,TFG,ENSG00000114354,6835
4271,USP9Y,ENSG00000114374,36492
4272,HYAL1,ENSG00000114378,6496
4273,TUSC2,ENSG00000114383,6498
4274,NPRL2,ENSG00000114388,6503
4275,RPL24,ENSG00000114391,6843
4276,CYB561D2,ENSG00000114395,6504
4278,FXR1,ENSG00000114416,7588
4279,CBLB,ENSG00000114423,6855
4280,BBX,ENSG00000114439,6865
4281,IFT57,ENSG00000114446,6871
4282,GNB4,ENSG00000114450,7568
4283,HHLA2,ENSG00000114455,6872
4284,IQCG,ENSG00000114473,7839
4285,GBE1,ENSG00000114480,6754
4286,MORC1,ENSG00000114487,6879
4287,UMPS,ENSG00000114491,7044
4288,NCBP2,ENSG00000114503,7815
4289,SNX4,ENSG00000114520,7052
4290,C3orf52,ENSG00000114529,6901
4291,FRMD4B,ENSG00000114541,6697
4292,SLC41A3,ENSG00000114544,7061
4293,ROPN1B,ENSG00000114547,7060
4294,PLXNA1,ENSG00000114554,7081
4295,ATP6V1A,ENSG00000114573,6932
4296,ABTB1,ENSG00000114626,7095
4297,PODXL2,ENSG00000114631,7094
4298,UPK1B,ENSG00000114638,6969
4299,CSPG5,ENSG00000114646,6402
4300,KLHL18,ENSG00000114648,6397
4301,SCAP,ENSG00000114650,6400
4302,EFCC1,ENSG00000114654,7117
4304,NEK11,ENSG00000114670,7151
4305,MRPL3,ENSG00000114686,7156
4306,PLSCR4,ENSG00000114698,7288
4307,HEMK1,ENSG00000114735,6509
4308,CISH,ENSG00000114737,6511
4309,MAPKAPK3,ENSG00000114738,6512
4310,ACVR2B,ENSG00000114739,6256
4311,WDR48,ENSG00000114742,6262
4312,COMMD2,ENSG00000114744,7328
4313,GORASP1,ENSG00000114745,6263
4314,PEX5L,ENSG00000114757,7577
4315,RRP9,ENSG00000114767,6529
4316,ABCC5,ENSG00000114770,7620
4317,AADAC,ENSG00000114771,7363
4318,ABHD14B,ENSG00000114779,6533
4319,EIF1B,ENSG00000114784,6283
4321,ARHGEF26,ENSG00000114790,7380
4322,KLHL24,ENSG00000114796,7615
4323,PLCH1,ENSG00000114805,7391
4324,VIPR1,ENSG00000114812,6301
4325,DNAH1,ENSG00000114841,6549
4326,SSR3,ENSG00000114850,7405
4327,ZBTB47,ENSG00000114853,6307
4328,TNNC1,ENSG00000114854,6553
4329,NKTR,ENSG00000114857,6305
4330,CLCN2,ENSG00000114859,7640
4331,FOXP1,ENSG00000114861,6705
4332,EIF4G1,ENSG00000114867,7638
4333,SPCS1,ENSG00000114902,6561
4334,NEK4,ENSG00000114904,6562
4335,SLC4A3,ENSG00000114923,5663
4336,INO80D,ENSG00000114933,5461
4337,EEF1B2,ENSG00000114942,5465
4338,ADAM23,ENSG00000114948,5469
4339,DGUOK,ENSG00000114956,4218
4340,MOB1A,ENSG00000114978,4225
4341,KANSL3,ENSG00000114982,4500
4342,LMAN2L,ENSG00000114988,4502
4343,RTKN,ENSG00000114993,4234
4344,TTL,ENSG00000114999,4714
4345,IL1A,ENSG00000115008,4723
4346,CCL20,ENSG00000115009,5723
4347,PIKFYVE,ENSG00000115020,5504
4348,KCNIP3,ENSG00000115041,4475
4349,FAHD2A,ENSG00000115042,4476
4350,NCL,ENSG00000115053,5759
4351,ACTR1B,ENSG00000115073,4531
4352,SLC35F5,ENSG00000115084,4749
4353,ZAP70,ENSG00000115085,4533
4354,ACTR3,ENSG00000115091,4753
4355,STEAP3,ENSG00000115107,4778
4356,EPB41L5,ENSG00000115109,4788
4357,TFCP2L1,ENSG00000115112,4801
4358,SF3B6,ENSG00000115128,3673
4359,TP53I3,ENSG00000115129,3675
4360,DNAJC27,ENSG00000115137,3688
4361,POMC,ENSG00000115138,3692
4362,STAM2,ENSG00000115145,5009
4363,OTOF,ENSG00000115155,3708
4364,GPD2,ENSG00000115159,5030
4365,CENPA,ENSG00000115163,3714
4366,CYTIP,ENSG00000115165,5037
4367,ACVR1,ENSG00000115170,5040
4368,TANC1,ENSG00000115183,5052
4369,SLC30A3,ENSG00000115194,3736
4370,MPV17,ENSG00000115204,3740
4371,GTF3C2,ENSG00000115207,3741
4372,EIF2B4,ENSG00000115211,3744
4373,NRBP1,ENSG00000115216,3748
4374,ITGB6,ENSG00000115221,5063
4375,FNDC4,ENSG00000115226,3751
4376,ITGA4,ENSG00000115232,5260
4377,PSMD14,ENSG00000115233,5071
4378,SNX17,ENSG00000115234,3745
4379,ASB3,ENSG00000115239,3994
4380,PPM1G,ENSG00000115241,3747
4381,PDE1A,ENSG00000115252,5268
4382,REEP6,ENSG00000115255,30933
4383,PCSK4,ENSG00000115257,30932
4384,GCG,ENSG00000115263,5080
4385,APC2,ENSG00000115266,30929
4386,IFIH1,ENSG00000115267,5083
4387,RPS15,ENSG00000115268,30927
4388,GCA,ENSG00000115271,5084
4389,INO80B,ENSG00000115274,4235
4390,MOGS,ENSG00000115275,4237
4391,TTC31,ENSG00000115282,4241
4392,NDUFS7,ENSG00000115286,30922
4393,PCGF1,ENSG00000115289,4245
4394,GRB14,ENSG00000115290,5089
4395,CLIP4,ENSG00000115295,3780
4396,TLX2,ENSG00000115297,4246
4397,SPTBN1,ENSG00000115306,4003
4398,AUP1,ENSG00000115307,4248
4399,RTN4,ENSG00000115310,4010
4400,HTRA2,ENSG00000115317,4249
4401,LOXL3,ENSG00000115318,4250
4402,DOK1,ENSG00000115325,4251
4403,GALNT3,ENSG00000115339,5097
4404,POLE4,ENSG00000115350,4261
4405,TACR1,ENSG00000115353,4262
4406,CCDC88A,ENSG00000115355,4016
4407,ACADL,ENSG00000115361,5516
4408,EVA1A,ENSG00000115363,4264
4409,MRPL19,ENSG00000115364,4267
4410,LANCL1,ENSG00000115365,5519
4411,WDR75,ENSG00000115368,5307
4412,EFEMP1,ENSG00000115380,4021
4413,REG1A,ENSG00000115386,4292
4414,FANCL,ENSG00000115392,4030
4415,FN1,ENSG00000115414,5543
4416,STAT1,ENSG00000115415,5331
4417,GLS,ENSG00000115419,5330
4418,PAPOLG,ENSG00000115421,4044
4419,DNAH6,ENSG00000115423,4309
4420,PECR,ENSG00000115425,5555
4421,UNC50,ENSG00000115446,4541
4422,IGFBP2,ENSG00000115457,5569
4423,ELMOD3,ENSG00000115459,4319
4424,IGFBP5,ENSG00000115461,5570
4425,USP34,ENSG00000115464,4054
4426,EFHD1,ENSG00000115468,5784
4427,KCNJ13,ENSG00000115474,5787
4428,CCT4,ENSG00000115484,4060
4429,GGCX,ENSG00000115486,4326
4430,NEU2,ENSG00000115488,5791
4431,EHBP1,ENSG00000115504,4069
4432,OTX1,ENSG00000115507,4073
4433,TXNDC9,ENSG00000115514,4553
4434,COQ10B,ENSG00000115520,5373
4435,GNLY,ENSG00000115523,4334
4436,SF3B1,ENSG00000115524,5372
4437,ST3GAL5,ENSG00000115525,4337
4438,CHST10,ENSG00000115526,4561
4439,PDCL3,ENSG00000115539,4563
4440,MOB4,ENSG00000115540,5376
4441,HSPE1,ENSG00000115541,5375
4442,KDM3A,ENSG00000115548,4347
4443,PLCD4,ENSG00000115556,5604
4444,CHMP3,ENSG00000115561,4348
4445,ZNF142,ENSG00000115568,5606
4446,IL1R2,ENSG00000115590,4585
4447,PRKAG3,ENSG00000115592,5614
4448,SMYD1,ENSG00000115593,4367
4449,IL1R1,ENSG00000115594,4587
4450,WNT6,ENSG00000115596,5615
4451,IL1RL2,ENSG00000115598,4589
4452,IL1RL1,ENSG00000115602,4590
4453,IL18R1,ENSG00000115604,4591
4454,IL18RAP,ENSG00000115607,4592
4455,SLC9A2,ENSG00000115616,4596
4456,FHL2,ENSG00000115641,4633
4457,MLPH,ENSG00000115648,5844
4458,CNPPD1,ENSG00000115649,5630
4459,UXS1,ENSG00000115652,4641
4460,ABCB6,ENSG00000115657,5634
4461,STK16,ENSG00000115661,5638
4462,SLC5A7,ENSG00000115665,4659
4463,HDLBP,ENSG00000115677,5919
4464,PPP1R7,ENSG00000115685,5917
4465,PASK,ENSG00000115687,5916
4466,STK25,ENSG00000115694,5925
4467,TPO,ENSG00000115705,3441
4468,PROC,ENSG00000115718,4835
4469,ID2,ENSG00000115738,3513
4470,TAF1B,ENSG00000115750,3531
4471,HPCAL1,ENSG00000115756,3544
4472,ODC1,ENSG00000115758,3545
4473,BIRC6,ENSG00000115760,3811
4474,NOL10,ENSG00000115761,3547
4475,PLEKHB2,ENSG00000115762,4881
4476,GORASP2,ENSG00000115806,5144
4477,STRN,ENSG00000115808,3837
4478,CEBPZ,ENSG00000115816,3843
4479,PRKD3,ENSG00000115825,3846
4480,DCAF17,ENSG00000115827,5147
4481,QPCT,ENSG00000115828,3849
4482,RAB3GAP1,ENSG00000115839,4919
4483,SLC25A12,ENSG00000115840,5150
4484,RMDN2,ENSG00000115841,3855
4485,DLX2,ENSG00000115844,5154
4486,LCT,ENSG00000115850,4923
4488,SRSF7,ENSG00000115875,3870
4489,SDC1,ENSG00000115884,3636
4490,PLCL1,ENSG00000115896,5382
4491,SLC1A4,ENSG00000115902,4096
4492,SOS1,ENSG00000115904,3877
4493,KYNU,ENSG00000115919,4948
4494,WIPF1,ENSG00000115935,5182
4495,ORC2,ENSG00000115942,5409
4496,COX7A2L,ENSG00000115944,3899
4497,PNO1,ENSG00000115946,4128
4498,ORC4,ENSG00000115947,4977
4499,PLEK,ENSG00000115956,4134
4500,RND3,ENSG00000115963,4992
4501,ATF2,ENSG00000115966,5186
4502,THADA,ENSG00000115970,3913
4503,AAK1,ENSG00000115977,4148
4504,TRAK2,ENSG00000115993,5420
4505,C2orf42,ENSG00000115998,4159
4506,TIA1,ENSG00000116001,4160
4507,PCYOX1,ENSG00000116005,4161
4508,KISS1R,ENSG00000116014,30895
4509,EPAS1,ENSG00000116016,3940
4510,ARID3A,ENSG00000116017,30896
4511,SUMO1,ENSG00000116030,5434
4512,CD207,ENSG00000116031,4173
4513,GRIN3B,ENSG00000116032,30901
4514,VAX2,ENSG00000116035,4175
4515,ATP6V1B1,ENSG00000116039,4176
4516,NFE2L2,ENSG00000116044,5218
4517,MSH6,ENSG00000116062,3968
4518,PLEKHA3,ENSG00000116095,5237
4519,SPR,ENSG00000116096,4192
4520,EPHA4,ENSG00000116106,5674
4521,PARD3B,ENSG00000116117,5456
4522,FARSB,ENSG00000116120,5681
4523,ALMS1,ENSG00000116127,4206
4524,BCL9,ENSG00000116128,1869
4525,PRRX1,ENSG00000116132,2461
4526,DHCR24,ENSG00000116133,1149
4527,DNAJC16,ENSG00000116138,355
4528,MARK1,ENSG00000116141,3010
4529,TNR,ENSG00000116147,2516
4530,MORN1,ENSG00000116151,101
4531,GPX7,ENSG00000116157,1094
4532,CACYBP,ENSG00000116161,2510
4533,SCP2,ENSG00000116171,1101
4534,TPSG1,ENSG00000116176,26509
4535,PAPPA2,ENSG00000116183,2523
4536,RALGPS2,ENSG00000116191,2539
4537,ANGPTL1,ENSG00000116194,2540
4538,CEP104,ENSG00000116198,145
4539,FAM20B,ENSG00000116199,2541
4540,TCEANC2,ENSG00000116205,1129
4541,TMEM59,ENSG00000116209,1128
4542,LRRC42,ENSG00000116212,1126
4543,WRAP73,ENSG00000116213,137
4544,NPHS2,ENSG00000116218,2547
4545,MRPL37,ENSG00000116221,1133
4546,ICMT,ENSG00000116237,173
4547,RPL22,ENSG00000116251,170
4548,CHD5,ENSG00000116254,169
4549,QSOX1,ENSG00000116260,2561
4550,STXBP3,ENSG00000116266,1596
4551,PHF13,ENSG00000116273,188
4552,ERRFI1,ENSG00000116285,211
4553,PARK7,ENSG00000116288,208
4555,OPRD1,ENSG00000116329,664
4556,AMPD2,ENSG00000116337,1623
4557,SRSF4,ENSG00000116350,669
4558,MECR,ENSG00000116353,670
4559,KCNC4,ENSG00000116396,1647
4560,EDEM3,ENSG00000116406,2620
4561,WDR77,ENSG00000116455,1679
4562,ATP5PB,ENSG00000116459,1680
4563,RAP1A,ENSG00000116473,1684
4564,HDAC1,ENSG00000116478,725
4565,CAPZA1,ENSG00000116489,1699
4566,S100PBP,ENSG00000116497,739
4567,RNF19B,ENSG00000116514,744
4568,SCAMP3,ENSG00000116521,2146
4569,TRIM62,ENSG00000116525,748
4570,ASH1L,ENSG00000116539,2153
4571,DLGAP3,ENSG00000116544,769
4572,SFPQ,ENSG00000116560,774
4573,RHOU,ENSG00000116574,3136
4574,GON4L,ENSG00000116580,2162
4575,ARHGEF2,ENSG00000116584,2167
4576,LAMTOR2,ENSG00000116586,2173
4577,MEF2D,ENSG00000116604,2191
4578,DOCK7,ENSG00000116641,1211
4579,SRM,ENSG00000116649,264
4580,DLEU2L,ENSG00000116652,1229
4581,FBXO2,ENSG00000116661,277
4582,FBXO6,ENSG00000116663,279
4583,C1orf21,ENSG00000116667,2616
4584,SWT1,ENSG00000116668,2625
4585,MAD2L2,ENSG00000116670,280
4586,DNAJC6,ENSG00000116675,1241
4587,LEPR,ENSG00000116678,1244
4588,IVNS1ABP,ENSG00000116679,2626
4589,KIAA2013,ENSG00000116685,290
4590,MFN2,ENSG00000116688,293
4591,PRG4,ENSG00000116690,2633
4592,MIIP,ENSG00000116691,294
4593,SMG7,ENSG00000116698,2604
4594,NCF2,ENSG00000116701,2605
4595,PDC,ENSG00000116703,2638
4596,SLC35D1,ENSG00000116704,1256
4597,PLA2G4A,ENSG00000116711,2642
4598,GADD45A,ENSG00000116717,1263
4599,PRAMEF1,ENSG00000116721,306
4600,PRAMEF12,ENSG00000116726,305
4601,WLS,ENSG00000116729,1267
4602,PRDM2,ENSG00000116731,338
4603,RGS2,ENSG00000116741,2670
4604,RPE65,ENSG00000116745,1268
4605,RO60,ENSG00000116747,2672
4606,AMPD1,ENSG00000116748,1731
4607,UCHL5,ENSG00000116750,2671
4608,BCAS2,ENSG00000116752,1729
4609,SRSF11,ENSG00000116754,1283
4610,CTH,ENSG00000116761,1288
4611,AGMAT,ENSG00000116771,357
4612,OLFML3,ENSG00000116774,1724
4613,TNNI3K,ENSG00000116783,1310
4614,CFHR3,ENSG00000116785,2687
4615,PLEKHM2,ENSG00000116786,362
4616,CRYZ,ENSG00000116791,1317
4617,PHTF1,ENSG00000116793,1714
4618,ZBTB17,ENSG00000116809,371
4619,CD58,ENSG00000116815,1758
4620,TFAP2E,ENSG00000116819,780
4621,CD2,ENSG00000116824,1761
4622,TTF2,ENSG00000116830,1766
4623,NR5A2,ENSG00000116833,2713
4624,KIF21B,ENSG00000116852,2725
4625,TMEM9,ENSG00000116857,2730
4627,MAP7D1,ENSG00000116871,795
4628,WARS2,ENSG00000116874,1781
4629,HAO2,ENSG00000116882,1786
4631,OSCP1,ENSG00000116885,802
4632,MRPS15,ENSG00000116898,803
4633,EXOC8,ENSG00000116903,3178
4634,GNPAT,ENSG00000116906,3177
4635,TSNAX,ENSG00000116918,3182
4637,RRAGC,ENSG00000116954,840
4639,NID1,ENSG00000116962,3244
4640,LGALS8,ENSG00000116977,3249
4641,NT5C1A,ENSG00000116981,856
4642,HPCAL4,ENSG00000116983,857
4643,MTR,ENSG00000116984,3255
4644,BMP8B,ENSG00000116985,859
4645,MYCL,ENSG00000116990,866
4646,SIPA1L2,ENSG00000116991,3189
4647,ZP4,ENSG00000116996,3260
4648,RLF,ENSG00000117000,871
4649,KMO,ENSG00000117009,3286
4650,ZNF684,ENSG00000117010,885
4651,KCNQ4,ENSG00000117013,892
4652,RIMS3,ENSG00000117016,887
4653,AKT3,ENSG00000117020,3302
4654,ETV3,ENSG00000117036,2221
4655,ACADM,ENSG00000117054,1325
4656,ST6GALNAC5,ENSG00000117069,1334
4657,SLAMF1,ENSG00000117090,2303
4658,CD48,ENSG00000117091,2305
4659,ADGRL2,ENSG00000117114,1365
4660,PADI2,ENSG00000117115,408
4661,SDHB,ENSG00000117118,407
4662,MFAP2,ENSG00000117122,403
4663,RPF1,ENSG00000117133,1384
4664,KDM5B,ENSG00000117139,2764
4665,UAP1,ENSG00000117143,2364
4666,ACTL8,ENSG00000117148,419
4667,CTBS,ENSG00000117151,1387
4668,RGS4,ENSG00000117152,2369
4669,KLHL12,ENSG00000117153,2768
4670,IGSF21,ENSG00000117154,422
4671,SSX2IP,ENSG00000117155,1391
4672,ZNHIT6,ENSG00000117174,1407
4673,PLA2G2D,ENSG00000117215,450
4674,RBBP5,ENSG00000117222,2816
4675,GBP3,ENSG00000117226,1431
4676,GBP1,ENSG00000117228,1432
4677,KIF17,ENSG00000117245,471
4678,GPR89A,ENSG00000117262,1836
4679,CDK18,ENSG00000117266,2826
4680,RAB29,ENSG00000117280,2831
4681,CD160,ENSG00000117281,1838
4683,ECE1,ENSG00000117298,477
4684,HMGCL,ENSG00000117305,530
4685,GALE,ENSG00000117308,529
4686,ID3,ENSG00000117318,521
4687,CR2,ENSG00000117322,2872
4688,CD46,ENSG00000117335,2877
4689,PRPF3,ENSG00000117360,1932
4690,APH1A,ENSG00000117362,1928
4691,P3H1,ENSG00000117385,922
4692,SLC2A1,ENSG00000117394,930
4693,EBNA1BP2,ENSG00000117395,934
4694,CDC20,ENSG00000117399,942
4695,MPL,ENSG00000117400,939
4696,ARTN,ENSG00000117407,955
4697,IPO13,ENSG00000117408,957
4698,ATP6V0B,ENSG00000117410,960
4699,B4GALT2,ENSG00000117411,961
4700,ERI3,ENSG00000117419,968
4701,PTCH2,ENSG00000117425,980
4702,AKR1A1,ENSG00000117448,993
4703,PRDX1,ENSG00000117450,992
4704,PIK3R3,ENSG00000117461,1001
4705,TSPAN1,ENSG00000117472,1004
4706,BLZF1,ENSG00000117475,2440
4707,CCDC181,ENSG00000117477,2441
4708,SLC19A2,ENSG00000117479,2442
4709,FAAH,ENSG00000117480,1012
4710,NSUN4,ENSG00000117481,1011
4711,TMED5,ENSG00000117500,1479
4712,MROH9,ENSG00000117501,2464
4713,DR1,ENSG00000117505,1482
4715,CNN3,ENSG00000117519,1499
4716,PRRC2C,ENSG00000117523,2470
4717,F3,ENSG00000117525,1496
4718,ABCD3,ENSG00000117528,1495
4719,VAMP4,ENSG00000117533,2473
4720,DPH5,ENSG00000117543,1555
4721,FASLG,ENSG00000117560,2482
4722,PTBP2,ENSG00000117569,1517
4723,TNFSF4,ENSG00000117586,2487
4724,PRDX6,ENSG00000117592,2489
4725,DARS2,ENSG00000117593,2496
4726,HSD11B1,ENSG00000117594,2900
4727,IRF6,ENSG00000117595,2903
4728,UTP25,ENSG00000117597,2904
4729,PLPPR5,ENSG00000117598,1527
4730,PLPPR4,ENSG00000117600,1529
4731,SERPINC1,ENSG00000117601,2500
4732,RCAN3,ENSG00000117602,547
4733,SYF2,ENSG00000117614,559
4734,RSRP1,ENSG00000117616,562
4735,SLC35A3,ENSG00000117620,1535
4736,RCOR3,ENSG00000117625,2915
4737,STMN1,ENSG00000117632,579
4738,MTFR1L,ENSG00000117640,574
4739,MAN1C1,ENSG00000117643,570
4740,NEK2,ENSG00000117650,2925
4741,RPS6KA1,ENSG00000117676,602
4742,DHDDS,ENSG00000117682,599
4743,NENF,ENSG00000117691,2940
4744,NSL1,ENSG00000117697,2951
4745,PROX1,ENSG00000117707,2964
4746,ARID1A,ENSG00000117713,604
4747,CENPF,ENSG00000117724,2971
4748,RPA2,ENSG00000117748,641
4749,PPP1R8,ENSG00000117751,639
4750,STX12,ENSG00000117758,635
4752,SLC5A9,ENSG00000117834,1047
4753,OSBPL9,ENSG00000117859,1076
4754,TXNDC12,ENSG00000117862,1081
4755,ESYT2,ENSG00000117868,14695
4757,MESD,ENSG00000117899,26119
4758,RCN2,ENSG00000117906,26047
4759,CHRNB4,ENSG00000117971,26083
4760,MUC5B,ENSG00000117983,18981
4761,CTSD,ENSG00000117984,19003
4762,COLEC11,ENSG00000118004,3470
4763,STAG1,ENSG00000118007,7194
4764,A4GNT,ENSG00000118017,7209
4765,STK11,ENSG00000118046,30910
4766,KMT2A,ENSG00000118058,20713
4767,TREH,ENSG00000118094,20721
4768,IFT46,ENSG00000118096,20717
4769,MMP8,ENSG00000118113,20519
4770,APOA1,ENSG00000118137,20676
4771,ZNF541,ENSG00000118156,32344
4772,SLC8A2,ENSG00000118160,32339
4773,KPTN,ENSG00000118162,32341
4774,RPS25,ENSG00000118181,20734
4775,KIF14,ENSG00000118193,2719
4776,TNNT2,ENSG00000118194,2734
4777,DDX59,ENSG00000118197,2720
4778,CAMSAP2,ENSG00000118200,2722
4779,ATF6,ENSG00000118217,2353
4780,CRYGD,ENSG00000118231,5497
4781,MREG,ENSG00000118242,5554
4782,TNP1,ENSG00000118245,5575
4783,FASTKD2,ENSG00000118246,5475
4784,NRP2,ENSG00000118257,5458
4785,CREB1,ENSG00000118260,5489
4786,KLF7,ENSG00000118263,5479
4787,TTR,ENSG00000118271,30401
4788,B4GALT6,ENSG00000118276,30402
4789,C1orf54,ENSG00000118292,1929
4790,CA14,ENSG00000118298,1927
4793,ATP10B,ENSG00000118322,10917
4794,SPCS2,ENSG00000118363,20278
4795,USP35,ENSG00000118369,20350
4796,ELOVL4,ENSG00000118402,12235
4797,FILIP1,ENSG00000118407,12208
4798,HMGN3,ENSG00000118418,12224
4799,UBE3D,ENSG00000118420,12253
4800,CNR1,ENSG00000118432,12293
4801,SPACA1,ENSG00000118434,12292
4802,ANKRD13C,ENSG00000118454,1285
4803,SGIP1,ENSG00000118473,1249
4804,PHF3,ENSG00000118482,12146
4805,ZC2HC1B,ENSG00000118491,12711
4806,ADGB,ENSG00000118492,12729
4807,PLAGL1,ENSG00000118495,12712
4808,FBXO30,ENSG00000118496,12724
4809,TNFAIP3,ENSG00000118503,12659
4810,AKAP7,ENSG00000118507,12574
4811,RAB32,ENSG00000118508,12727
4812,MYB,ENSG00000118513,12626
4813,ALDH8A1,ENSG00000118514,12622
4814,SGK1,ENSG00000118515,12613
4815,RNF146,ENSG00000118518,12552
4816,ARG1,ENSG00000118520,12575
4817,CCN2,ENSG00000118523,12582
4818,TCF21,ENSG00000118526,12609
4819,PMFBP1,ENSG00000118557,27738
4820,FBXL5,ENSG00000118564,8067
4821,MED28,ENSG00000118579,8088
4822,SLC16A7,ENSG00000118596,22003
4823,RXYLT1,ENSG00000118600,22021
4824,ZNF430,ENSG00000118620,31667
4825,VAMP8,ENSG00000118640,4327
4826,DCLRE1B,ENSG00000118655,1721
4827,MYL12B,ENSG00000118680,30123
4828,FOXO3,ENSG00000118689,12407
4829,ARMC2,ENSG00000118690,12410
4830,GHRH,ENSG00000118702,33385
4831,RPN2,ENSG00000118705,33384
4832,TGIF2,ENSG00000118707,33373
4833,CASQ2,ENSG00000118729,1744
4834,OLFM3,ENSG00000118733,1562
4835,PKD2,ENSG00000118762,8607
4836,ABCG2,ENSG00000118777,8608
4837,SPP1,ENSG00000118785,8606
4838,STBD1,ENSG00000118804,8517
4839,CCNI,ENSG00000118816,8524
4840,RARRES1,ENSG00000118849,7431
4841,MFSD1,ENSG00000118855,7432
4842,RAB3GAP2,ENSG00000118873,3006
4843,EEF2KMT,ENSG00000118894,26729
4844,PPL,ENSG00000118898,26723
4845,UBN1,ENSG00000118900,26722
4846,KLF12,ENSG00000118922,23349
4847,UCHL3,ENSG00000118939,23360
4848,PCDH17,ENSG00000118946,23295
4849,HS1BP3,ENSG00000118960,3641
4850,LDAH,ENSG00000118961,3646
4851,WDR35,ENSG00000118965,3630
4852,CCND2,ENSG00000118971,21052
4853,FGF23,ENSG00000118972,21054
4854,ELL2,ENSG00000118985,10203
4855,DNAH7,ENSG00000118997,5358
4856,CYP20A1,ENSG00000119004,5445
4857,NDUFB3,ENSG00000119013,5412
4858,GTF3C3,ENSG00000119041,5365
4859,SATB2,ENSG00000119042,5388
4860,UBE2B,ENSG00000119048,10489
4861,TRPM6,ENSG00000119121,16698
4862,GDA,ENSG00000119125,16684
4863,KLF9,ENSG00000119138,16675
4864,TJP2,ENSG00000119139,16660
4865,ECRG4,ENSG00000119147,4640
4866,ITGB1BP1,ENSG00000119185,3521
4867,CPSF3,ENSG00000119203,3522
4868,PIGZ,ENSG00000119227,7818
4869,SENP5,ENSG00000119231,7813
4870,CCDC92,ENSG00000119242,22747
4871,C1orf198,ENSG00000119280,3167
4872,TRIM67,ENSG00000119283,3174
4873,HEATR1,ENSG00000119285,3253
4874,PTBP3,ENSG00000119314,17032
4875,RAD23B,ENSG00000119318,16996
4876,FKBP15,ENSG00000119321,17046
4877,CTNNAL1,ENSG00000119326,17006
4878,ABITRAM,ENSG00000119328,17005
4880,SET,ENSG00000119335,17261
4881,PTPA,ENSG00000119383,17281
4882,GLE1,ENSG00000119392,17254
4883,RAB14,ENSG00000119396,17112
4884,CNTRL,ENSG00000119397,17111
4885,TRIM32,ENSG00000119401,17090
4886,FBXW2,ENSG00000119402,17105
4887,PHF19,ENSG00000119403,17108
4888,NEK6,ENSG00000119408,17164
4889,BSPRY,ENSG00000119411,17052
4890,PPP6C,ENSG00000119414,17180
4891,NDUFA8,ENSG00000119421,17123
4892,HDHD3,ENSG00000119431,17053
4893,RBM18,ENSG00000119446,17126
4894,SLC46A2,ENSG00000119457,17039
4895,HSDL2,ENSG00000119471,17033
4896,MAPKAP1,ENSG00000119487,17186
4897,NR4A3,ENSG00000119508,16941
4898,INVS,ENSG00000119509,16945
4899,GALNT12,ENSG00000119514,16928
4900,DENND1A,ENSG00000119522,17157
4901,ALG2,ENSG00000119523,16934
4902,CSF3R,ENSG00000119535,804
4903,KDSR,ENSG00000119537,30675
4904,VPS4B,ENSG00000119541,30677
4905,ONECUT2,ENSG00000119547,30609
4906,C19orf25,ENSG00000119559,30931
4907,ZBTB45,ENSG00000119574,32873
4908,YLPM1,ENSG00000119596,24543
4909,DCAF4,ENSG00000119599,24492
4910,PROX2,ENSG00000119608,24544
4911,VSX2,ENSG00000119614,24529
4912,FCF1,ENSG00000119616,24542
4913,PGF,ENSG00000119630,24547
4914,IFI27L2,ENSG00000119632,24758
4915,BBOF1,ENSG00000119636,24526
4916,NEK9,ENSG00000119638,24553
4917,ACYP1,ENSG00000119640,24551
4918,IFT43,ENSG00000119650,24569
4919,NPC2,ENSG00000119655,24536
4920,DNAL1,ENSG00000119661,24512
4921,IRF2BPL,ENSG00000119669,24589
4922,ACOT2,ENSG00000119673,24509
4923,LTBP2,ENSG00000119681,24538
4924,AREL1,ENSG00000119682,24541
4925,MLH3,ENSG00000119684,24550
4926,TTLL5,ENSG00000119685,24566
4927,FLVCR2,ENSG00000119686,24565
4928,ABCD4,ENSG00000119688,24530
4929,DLST,ENSG00000119689,24545
4930,PPP4R4,ENSG00000119698,24759
4931,TGFB3,ENSG00000119699,24570
4932,ZC2HC1C,ENSG00000119703,24552
4933,SLIRP,ENSG00000119705,24610
4934,RBM25,ENSG00000119707,24495
4935,ALDH6A1,ENSG00000119711,24527
4936,GPR68,ENSG00000119714,24714
4937,ESRRB,ENSG00000119715,24576
4938,EIF2B2,ENSG00000119718,24548
4939,NRDE2,ENSG00000119720,24697
4940,COQ6,ENSG00000119723,24524
4941,ZNF410,ENSG00000119725,24520
4942,RHOQ,ENSG00000119729,3946
4943,GPR75,ENSG00000119737,3997
4944,SUPT7L,ENSG00000119760,3757
4945,KLHL29,ENSG00000119771,3665
4946,DNMT3A,ENSG00000119772,3694
4947,TMEM214,ENSG00000119777,3719
4948,ATAD2B,ENSG00000119778,3668
4949,FKBP1B,ENSG00000119782,3672
4950,ATL2,ENSG00000119787,3862
4951,YPEL5,ENSG00000119801,3786
4952,FAM98A,ENSG00000119812,3823
4953,YIPF4,ENSG00000119820,3809
4954,AFTPH,ENSG00000119844,4089
4955,LGALSL,ENSG00000119862,4086
4956,CNRIP1,ENSG00000119865,4132
4957,BCL11A,ENSG00000119866,4042
4958,CRIPT,ENSG00000119878,3949
4959,EPCAM,ENSG00000119888,3964
4960,SLC17A5,ENSG00000119899,12198
4961,OGFRL1,ENSG00000119900,12175
4962,SLF2,ENSG00000119906,18531
4963,IDE,ENSG00000119912,18412
4964,TECTB,ENSG00000119913,18657
4965,ELOVL3,ENSG00000119915,18566
4966,IFIT3,ENSG00000119917,18374
4967,NKX2-3,ENSG00000119919,18504
4968,IFIT2,ENSG00000119922,18372
4969,GPAM,ENSG00000119927,18656
4970,CUTC,ENSG00000119929,18509
4971,PPP1R3C,ENSG00000119938,18403
4972,PYROXD2,ENSG00000119943,18495
4973,CNNM1,ENSG00000119946,18499
4974,MXI1,ENSG00000119950,18639
4975,SMNDC1,ENSG00000119953,18641
4976,C10orf88,ENSG00000119965,18772
4977,HELLS,ENSG00000119969,18438
4978,PRLHR,ENSG00000119973,18723
4979,TCTN3,ENSG00000119977,18450
4980,DENND10,ENSG00000119979,18729
4981,AVPI1,ENSG00000119986,18485
4982,WDR11,ENSG00000120008,18746
4983,ARMH3,ENSG00000120029,18561
4984,KCNIP2,ENSG00000120049,18560
4985,CFAP58,ENSG00000120051,18622
4986,GOT1,ENSG00000120053,18500
4987,CPN1,ENSG00000120054,18514
4988,C10orf95,ENSG00000120055,18574
4989,SFRP5,ENSG00000120057,18488
4990,GNA13,ENSG00000120063,29647
4991,HOXB8,ENSG00000120068,29357
4992,KANSL1,ENSG00000120071,29287
4993,HOXB5,ENSG00000120075,29354
4994,CRHR1,ENSG00000120088,29280
4995,HOXB3,ENSG00000120093,29349
4996,HOXB1,ENSG00000120094,29346
4997,DUSP1,ENSG00000120129,11000
4998,PANK3,ENSG00000120137,10958
4999,MSX2,ENSG00000120149,11032
5000,TEK,ENSG00000120156,16400
5001,RCL1,ENSG00000120158,16244
5002,CAAP1,ENSG00000120159,16394
5003,EQTN,ENSG00000120160,16401
5004,MOB3B,ENSG00000120162,16402
5005,INSL6,ENSG00000120210,16248
5006,INSL4,ENSG00000120211,16249
5007,MLANA,ENSG00000120215,16262
5008,CD274,ENSG00000120217,16254
5009,IFNA6,ENSG00000120235,16358
5010,IFNA8,ENSG00000120242,16362
5011,GRIA2,ENSG00000120251,9123
5012,NUP43,ENSG00000120253,12761
5013,MTHFD1L,ENSG00000120254,12781
5014,LRP11,ENSG00000120256,12764
5015,CCDC170,ENSG00000120262,12789
5016,PCMT1,ENSG00000120265,12762
5017,PLEKHG1,ENSG00000120278,12777
5018,MYCT1,ENSG00000120279,12798
5020,MAGEB4,ENSG00000120289,35493
5021,CYSTM1,ENSG00000120306,10594
5022,WDR55,ENSG00000120314,10610
5023,ARAP3,ENSG00000120318,10695
5024,PCDHB8,ENSG00000120322,10649
5025,PCDHB10,ENSG00000120324,10654
5026,PCDHB14,ENSG00000120327,10658
5027,PCDHB12,ENSG00000120328,10656
5028,SLC25A2,ENSG00000120329,10661
5029,TNN,ENSG00000120332,2512
5030,MRPS14,ENSG00000120333,2511
5031,CENPL,ENSG00000120334,2495
5032,TNFSF18,ENSG00000120337,2485
5033,SEC16B,ENSG00000120341,2530
5034,GORAB,ENSG00000120370,2458
5035,GPR31,ENSG00000120436,12941
5036,ACAT2,ENSG00000120437,12866
5037,TCP1,ENSG00000120438,12867
5038,TTLL2,ENSG00000120440,12947
5039,SNX19,ENSG00000120451,20932
5040,KCNJ5,ENSG00000120457,20910
5041,MSANTD2,ENSG00000120458,20842
5042,TP53AIP1,ENSG00000120471,20912
5043,TEX11,ENSG00000120498,35814
5044,ARR3,ENSG00000120500,35806
5045,PDZD11,ENSG00000120509,35808
5046,SLC10A7,ENSG00000120519,9020
5047,NUDCD1,ENSG00000120526,15827
5048,ENY2,ENSG00000120533,15829
5049,MASTL,ENSG00000120539,17800
5050,KIAA1217,ENSG00000120549,17778
5051,LYZL1,ENSG00000120563,17820
5053,PLXDC2,ENSG00000120594,17742
5054,EPC1,ENSG00000120616,17846
5055,IQSEC3,ENSG00000120645,20975
5056,CCDC77,ENSG00000120647,20987
5057,TAF12,ENSG00000120656,658
5058,ENOX1,ENSG00000120658,23151
5059,TNFSF11,ENSG00000120659,23144
5060,MTRF1,ENSG00000120662,23134
5061,SPART-AS1,ENSG00000120664,23095
5062,SOHLH2,ENSG00000120669,23092
5063,DNAJC15,ENSG00000120675,23149
5064,PROSER1,ENSG00000120685,23118
5065,UFM1,ENSG00000120686,23112
5066,WBP4,ENSG00000120688,23130
5067,ELF1,ENSG00000120690,23129
5068,SMAD9,ENSG00000120693,23099
5069,HSPH1,ENSG00000120694,23054
5070,KBTBD7,ENSG00000120696,23133
5071,ALG5,ENSG00000120697,23101
5072,EXOSC8,ENSG00000120699,23102
5073,ETF1,ENSG00000120705,10558
5074,TGFBI,ENSG00000120708,10526
5075,FAM53C,ENSG00000120709,10553
5076,SIL1,ENSG00000120725,10563
5077,PAIP2,ENSG00000120727,10568
5078,MYOT,ENSG00000120729,10541
5079,KDM3B,ENSG00000120733,10555
5080,EGR1,ENSG00000120738,10557
5081,SERP1,ENSG00000120742,7340
5082,PLS1,ENSG00000120756,7264
5083,ZFP30,ENSG00000120784,31974
5084,NR2C1,ENSG00000120798,22306
5085,UTP20,ENSG00000120800,22360
5086,TMPO,ENSG00000120802,22339
5087,ARL1,ENSG00000120805,22361
5088,GLT8D2,ENSG00000120820,22401
5089,MTERF2,ENSG00000120832,22437
5090,SOCS2,ENSG00000120833,22290
5091,NFYB,ENSG00000120837,22403
5092,WASHC3,ENSG00000120860,22373
5093,APAF1,ENSG00000120868,22342
5094,DUSP4,ENSG00000120875,15093
5095,CLU,ENSG00000120885,15065
5096,TNFRSF10B,ENSG00000120889,15005
5097,SORBS3,ENSG00000120896,14988
5098,PTK2B,ENSG00000120899,15062
5099,CHRNA2,ENSG00000120903,15063
5100,ADRA1A,ENSG00000120907,15057
5101,PPP3CC,ENSG00000120910,14986
5102,PDLIM2,ENSG00000120913,14991
5103,EPHX2,ENSG00000120915,15064
5104,RNF170,ENSG00000120925,15256
5105,NPPB,ENSG00000120937,288
5106,UBIAD1,ENSG00000120942,271
5107,TARDBP,ENSG00000120948,261
5108,TNFRSF8,ENSG00000120949,295
5109,PRAMEF2,ENSG00000120952,310
5110,ZNF706,ENSG00000120963,15757
5111,LYPLA1,ENSG00000120992,15324
5112,CRISPLD1,ENSG00000121005,15519
5113,COPS5,ENSG00000121022,15448
5114,RDH10,ENSG00000121039,15496
5115,EPX,ENSG00000121053,29517
5116,AKAP1,ENSG00000121057,29496
5117,COIL,ENSG00000121058,29491
5118,TRIM25,ENSG00000121060,29488
5119,SCPEP1,ENSG00000121064,29493
5120,SPOP,ENSG00000121067,29392
5121,TBX2,ENSG00000121068,29580
5122,SLC35B1,ENSG00000121073,29393
5123,TBX4,ENSG00000121075,29582
5124,TEX14,ENSG00000121101,29533
5125,FAM117A,ENSG00000121104,29395
5126,NCAPH,ENSG00000121152,4496
5127,LRAT,ENSG00000121207,9100
5128,TMEM131L,ENSG00000121210,9086
5129,MND1,ENSG00000121211,9085
5130,TRIM6,ENSG00000121236,19127
5131,ABCC11,ENSG00000121270,27322
5132,TENT4B,ENSG00000121274,27349
5133,ADCY7,ENSG00000121281,27350
5134,CEP89,ENSG00000121289,31797
5135,TSHZ3,ENSG00000121297,31771
5136,ECHDC2,ENSG00000121310,1100
5137,TAS2R8,ENSG00000121314,21243
5138,PLBD1,ENSG00000121316,21303
5139,TAS2R10,ENSG00000121318,21246
5140,PRB2,ENSG00000121335,21265
5141,PYROXD1,ENSG00000121350,21362
5142,IAPP,ENSG00000121351,21361
5143,KCNJ8,ENSG00000121361,21370
5144,TAS2R7,ENSG00000121377,21242
5145,BCL2L14,ENSG00000121380,21270
5146,TAS2R9,ENSG00000121381,21244
5148,PSPC1,ENSG00000121390,22919
5149,ZNF549,ENSG00000121406,32814
5150,A1BG,ENSG00000121410,32853
5151,ZSCAN18,ENSG00000121413,32842
5152,ZNF211,ENSG00000121417,32821
5153,PDZRN3,ENSG00000121440,6730
5154,RGSL1,ENSG00000121446,2587
5155,LHX4,ENSG00000121454,2562
5156,RNF2,ENSG00000121481,2623
5157,TRMT1L,ENSG00000121486,2624
5158,SEC22A,ENSG00000121542,7031
5159,CSTA,ENSG00000121552,7015
5160,DPPA4,ENSG00000121570,6885
5161,POPDC2,ENSG00000121577,6982
5162,B4GALT4,ENSG00000121578,6970
5163,NAA50,ENSG00000121579,6930
5164,CD80,ENSG00000121594,6978
5165,KIF18A,ENSG00000121621,19418
5166,GJA8,ENSG00000121634,1875
5167,DESI2,ENSG00000121644,3316
5168,MAPK8IP1,ENSG00000121653,19577
5169,CRY2,ENSG00000121671,19576
5170,PEX16,ENSG00000121680,19580
5171,DEPDC7,ENSG00000121690,19458
5172,CAT,ENSG00000121691,19480
5173,PILRB,ENSG00000121716,13964
5174,ZMYM2,ENSG00000121741,22923
5175,GJB6,ENSG00000121742,22928
5176,GJA3,ENSG00000121743,22925
5177,TBC1D15,ENSG00000121749,22131
5178,ADGRB2,ENSG00000121753,703
5179,HCRTR1,ENSG00000121764,698
5180,ZCCHC17,ENSG00000121766,691
5181,FABP3,ENSG00000121769,693
5182,KHDRBS1,ENSG00000121774,711
5183,TMEM39B,ENSG00000121775,713
5184,CCRL2,ENSG00000121797,6378
5185,CCR2,ENSG00000121807,6375
5187,POLR3GL,ENSG00000121851,1852
5188,GHSR,ENSG00000121853,7528
5189,TNFSF10,ENSG00000121858,7529
5190,ZNF639,ENSG00000121864,7565
5191,SLITRK3,ENSG00000121871,7467
5192,PIK3CA,ENSG00000121879,7563
5193,PDS5A,ENSG00000121892,8216
5194,TMEM156,ENSG00000121895,8200
5195,LIAS,ENSG00000121897,8208
5196,CPXM2,ENSG00000121898,18784
5197,TMEM54,ENSG00000121900,742
5198,ZSCAN20,ENSG00000121903,756
5199,CSMD2,ENSG00000121904,757
5200,HPCA,ENSG00000121905,741
5201,LRIF1,ENSG00000121931,1665
5202,TMIGD3,ENSG00000121933,1682
5203,CLCC1,ENSG00000121940,1600
5204,GPSM2,ENSG00000121957,1599
5205,GTDC1,ENSG00000121964,4958
5206,CXCR4,ENSG00000121966,4929
5207,ZRANB3,ENSG00000121988,4920
5208,ACVR2A,ENSG00000121989,4975
5209,POLK,ENSG00000122008,10027
5210,SV2C,ENSG00000122012,10033
5211,FLT3,ENSG00000122025,23018
5212,RPL21,ENSG00000122026,23004
5213,MTIF3,ENSG00000122033,23008
5214,GTF3A,ENSG00000122034,23007
5215,RASL11A,ENSG00000122035,23005
5216,UBL3,ENSG00000122042,23028
5217,FYTTD1,ENSG00000122068,7835
5218,MTERF4,ENSG00000122085,5915
5219,XPNPEP2,ENSG00000122121,36156
5220,SASH3,ENSG00000122122,36157
5221,OCRL,ENSG00000122126,36153
5222,PAEP,ENSG00000122133,17407
5223,OBP2A,ENSG00000122136,17406
5224,MRPS2,ENSG00000122140,17403
5225,TBX22,ENSG00000122145,35891
5226,FMOD,ENSG00000122176,2783
5227,MYOG,ENSG00000122180,2773
5228,LAX1,ENSG00000122188,2787
5229,PLG,ENSG00000122194,12881
5230,KIAA1191,ENSG00000122203,11052
5231,COPA,ENSG00000122218,2296
5232,CD244,ENSG00000122223,2308
5233,LY9,ENSG00000122224,2307
5234,HS3ST2,ENSG00000122254,26988
5235,RBBP6,ENSG00000122257,27017
5236,ZC3H7A,ENSG00000122299,26808
5237,PRM2,ENSG00000122304,26797
5238,SERAC1,ENSG00000122335,12838
5239,ANXA11,ENSG00000122359,18286
5240,LDB3,ENSG00000122367,18328
5241,OPN4,ENSG00000122375,18327
5242,SHLD2,ENSG00000122376,18339
5243,PRXL2A,ENSG00000122378,18292
5244,ZNF205,ENSG00000122386,26656
5245,NAA60,ENSG00000122390,26675
5246,RPL5,ENSG00000122406,1475
5247,ODF2L,ENSG00000122417,1410
5248,PTGFR,ENSG00000122420,1352
5249,TRMT13,ENSG00000122435,1539
5250,LRRC39,ENSG00000122477,1540
5251,RWDD3,ENSG00000122481,1506
5252,ZNF644,ENSG00000122482,1461
5253,CCDC18,ENSG00000122483,1480
5254,RPAP2,ENSG00000122484,1472
5255,SLC66A2,ENSG00000122490,30841
5257,BBS9,ENSG00000122507,13383
5258,PMS2,ENSG00000122512,13119
5259,ZMIZ2,ENSG00000122515,13512
5260,OCM,ENSG00000122543,13116
5261,SEPTIN7,ENSG00000122545,13405
5262,EEPD1,ENSG00000122547,13411
5263,KIAA0087,ENSG00000122548,13290
5264,KLHL7,ENSG00000122550,13251
5265,HERPUD2,ENSG00000122557,13401
5266,CBX3,ENSG00000122565,13285
5267,HNRNPA2B1,ENSG00000122566,13284
5268,WIPF3,ENSG00000122574,13340
5269,NXPH1,ENSG00000122584,13158
5270,NPY,ENSG00000122585,13265
5272,HOXA7,ENSG00000122592,13304
5273,INHBA,ENSG00000122641,13473
5274,FKBP9,ENSG00000122642,13380
5275,NT5C3A,ENSG00000122643,13381
5276,ARL4A,ENSG00000122644,13178
5277,CCZ1,ENSG00000122674,13117
5278,POLM,ENSG00000122678,13499
5279,RAMP3,ENSG00000122679,13525
5280,MRM2,ENSG00000122687,13071
5281,TWIST1,ENSG00000122691,13216
5282,SMU1,ENSG00000122692,16427
5283,GLIPR2,ENSG00000122694,16530
5284,SLC25A51,ENSG00000122696,16556
5285,CLTA,ENSG00000122705,16532
5286,RECK,ENSG00000122707,16529
5287,SPINK4,ENSG00000122711,16430
5289,TAF1L,ENSG00000122728,16420
5290,ACO1,ENSG00000122729,16415
5291,PHF24,ENSG00000122733,16486
5292,DNAI1,ENSG00000122735,16467
5293,DCAF10,ENSG00000122741,16555
5294,CNTFR,ENSG00000122756,16470
5295,KIAA1549,ENSG00000122778,14353
5296,TRIM24,ENSG00000122779,14349
5297,CYREN,ENSG00000122783,14321
5298,CALD1,ENSG00000122786,14318
5299,AKR1D1,ENSG00000122787,14347
5300,NUDT10,ENSG00000122824,35691
5301,SFTPA1,ENSG00000122852,18272
5302,NEUROG3,ENSG00000122859,18132
5303,PLAU,ENSG00000122861,18214
5304,SRGN,ENSG00000122862,18122
5305,CHST3,ENSG00000122863,18165
5306,BICC1,ENSG00000122870,18053
5307,CISD1,ENSG00000122873,18048
5308,EGR2,ENSG00000122877,18085
5309,ECD,ENSG00000122882,18185
5310,P4HA1,ENSG00000122884,18180
5311,SLC25A16,ENSG00000122912,18113
5312,ZWINT,ENSG00000122952,18045
5313,VPS26A,ENSG00000122958,18123
5314,RBM19,ENSG00000122965,22547
5315,CIT,ENSG00000122966,22628
5316,IFT81,ENSG00000122970,22488
5317,ACADS,ENSG00000122971,22661
5318,HVCN1,ENSG00000122986,22498
5319,DDX54,ENSG00000123064,22534
5320,MED13L,ENSG00000123066,22572
5321,CDKN2C,ENSG00000123080,1066
5322,RNF11,ENSG00000123091,1069
5323,RASSF8,ENSG00000123094,21411
5324,BHLHE41,ENSG00000123095,21412
5325,SSPN,ENSG00000123096,21413
5326,ITPR2,ENSG00000123104,21421
5327,CCDC91,ENSG00000123106,21449
5328,NECAB1,ENSG00000123119,15635
5329,WWP1,ENSG00000123124,15610
5330,ACOT9,ENSG00000123130,35462
5331,PRDX4,ENSG00000123131,35461
5332,DDX39A,ENSG00000123136,31440
5333,PKN1,ENSG00000123143,31441
5334,TRIR,ENSG00000123144,31369
5335,ADGRE5,ENSG00000123146,31438
5336,WDR83,ENSG00000123154,31359
5337,GIPC1,ENSG00000123159,31444
5338,ACTRT1,ENSG00000123165,36151
5339,CCDC70,ENSG00000123171,23258
5340,SPRYD7,ENSG00000123178,23238
5341,EBPL,ENSG00000123179,23235
5342,ATP7B,ENSG00000123191,23259
5343,ZC3H13,ENSG00000123200,23191
5344,NLN,ENSG00000123213,9917
5345,CENPK,ENSG00000123219,9911
5346,OPTN,ENSG00000123240,17671
5347,ITIH5,ENSG00000123243,17625
5348,ATF1,ENSG00000123268,21701
5349,TSFM,ENSG00000123297,21984
5350,NEUROD4,ENSG00000123307,21857
5351,ARHGAP9,ENSG00000123329,21961
5352,NCKAP1L,ENSG00000123338,21847
5353,MMP19,ENSG00000123342,21886
5354,PFDN5,ENSG00000123349,21789
5355,SPATS2,ENSG00000123352,21667
5356,ORMDL2,ENSG00000123353,21884
5357,NR4A1,ENSG00000123358,21731
5358,PDE1B,ENSG00000123360,21849
5359,HOXC13,ENSG00000123364,21812
5360,CDK2,ENSG00000123374,21891
5361,LRP1,ENSG00000123384,21948
5362,HOXC11,ENSG00000123388,21815
5363,ATG101,ENSG00000123395,21733
5364,NFE2,ENSG00000123405,21838
5365,HOXC12,ENSG00000123407,21813
5366,IKZF4,ENSG00000123411,21895
5367,SMUG1,ENSG00000123415,21829
5368,TUBA1B,ENSG00000123416,21656
5369,EEF1AKMT3,ENSG00000123427,21983
5370,KBTBD4,ENSG00000123444,19624
5371,SARDH,ENSG00000123453,17376
5372,DBH,ENSG00000123454,17374
5373,ATPAF1,ENSG00000123472,1020
5374,STIL,ENSG00000123473,1034
5375,HJURP,ENSG00000123485,5809
5376,IL13RA2,ENSG00000123496,36064
5377,COL10A1,ENSG00000123500,12481
5378,AMD1,ENSG00000123505,12435
5379,NDUFAF4,ENSG00000123545,12339
5380,USP45,ENSG00000123552,12352
5381,PLP1,ENSG00000123560,35998
5382,SERPINA7,ENSG00000123561,36012
5383,MORF4L2,ENSG00000123562,35994
5385,RAB9B,ENSG00000123570,35999
5386,NRK,ENSG00000123572,36011
5387,FAM199X,ENSG00000123575,36007
5388,ESX1,ENSG00000123576,36008
5389,MAGEA9,ENSG00000123584,36308
5390,ATXN3L,ENSG00000123594,35383
5391,RAB9A,ENSG00000123595,35387
5392,METTL8,ENSG00000123600,5146
5393,TTC21B,ENSG00000123607,5101
5394,NMI,ENSG00000123609,5001
5395,TNFAIP6,ENSG00000123610,5002
5396,ACVR1C,ENSG00000123612,5038
5397,BAZ2B,ENSG00000123636,5054
5398,SLC36A1,ENSG00000123643,10824
5399,LPGAT1,ENSG00000123684,2928
5400,BATF3,ENSG00000123685,2950
5401,G0S2,ENSG00000123689,2899
5402,KCNJ2,ENSG00000123700,29708
5403,RAP2C,ENSG00000123728,36182
5404,EXOSC9,ENSG00000123737,8845
5405,PLA2G12A,ENSG00000123739,8766
5406,B9D2,ENSG00000123810,32110
5407,COQ8B,ENSG00000123815,32087
5408,PFKFB2,ENSG00000123836,2863
5409,C4BPA,ENSG00000123838,2866
5410,C4BPB,ENSG00000123843,2865
5411,RAB38,ENSG00000123892,20416
5412,GPR83,ENSG00000123901,20459
5413,AGO2,ENSG00000123908,16043
5414,MXD4,ENSG00000123933,7907
5415,CKS2,ENSG00000123975,16796
5416,DAW1,ENSG00000123977,5724
5417,ACSL3,ENSG00000123983,5683
5418,CHPF,ENSG00000123989,5655
5419,DNPEP,ENSG00000123992,5645
5420,INHA,ENSG00000123999,5660
5421,MOGAT1,ENSG00000124003,5682
5422,OBSL1,ENSG00000124006,5658
5423,FAM124B,ENSG00000124019,5694
5424,SLC12A4,ENSG00000124067,27629
5425,ENKD1,ENSG00000124074,27614
5426,MC3R,ENSG00000124089,33650
5427,GCNT7,ENSG00000124091,33657
5428,CTCFL,ENSG00000124092,33676
5429,FAM210B,ENSG00000124098,33652
5430,PI3,ENSG00000124102,33489
5431,FAM209A,ENSG00000124103,33658
5432,SNX21,ENSG00000124104,33518
5433,SLPI,ENSG00000124107,33492
5434,WFDC3,ENSG00000124116,33514
5435,TTPAL,ENSG00000124120,33470
5436,PREX1,ENSG00000124126,33573
5437,KCNS1,ENSG00000124134,33486
5438,SLC12A5,ENSG00000124140,33532
5439,ARHGAP40,ENSG00000124143,33415
5440,SDC4,ENSG00000124145,33495
5441,NCOA3,ENSG00000124151,33554
5442,PIGT,ENSG00000124155,33500
5443,SEMG2,ENSG00000124157,33491
5444,MATN4,ENSG00000124159,33493
5445,NCOA5,ENSG00000124160,33533
5446,VAPB,ENSG00000124164,33688
5447,PARD6B,ENSG00000124171,33605
5448,ATP5F1E,ENSG00000124172,33707
5449,CHD6,ENSG00000124177,33440
5450,PLCG1,ENSG00000124181,33436
5451,TOX2,ENSG00000124191,33457
5452,SRSF6,ENSG00000124193,33448
5453,GDAP1L1,ENSG00000124194,33462
5454,GTSF1L,ENSG00000124196,33455
5455,ARFGEF2,ENSG00000124198,33576
5456,ZNFX1,ENSG00000124201,33581
5457,ZNF831,ENSG00000124203,33709
5458,EDN3,ENSG00000124205,33710
5459,CSE1L,ENSG00000124207,33578
5461,RAB22A,ENSG00000124209,33687
5462,PTGIS,ENSG00000124212,33584
5463,STAU1,ENSG00000124214,33579
5464,CDH26,ENSG00000124215,33721
5465,SNAI1,ENSG00000124216,33589
5466,MOCS3,ENSG00000124217,33610
5467,STX16,ENSG00000124222,33693
5469,PMEPA1,ENSG00000124225,33680
5470,RNF114,ENSG00000124226,33588
5471,ANKRD60,ENSG00000124227,33686
5472,DDX27,ENSG00000124228,33580
5473,RBPJL,ENSG00000124232,33494
5474,SEMG1,ENSG00000124233,33490
5476,BCAS4,ENSG00000124243,33606
5477,KCNK15,ENSG00000124249,33477
5478,TP53TG5,ENSG00000124251,33498
5479,PCK1,ENSG00000124253,33677
5480,ZBP1,ENSG00000124256,33679
5481,NEURL2,ENSG00000124257,33523
5482,MAGEA10,ENSG00000124260,36335
5483,MTRR,ENSG00000124275,9490
5484,FASTKD3,ENSG00000124279,9491
5485,PEPD,ENSG00000124299,31814
5486,CHST8,ENSG00000124302,31816
5487,IQSEC2,ENSG00000124313,35725
5488,VAMP7,ENSG00000124333,36445
5489,IL9R,ENSG00000124334,36446
5490,XG,ENSG00000124343,35325
5491,STAMBP,ENSG00000124356,4215
5492,NAGK,ENSG00000124357,4181
5493,MCEE,ENSG00000124370,4183
5494,PAIP2B,ENSG00000124374,4186
5495,SNRNP27,ENSG00000124380,4152
5496,MPHOSPH10,ENSG00000124383,4185
5497,IL17C,ENSG00000124391,28010
5498,ATP8A1,ENSG00000124406,8248
5499,USP22,ENSG00000124422,28631
5500,POF1B,ENSG00000124429,35906
5501,HIF3A,ENSG00000124440,32301
5502,ZNF576,ENSG00000124444,32186
5503,IRGC,ENSG00000124449,32191
5504,ZNF45,ENSG00000124459,32201
5505,LYPD3,ENSG00000124466,32177
5506,PSG8,ENSG00000124467,32161
5507,CEACAM8,ENSG00000124469,32159
5508,NDP,ENSG00000124479,35569
5509,USP9X,ENSG00000124486,35553
5510,CRISP2,ENSG00000124490,12058
5511,F13A1,ENSG00000124491,11280
5512,GRM4,ENSG00000124493,11812
5513,TRERF1,ENSG00000124496,11948
5514,PACSIN1,ENSG00000124507,11819
5515,BTN2A2,ENSG00000124508,11501
5516,SIRT5,ENSG00000124523,11355
5518,MRS2,ENSG00000124532,11435
5519,WRNIP1,ENSG00000124535,11224
5520,RRP36,ENSG00000124541,11965
5521,BTN1A1,ENSG00000124557,11505
5522,SNRPC,ENSG00000124562,11823
5523,SLC17A3,ENSG00000124564,11459
5524,SLC17A1,ENSG00000124568,11458
5525,SERPINB6,ENSG00000124570,11229
5526,XPO5,ENSG00000124571,11989
5527,ABCC10,ENSG00000124574,11982
5530,PEX6,ENSG00000124587,11961
5531,NQO2,ENSG00000124588,11231
5533,OARD1,ENSG00000124596,11911
5534,UNC5CL,ENSG00000124602,11910
5535,AARS2,ENSG00000124608,12016
5537,ZNF391,ENSG00000124613,11525
5538,RPS10,ENSG00000124614,11818
5539,MOCS1,ENSG00000124615,11901
5541,MED20,ENSG00000124641,11936
5542,OR2B6,ENSG00000124657,11551
5543,TBCC,ENSG00000124659,11951
5544,SPDEF,ENSG00000124664,11820
5545,TCP11,ENSG00000124678,11828
5546,MAD2L1BP,ENSG00000124688,11993
5548,APOBEC2,ENSG00000124701,11913
5549,KLHDC3,ENSG00000124702,11964
5550,GNMT,ENSG00000124713,11960
5551,DNAH8,ENSG00000124721,11891
5552,TREM1,ENSG00000124731,11920
5553,MEA1,ENSG00000124733,11963
5554,KLHL31,ENSG00000124743,12101
5555,COL21A1,ENSG00000124749,12119
5556,CDKN1A,ENSG00000124762,11862
5557,SOX4,ENSG00000124766,11423
5558,GLO1,ENSG00000124767,11889
5559,CPNE5,ENSG00000124772,11865
5560,KCNK17,ENSG00000124780,11896
5561,RREB1,ENSG00000124782,11291
5562,SSR1,ENSG00000124783,11294
5563,RIOK1,ENSG00000124784,11297
5564,NRN1,ENSG00000124785,11279
5565,SLC35B3,ENSG00000124786,11307
5566,RPP40,ENSG00000124787,11270
5567,ATXN1,ENSG00000124788,11383
5568,NUP153,ENSG00000124789,11395
5569,DEK,ENSG00000124795,11401
5570,EEF1E1,ENSG00000124802,11304
5571,CRISP1,ENSG00000124812,12063
5572,RUNX2,ENSG00000124813,12022
5573,OPN5,ENSG00000124818,12049
5574,GCM2,ENSG00000124827,11327
5575,LRRFIP1,ENSG00000124831,5849
5576,RAB17,ENSG00000124839,5846
5577,CXCL6,ENSG00000124875,8469
5578,EREG,ENSG00000124882,8482
5579,TRIM51,ENSG00000124900,19669
5580,MYRF,ENSG00000124920,19837
5581,SCGB1D2,ENSG00000124935,19852
5582,SCGB2A1,ENSG00000124939,19850
5583,AHNAK,ENSG00000124942,19860
5584,EMC3,ENSG00000125037,6037
5585,SSUH2,ENSG00000125046,6002
5586,WNT1,ENSG00000125084,21646
5587,SH3TC1,ENSG00000125089,7988
5588,CNOT1,ENSG00000125107,27515
5590,BBS2,ENSG00000125124,27448
5591,MT1G,ENSG00000125144,27458
5592,MT2A,ENSG00000125148,27451
5594,GOT2,ENSG00000125166,27518
5595,DOK4,ENSG00000125170,27485
5596,PIWIL1,ENSG00000125207,22830
5597,GPR18,ENSG00000125245,23509
5598,CLYBL,ENSG00000125246,23518
5599,TMTC4,ENSG00000125247,23533
5600,RAP2A,ENSG00000125249,23489
5601,SLC10A2,ENSG00000125255,23556
5602,ABCC4,ENSG00000125257,23474
5603,EFNB2,ENSG00000125266,23568
5604,SOX21,ENSG00000125285,23471
5605,TM9SF2,ENSG00000125304,23512
5607,KIF25,ENSG00000125337,12960
5608,IRF1,ENSG00000125347,10452
5609,UPF3B,ENSG00000125351,36099
5610,RNF113A,ENSG00000125352,36100
5611,SEPTIN6,ENSG00000125354,36095
5612,TMEM255A,ENSG00000125355,36110
5613,NDUFA1,ENSG00000125356,36101
5614,AMELX,ENSG00000125363,35369
5615,DMAC2L,ENSG00000125375,24210
5616,BMP4,ENSG00000125378,24270
5617,PTGER2,ENSG00000125384,24250
5618,FAM193A,ENSG00000125386,7913
5619,GRK4,ENSG00000125388,7921
5620,SOX9,ENSG00000125398,29719
5621,TEKT3,ENSG00000125409,28479
5622,MYH2,ENSG00000125414,28420
5623,HS3ST3B1,ENSG00000125430,28463
5624,SLC25A35,ENSG00000125434,28374
5625,MRPS7,ENSG00000125445,29791
5626,GGA3,ENSG00000125447,29790
5627,ARMC7,ENSG00000125449,29783
5628,NUP85,ENSG00000125450,29789
5629,SLC25A19,ENSG00000125454,29794
5630,MIF4GD,ENSG00000125457,29792
5631,NT5C,ENSG00000125458,29784
5632,MSTO1,ENSG00000125459,2157
5634,TTF1,ENSG00000125482,17343
5635,GTF3C4,ENSG00000125484,17347
5636,DDX31,ENSG00000125485,17346
5637,BARHL1,ENSG00000125492,17345
5638,KIR2DL1,ENSG00000125498,32687
5639,PPP1R12C,ENSG00000125503,32700
5640,MBOAT7,ENSG00000125505,32657
5641,SRMS,ENSG00000125508,33806
5642,OPRL1,ENSG00000125510,33837
5643,SLC2A4RG,ENSG00000125520,33819
5644,NPBWR2,ENSG00000125522,33841
5645,FNDC11,ENSG00000125531,33808
5646,BHLHE23,ENSG00000125533,33780
5647,PPDPF,ENSG00000125534,33804
5648,IL1B,ENSG00000125538,4725
5649,PLGLB2,ENSG00000125551,4363
5650,IL37,ENSG00000125571,4726
5651,CHCHD5,ENSG00000125611,4716
5652,PAX8,ENSG00000125618,4736
5653,INSIG2,ENSG00000125629,4771
5654,POLR1B,ENSG00000125630,4715
5655,CCDC93,ENSG00000125633,4768
5656,PSD4,ENSG00000125637,4733
5657,SLC25A23,ENSG00000125648,31128
5658,PSPN,ENSG00000125650,31123
5659,GTF2F1,ENSG00000125651,31124
5660,ALKBH7,ENSG00000125652,31122
5661,CLPP,ENSG00000125656,31121
5662,TNFSF9,ENSG00000125657,31135
5663,GRIA3,ENSG00000125675,36135
5664,THOC2,ENSG00000125676,36136
5665,MED1,ENSG00000125686,29000
5666,RPL23,ENSG00000125691,28983
5668,ATG4C,ENSG00000125703,1214
5669,CD70,ENSG00000125726,31136
5670,C3,ENSG00000125730,31138
5671,SH2D3A,ENSG00000125731,31143
5672,TRIP10,ENSG00000125733,31141
5673,GPR108,ENSG00000125734,31140
5674,TNFSF14,ENSG00000125735,31137
5675,FOSB,ENSG00000125740,32263
5676,OPA3,ENSG00000125741,32267
5677,SNRPD2,ENSG00000125743,32272
5678,RTN2,ENSG00000125744,32264
5679,EML2,ENSG00000125746,32269
5680,VASP,ENSG00000125753,32266
5681,SYMPK,ENSG00000125755,32282
5682,GPCPD1,ENSG00000125772,33001
5683,SDCBP2,ENSG00000125775,32910
5684,PANK2,ENSG00000125779,32971
5685,TGM3,ENSG00000125780,32930
5686,GNRH2,ENSG00000125787,32945
5687,DEFB126,ENSG00000125788,32881
5688,FOXA2,ENSG00000125798,33158
5689,CD93,ENSG00000125810,33166
5690,GZF1,ENSG00000125812,33173
5691,PAX1,ENSG00000125813,33151
5692,NAPB,ENSG00000125814,33174
5693,CST8,ENSG00000125815,33180
5694,NKX2-4,ENSG00000125816,33143
5695,CENPB,ENSG00000125817,32965
5696,PSMF1,ENSG00000125818,32905
5697,NKX2-2,ENSG00000125820,33146
5698,DTD1,ENSG00000125821,33113
5699,CSTL1,ENSG00000125823,33175
5700,RBCK1,ENSG00000125826,32894
5701,TMX4,ENSG00000125827,33021
5702,CST11,ENSG00000125831,33176
5703,STK35,ENSG00000125834,32925
5704,SNRPB,ENSG00000125835,32932
5705,NRSN2,ENSG00000125841,32892
5706,AP5S1,ENSG00000125843,32968
5707,RRBP1,ENSG00000125844,33094
5708,BMP2,ENSG00000125845,33014
5709,ZNF133,ENSG00000125846,33104
5710,FLRT3,ENSG00000125848,33073
5711,OVOL2,ENSG00000125850,33098
5712,PCSK2,ENSG00000125851,33090
5713,GFRA4,ENSG00000125861,32959
5714,MKKS,ENSG00000125863,33039
5715,BFSP1,ENSG00000125864,33091
5716,DSTN,ENSG00000125868,33093
5717,LAMP5,ENSG00000125869,33027
5718,SNRPB2,ENSG00000125870,33085
5719,MGME1,ENSG00000125871,33099
5720,LRRN4,ENSG00000125872,33009
5721,TBC1D20,ENSG00000125875,32895
5722,ITPA,ENSG00000125877,32954
5723,TCF15,ENSG00000125878,32897
5724,OTOR,ENSG00000125879,33086
5725,MCM8,ENSG00000125885,33005
5726,BANF2,ENSG00000125888,33095
5727,TMEM74B,ENSG00000125895,32906
5728,FAM110A,ENSG00000125898,32901
5730,SIRPD,ENSG00000125900,32916
5731,MRPS26,ENSG00000125901,32946
5732,DEFB129,ENSG00000125903,32884
5733,S1PR4,ENSG00000125910,31009
5734,NCLN,ENSG00000125912,31010
5735,CITED1,ENSG00000125931,35840
5736,HNRNPR,ENSG00000125944,513
5737,ZNF436,ENSG00000125945,514
5738,MAX,ENSG00000125952,24403
5740,ARMCX5,ENSG00000125962,35964
5741,GDF5,ENSG00000125965,33348
5742,MMP24,ENSG00000125966,33342
5743,NECAB3,ENSG00000125967,33304
5744,ID1,ENSG00000125968,33252
5745,RALY,ENSG00000125970,33315
5746,DYNLRB1,ENSG00000125971,33327
5747,C20orf173,ENSG00000125975,33351
5748,EIF2S2,ENSG00000125977,33317
5749,ERGIC3,ENSG00000125991,33352
5750,ROMO1,ENSG00000125995,33357
5751,FAM83C,ENSG00000125998,33345
5752,BPIFB1,ENSG00000125999,33299
5753,CEP250,ENSG00000126001,33349
5754,PLAGL2,ENSG00000126003,33270
5755,MMP24OS,ENSG00000126005,33341
5756,GRPR,ENSG00000126010,35410
5757,KDM5C,ENSG00000126012,35723
5758,AMOT,ENSG00000126016,36059
5759,TMEM115,ENSG00000126062,6505
5760,PSMB2,ENSG00000126067,781
5761,AGO3,ENSG00000126070,789
5762,UROD,ENSG00000126088,983
5763,ST3GAL3,ENSG00000126091,953
5764,TMEM53,ENSG00000126106,971
5765,HECTD3,ENSG00000126107,982
5766,KLC1,ENSG00000126214,24923
5767,XRCC3,ENSG00000126215,24930
5768,TUBGCP3,ENSG00000126216,23638
5769,MCF2L,ENSG00000126217,23645
5770,F10,ENSG00000126218,23651
5771,PCID2,ENSG00000126226,23656
5772,PROZ,ENSG00000126231,23654
5773,SLURP1,ENSG00000126233,16078
5774,LRFN3,ENSG00000126243,31908
5775,IGFLR1,ENSG00000126246,31891
5776,CAPNS1,ENSG00000126247,31921
5777,PDCD2L,ENSG00000126249,31824
5778,GPR42,ENSG00000126251,31867
5779,RBM42,ENSG00000126254,31884
5780,KIRREL2,ENSG00000126259,31903
5781,UBA2,ENSG00000126261,31826
5782,FFAR2,ENSG00000126262,31871
5783,HCST,ENSG00000126264,31906
5784,FFAR1,ENSG00000126266,31865
5785,COX6B1,ENSG00000126267,31886
5786,KRT36,ENSG00000126337,29103
5787,THRA,ENSG00000126351,29024
5788,CCR7,ENSG00000126353,29040
5789,NR1D1,ENSG00000126368,29025
5790,FRMD8,ENSG00000126391,19999
5791,PRDX5,ENSG00000126432,19946
5792,BCL2L12,ENSG00000126453,32456
5793,IRF3,ENSG00000126456,32455
5794,PRMT1,ENSG00000126457,32457
5795,RRAS,ENSG00000126458,32453
5796,PRRG2,ENSG00000126460,32450
5797,SCAF1,ENSG00000126461,32454
5798,PRR12,ENSG00000126464,32451
5799,TSKS,ENSG00000126467,32461
5800,FLRT1,ENSG00000126500,19925
5801,ASL,ENSG00000126522,13667
5802,SBDS,ENSG00000126524,13679
5803,CSN1S1,ENSG00000126545,8428
5804,STATH,ENSG00000126549,8430
5805,HTN1,ENSG00000126550,8432
5806,STAT5A,ENSG00000126561,29143
5807,WNK4,ENSG00000126562,29169
5808,BECN1,ENSG00000126581,29172
5809,PRKCG,ENSG00000126583,32643
5810,TRAP1,ENSG00000126602,26684
5811,GLIS2,ENSG00000126603,26694
5812,NSRP1,ENSG00000126653,28755
5813,DNAJC8,ENSG00000126698,647
5814,AHDC1,ENSG00000126705,628
5815,IFI6,ENSG00000126709,631
5816,DACH2,ENSG00000126733,35908
5817,ZNF384,ENSG00000126746,21109
5818,EMG1,ENSG00000126749,21135
5819,SSX1,ENSG00000126752,35618
5820,UXT,ENSG00000126756,35608
5821,CFP,ENSG00000126759,35606
5822,ELK1,ENSG00000126767,35607
5823,TIMM17B,ENSG00000126768,35642
5824,PCNX4,ENSG00000126773,24343
5825,ATG14,ENSG00000126775,24289
5826,KTN1,ENSG00000126777,24292
5827,SIX1,ENSG00000126778,24352
5828,RHOJ,ENSG00000126785,24373
5829,DLGAP5,ENSG00000126787,24284
5830,L3HYPDH,ENSG00000126790,24336
5831,HSPA2,ENSG00000126803,24393
5832,ZBTB1,ENSG00000126804,24391
5833,TRMT5,ENSG00000126814,24355
5834,SGPP1,ENSG00000126821,24381
5835,PLEKHG3,ENSG00000126822,24396
5836,PZP,ENSG00000126838,21195
5837,PRDM7,ENSG00000126856,28075
5838,RHOT1,ENSG00000126858,28808
5839,EVI2A,ENSG00000126860,28794
5840,OMG,ENSG00000126861,28792
5842,AIF1L,ENSG00000126878,17325
5843,FAM78A,ENSG00000126882,17329
5844,NUP214,ENSG00000126883,17326
5845,CTAG2,ENSG00000126890,36421
5846,AVPR2,ENSG00000126895,36382
5847,SLC10A3,ENSG00000126903,36412
5848,MAP2K2,ENSG00000126934,31044
5849,HNRNPH2,ENSG00000126945,35944
5850,ARMCX1,ENSG00000126947,35946
5851,TMEM35A,ENSG00000126950,35936
5852,NXF5,ENSG00000126952,35953
5853,TIMM8A,ENSG00000126953,35940
5854,ZC4H2,ENSG00000126970,35777
5855,CANX,ENSG00000127022,11140
5856,INTS11,ENSG00000127054,53
5857,RGS13,ENSG00000127074,2668
5858,IPPK,ENSG00000127080,16832
5859,ZNF484,ENSG00000127081,16835
5860,OMD,ENSG00000127083,16828
5861,FGD3,ENSG00000127084,16836
5862,HIVEP3,ENSG00000127124,905
5863,PPCS,ENSG00000127125,915
5864,EDN2,ENSG00000127129,904
5865,BCL11B,ENSG00000127152,24832
5866,COX7C,ENSG00000127184,10123
5867,TRAF2,ENSG00000127191,17456
5868,ABHD8,ENSG00000127220,31544
5869,MASP1,ENSG00000127241,7690
5870,ATP13A4,ENSG00000127249,7738
5871,PLAAT1,ENSG00000127252,7735
5872,HELB,ENSG00000127311,22065
5873,RAP1B,ENSG00000127314,22085
5874,IL22,ENSG00000127318,22080
5875,TSPAN8,ENSG00000127324,22121
5876,BEST3,ENSG00000127325,22103
5877,RAB3IP,ENSG00000127328,22105
5878,PTPRB,ENSG00000127329,22115
5879,DYRK2,ENSG00000127334,22073
5880,YEATS4,ENSG00000127337,22098
5881,TAS2R3,ENSG00000127362,14391
5882,TAS2R4,ENSG00000127364,14392
5883,TAS2R5,ENSG00000127366,14393
5884,CRYGN,ENSG00000127377,14617
5885,LRRC61,ENSG00000127399,14573
5886,TRPV5,ENSG00000127412,14488
5887,IDUA,ENSG00000127415,7874
5888,FGFRL1,ENSG00000127418,7875
5889,TMEM175,ENSG00000127419,7871
5890,AUNIP,ENSG00000127423,576
5891,PIN1,ENSG00000127445,31252
5892,FBXL12,ENSG00000127452,31249
5893,EMC1,ENSG00000127463,433
5894,PLA2G5,ENSG00000127472,449
5895,UBR4,ENSG00000127481,431
5896,HP1BP3,ENSG00000127483,474
5897,ADGRE2,ENSG00000127507,31451
5898,SIN3B,ENSG00000127511,31526
5899,OR7A10,ENSG00000127515,31454
5900,SLC35E1,ENSG00000127526,31512
5901,EPS15L1,ENSG00000127527,31506
5902,KLF2,ENSG00000127528,31504
5903,OR7C2,ENSG00000127529,31456
5904,OR7C1,ENSG00000127530,31452
5905,F2RL3,ENSG00000127533,31528
5906,UQCR11,ENSG00000127540,30939
5907,GFER,ENSG00000127554,26568
5908,SYNGR3,ENSG00000127561,26570
5909,PKMYT1,ENSG00000127564,26636
5910,WFIKKN1,ENSG00000127578,26464
5911,WDR24,ENSG00000127580,26475
5912,FBXL16,ENSG00000127585,26477
5913,CHTF18,ENSG00000127586,26487
5914,GNG13,ENSG00000127588,26488
5915,MACF1,ENSG00000127603,847
5916,SMARCA4,ENSG00000127616,31297
5917,KDM4B,ENSG00000127663,31086
5918,TICAM1,ENSG00000127666,31081
5919,METTL25,ENSG00000127720,22209
5920,IL17B,ENSG00000127743,10782
5921,EMC6,ENSG00000127774,28187
5922,OR1E2,ENSG00000127780,28176
5923,METTL16,ENSG00000127804,28155
5924,TUBA4A,ENSG00000127824,5639
5925,VIL1,ENSG00000127831,5601
5926,AAMP,ENSG00000127837,5592
5927,PNKD,ENSG00000127838,5593
5928,TNFRSF19,ENSG00000127863,22960
5929,RNF6,ENSG00000127870,22990
5930,ECHS1,ENSG00000127884,18896
5931,ZNF835,ENSG00000127903,32785
5932,AKAP9,ENSG00000127914,13849
5933,GNG11,ENSG00000127920,13874
5934,SEM1,ENSG00000127922,13897
5935,GNGT1,ENSG00000127928,13871
5936,HIP1,ENSG00000127946,13747
5937,PTPN12,ENSG00000127947,13774
5938,POR,ENSG00000127948,13751
5939,FGL2,ENSG00000127951,13769
5940,STYXL1,ENSG00000127952,13753
5941,STEAP4,ENSG00000127954,13825
5942,GNAI1,ENSG00000127955,13788
5943,PEX1,ENSG00000127980,13859
5944,MTERF1,ENSG00000127989,13847
5945,SGCE,ENSG00000127990,13883
5946,RBM48,ENSG00000127993,13860
5947,CASD1,ENSG00000127995,13882
5948,ZNF780B,ENSG00000128000,32066
5949,LRFN1,ENSG00000128011,32038
5950,ZFP36,ENSG00000128016,32045
5951,SRD5A3,ENSG00000128039,8334
5952,SPINK2,ENSG00000128040,8358
5953,RASL11B,ENSG00000128045,8308
5954,PAICS,ENSG00000128050,8353
5955,KDR,ENSG00000128052,8332
5956,PPAT,ENSG00000128059,8351
5957,TUBGCP6,ENSG00000128159,35266
5958,ADM2,ENSG00000128165,35276
5959,DGCR6L,ENSG00000128185,34518
5960,DGCR8,ENSG00000128191,34509
5961,ASPHD2,ENSG00000128203,34750
5962,VPREB3,ENSG00000128218,34686
5963,SDF2L1,ENSG00000128228,34561
5964,GAL3ST1,ENSG00000128242,34845
5965,YWHAH,ENSG00000128245,34879
5966,RFPL1,ENSG00000128250,34808
5967,RFPL2,ENSG00000128253,34886
5969,GNAZ,ENSG00000128266,34671
5970,MGAT3,ENSG00000128268,35060
5971,ADORA2A,ENSG00000128271,34708
5972,ATF4,ENSG00000128272,35064
5973,A4GALT,ENSG00000128274,35137
5974,RFPL3,ENSG00000128276,34892
5975,CDC42EP1,ENSG00000128283,34983
5976,APOL3,ENSG00000128284,34939
5977,MCHR1,ENSG00000128285,35079
5978,TPST2,ENSG00000128294,34755
5979,BAIAP2L2,ENSG00000128298,35008
5980,MPST,ENSG00000128309,34965
5981,GALR3,ENSG00000128310,34994
5982,TST,ENSG00000128311,34964
5983,APOL5,ENSG00000128313,34933
5984,IGLL1,ENSG00000128322,34681
5985,APOL2,ENSG00000128335,34941
5986,RAC2,ENSG00000128340,34974
5987,LIF,ENSG00000128342,34828
5988,C22orf23,ENSG00000128346,34999
5989,APOBEC3A,ENSG00000128383,35044
5990,APOBEC3F,ENSG00000128394,35049
5991,RIBC2,ENSG00000128408,35184
5992,KRT17,ENSG00000128422,29112
5993,EMC4,ENSG00000128463,25338
5994,RNF112,ENSG00000128482,28597
5995,SPECC1,ENSG00000128487,28616
5996,CPA4,ENSG00000128510,14274
5997,DOCK4,ENSG00000128512,14113
5998,POT1,ENSG00000128513,14210
5999,TAS2R16,ENSG00000128519,14189
6000,ATP6V1F,ENSG00000128524,14249
6001,LSM8,ENSG00000128534,14165
6002,CDHR3,ENSG00000128536,14070
6003,PRKRIP1,ENSG00000128563,14025
6004,VGF,ENSG00000128564,14006
6005,PODXL,ENSG00000128567,14298
6006,FOXP2,ENSG00000128573,14129
6007,STRIP2,ENSG00000128578,14259
6008,IFT22,ENSG00000128581,14015
6009,MKLN1,ENSG00000128585,14295
6010,DNAJB9,ENSG00000128590,14102
6011,FLNC,ENSG00000128591,14246
6012,LRRC4,ENSG00000128594,14230
6013,CALU,ENSG00000128595,14243
6014,CCDC136,ENSG00000128596,14245
6015,SMO,ENSG00000128602,14255
6016,IRF5,ENSG00000128604,14251
6017,LRRC17,ENSG00000128606,14043
6018,KLHDC10,ENSG00000128607,14268
6019,NDUFA5,ENSG00000128609,14194
6020,FEZF1,ENSG00000128610,14183
6021,OPN1SW,ENSG00000128617,14244
6022,MRPS12,ENSG00000128626,32024
6023,MYO1B,ENSG00000128641,5337
6024,HOXD1,ENSG00000128645,5206
6025,HOXD3,ENSG00000128652,5201
6026,MTX2,ENSG00000128654,5207
6027,PDE11A,ENSG00000128655,5228
6028,CHN1,ENSG00000128656,5185
6029,GAD1,ENSG00000128683,5140
6030,OSGEPL1,ENSG00000128694,5313
6031,ORMDL1,ENSG00000128699,5316
6032,HAT1,ENSG00000128708,5151
6033,HOXD9,ENSG00000128709,5199
6034,HOXD10,ENSG00000128710,5197
6035,HOXD11,ENSG00000128713,5196
6036,HOXD13,ENSG00000128714,5194
6037,HERC2,ENSG00000128731,25268
6038,SNRPN,ENSG00000128739,25234
6039,PSMG2,ENSG00000128789,30256
6040,TWSG1,ENSG00000128791,30194
6042,ARHGAP22,ENSG00000128805,17986
6043,WDFY4,ENSG00000128815,17990
6044,EIF2AK4,ENSG00000128829,25398
6045,MYO5C,ENSG00000128833,25665
6046,CGNL1,ENSG00000128849,25712
6047,TMOD2,ENSG00000128872,25647
6048,TTBK2,ENSG00000128881,25496
6049,ELL3,ENSG00000128886,25521
6050,CCDC32,ENSG00000128891,25427
6051,INO80,ENSG00000128908,25447
6052,ICE2,ENSG00000128915,25757
6053,DLL4,ENSG00000128917,25445
6054,ALDH1A2,ENSG00000128918,25720
6055,MINDY2,ENSG00000128923,25733
6056,IVD,ENSG00000128928,25421
6057,KNSTRN,ENSG00000128944,25420
6058,DUT,ENSG00000128951,25592
6059,CHAC1,ENSG00000128965,25446
6060,CLN6,ENSG00000128973,25882
6061,ARPP19,ENSG00000128989,25667
6062,VPS13C,ENSG00000129003,25775
6063,CALML4,ENSG00000129007,25881
6064,ISLR,ENSG00000129009,25977
6065,THAP10,ENSG00000129028,25923
6066,LOXL1,ENSG00000129038,25969
6067,ACKR4,ENSG00000129048,7162
6068,ANAPC13,ENSG00000129055,7184
6069,MBD4,ENSG00000129071,7130
6070,COPB1,ENSG00000129083,19297
6071,PSMA1,ENSG00000129084,19298
6072,SUMF2,ENSG00000129103,13610
6073,PALLD,ENSG00000129116,9183
6074,SPCS3,ENSG00000129128,9248
6075,BBOX1,ENSG00000129151,19407
6076,MYOD1,ENSG00000129152,19327
6077,SERGEF,ENSG00000129158,19329
6078,KCNC1,ENSG00000129159,19328
6079,TPH1,ENSG00000129167,19330
6080,CSRP3,ENSG00000129170,19359
6081,E2F8,ENSG00000129173,19361
6082,DCTD,ENSG00000129187,9278
6083,SOX15,ENSG00000129194,28339
6084,PIMREG,ENSG00000129195,28273
6085,RPAIN,ENSG00000129197,28258
6086,USP6,ENSG00000129204,28250
6087,SHBG,ENSG00000129214,28341
6088,PLD2,ENSG00000129219,28227
6089,AIPL1,ENSG00000129221,28272
6090,CD68,ENSG00000129226,28336
6091,TXNDC17,ENSG00000129235,28277
6092,ATP1B2,ENSG00000129244,28343
6093,FXR2,ENSG00000129245,28340
6094,KIF1C,ENSG00000129250,28243
6095,MPDU1,ENSG00000129255,28338
6099,PHF20L1,ENSG00000129292,16000
6101,CCNT1,ENSG00000129315,21634
6102,PUS7L,ENSG00000129317,21556
6103,KRI1,ENSG00000129347,31284
6104,ILF3,ENSG00000129351,31289
6105,SLC44A2,ENSG00000129353,31287
6106,AP1M2,ENSG00000129354,31286
6107,CDKN2D,ENSG00000129355,31285
6108,MTUS1,ENSG00000129422,14925
6109,KLK14,ENSG00000129437,32530
6110,SIGLEC9,ENSG00000129450,32532
6111,KLK10,ENSG00000129451,32523
6112,KLK8,ENSG00000129455,32521
6113,NGDN,ENSG00000129460,23962
6114,RIPK3,ENSG00000129465,24013
6115,ADCY4,ENSG00000129467,24012
6116,RAB2B,ENSG00000129472,23781
6117,BCL2L2,ENSG00000129473,23951
6118,AJUBA,ENSG00000129474,23937
6119,DTD2,ENSG00000129480,24070
6120,PARP2,ENSG00000129484,23729
6121,HEATR5A,ENSG00000129493,24068
6122,FOXA1,ENSG00000129514,24132
6123,SNX6,ENSG00000129515,24093
6124,EAPP,ENSG00000129518,24090
6125,EGLN3,ENSG00000129521,24087
6126,MIS18BP1,ENSG00000129534,24178
6127,NRL,ENSG00000129535,23981
6128,RNASE1,ENSG00000129538,23752
6129,NEDD8,ENSG00000129559,24000
6130,DAD1,ENSG00000129562,23921
6131,TEP1,ENSG00000129566,23731
6132,EPB41L4A,ENSG00000129595,10290
6133,CDO1,ENSG00000129596,10323
6134,REEP5,ENSG00000129625,10299
6135,ITFG1,ENSG00000129636,27311
6136,QRICH2,ENSG00000129646,29836
6137,FOXJ1,ENSG00000129654,29832
6138,SEC14L1,ENSG00000129657,29867
6139,RHBDF2,ENSG00000129667,29841
6140,AANAT,ENSG00000129673,29840
6141,ARHGEF6,ENSG00000129675,36241
6142,MAP7D3,ENSG00000129680,36234
6143,FGF13,ENSG00000129682,36248
6144,ASH2L,ENSG00000129691,15179
6145,TTI2,ENSG00000129696,15138
6146,ART1,ENSG00000129744,19059
6147,CHRNA10,ENSG00000129749,19060
6148,CDKN1C,ENSG00000129757,19037
6149,SGO1,ENSG00000129810,6151
6150,RPS4Y1,ENSG00000129824,36450
6151,VCY1B,ENSG00000129862,36498
6152,VCY,ENSG00000129864,36497
6153,CDY2B,ENSG00000129873,36505
6154,CDH15,ENSG00000129910,28039
6155,KLF16,ENSG00000129911,30948
6157,DOHH,ENSG00000129932,31016
6158,MAU2,ENSG00000129933,31633
6159,SHC2,ENSG00000129946,30866
6160,PLPPR3,ENSG00000129951,30888
6162,ABHD17A,ENSG00000129968,30952
6163,LBP,ENSG00000129988,33407
6164,SYT5,ENSG00000129990,32706
6165,TNNI3,ENSG00000129991,32703
6166,CBFA2T3,ENSG00000129993,28029
6167,GAMT,ENSG00000130005,30925
6168,PUDP,ENSG00000130021,35343
6169,ERMARD,ENSG00000130023,12991
6170,PHF10,ENSG00000130024,12987
6171,PRRG3,ENSG00000130032,36329
6172,GALNT8,ENSG00000130035,21063
6173,KCNA5,ENSG00000130037,21072
6174,CRACR2A,ENSG00000130038,21046
6175,NXNL2,ENSG00000130045,16789
6176,STARD8,ENSG00000130052,35790
6178,GDPD2,ENSG00000130055,35810
6179,SAT1,ENSG00000130066,35464
6180,GNL3L,ENSG00000130119,35736
6181,SH3BP4,ENSG00000130147,5822
6182,MOSPD2,ENSG00000130150,35396
6183,DOCK6,ENSG00000130158,31302
6184,ECSIT,ENSG00000130159,31321
6185,LDLR,ENSG00000130164,31299
6186,ELOF1,ENSG00000130165,31323
6187,TSPAN16,ENSG00000130167,31306
6188,ANGPTL8,ENSG00000130173,31305
6189,PRKCSH,ENSG00000130175,31318
6190,CNN1,ENSG00000130176,31322
6191,CDC16,ENSG00000130177,23685
6192,ZSCAN10,ENSG00000130182,26653
6193,THEM6,ENSG00000130193,16076
6195,NECTIN2,ENSG00000130202,32236
6196,APOE,ENSG00000130203,32239
6197,TOMM40,ENSG00000130204,32238
6198,APOC1,ENSG00000130208,32240
6199,GADD45G,ENSG00000130222,16800
6200,LRCH2,ENSG00000130224,36065
6201,DPP6,ENSG00000130226,14634
6202,XPO7,ENSG00000130227,14968
6203,ACE2,ENSG00000130234,35403
6204,FAM98C,ENSG00000130244,31999
6205,SAFB2,ENSG00000130254,31092
6206,RPL36,ENSG00000130255,31094
6207,ATP8B3,ENSG00000130270,30943
6208,GDF1,ENSG00000130283,31614
6209,NCAN,ENSG00000130287,31629
6210,KIF1A,ENSG00000130294,5906
6211,GTPBP3,ENSG00000130299,31549
6212,PLVAP,ENSG00000130300,31550
6213,BST2,ENSG00000130303,31553
6214,SLC27A1,ENSG00000130304,31561
6215,NSUN5,ENSG00000130305,13703
6216,USHBP1,ENSG00000130307,31541
6217,COLGALT1,ENSG00000130309,31566
6218,DDA1,ENSG00000130311,31547
6219,MRPL34,ENSG00000130312,31545
6220,PGLS,ENSG00000130313,31563
6221,LSM7,ENSG00000130332,30974
6222,TULP4,ENSG00000130338,12840
6223,SNX9,ENSG00000130340,12831
6224,RTN4IP1,ENSG00000130347,12385
6225,QRSL1,ENSG00000130348,12386
6226,MTRES1,ENSG00000130349,12390
6227,RSPH3,ENSG00000130363,12851
6228,MAS1,ENSG00000130368,12871
6229,ACSBG2,ENSG00000130377,31116
6230,MLLT1,ENSG00000130382,31117
6231,FUT5,ENSG00000130383,31105
6232,BMP15,ENSG00000130385,35687
6233,AFDN,ENSG00000130396,12957
6234,ACTN4,ENSG00000130402,32007
6235,STK33,ENSG00000130413,19213
6236,NDUFA10,ENSG00000130414,5886
6237,EPO,ENSG00000130427,13989
6238,ARPC1B,ENSG00000130429,13920
6239,CACNG6,ENSG00000130433,32646
6240,ZSWIM6,ENSG00000130449,9890
6241,FCHO1,ENSG00000130475,31571
6242,UNC13A,ENSG00000130477,31567
6243,MAP1S,ENSG00000130479,31569
6244,KLHDC7B,ENSG00000130487,35286
6246,PXDN,ENSG00000130508,3445
6247,SSBP4,ENSG00000130511,31596
6248,GDF15,ENSG00000130513,31594
6249,PGPEP1,ENSG00000130517,31593
6250,IQCN,ENSG00000130518,31590
6251,LSM4,ENSG00000130520,31592
6252,JUND,ENSG00000130522,31591
6253,HRC,ENSG00000130528,32429
6254,TRPM4,ENSG00000130529,32430
6255,OR11H1,ENSG00000130538,34402
6256,SULT4A1,ENSG00000130540,35156
6257,ZNF557,ENSG00000130544,31152
6258,CRB3,ENSG00000130545,31129
6259,OLFM1,ENSG00000130558,17395
6260,CAMSAP1,ENSG00000130559,17414
6261,UBAC1,ENSG00000130560,17416
6262,SAG,ENSG00000130561,5794
6263,ZBTB46,ENSG00000130584,33820
6264,HELZ2,ENSG00000130589,33809
6265,SAMD10,ENSG00000130590,33830
6266,LSP1,ENSG00000130592,19010
6267,TNNT3,ENSG00000130595,19014
6268,TNNI2,ENSG00000130598,19009
6269,COL5A1,ENSG00000130635,17389
6270,ATXN10,ENSG00000130638,35189
6271,TUBGCP2,ENSG00000130640,18889
6272,CALY,ENSG00000130643,18892
6273,CYP2E1,ENSG00000130649,18902
6274,PNPLA7,ENSG00000130653,17505
6275,HBZ,ENSG00000130656,26439
6276,PAK4,ENSG00000130669,32031
6277,MNX1,ENSG00000130675,14674
6278,ZNF337,ENSG00000130684,33220
6279,CEP85,ENSG00000130695,592
6280,TAF4,ENSG00000130699,33735
6281,GATA5,ENSG00000130700,33753
6282,RBBP8NL,ENSG00000130701,33751
6283,LAMA5,ENSG00000130702,33745
6284,OSBPL2,ENSG00000130703,33742
6285,ADRM1,ENSG00000130706,33743
6286,ASS1,ENSG00000130707,17316
6287,PRDM12,ENSG00000130711,17318
6288,EXOSC2,ENSG00000130713,17319
6289,POMT1,ENSG00000130714,17334
6290,UCK1,ENSG00000130717,17336
6291,FIBCD1,ENSG00000130720,17322
6293,CHMP2A,ENSG00000130724,32875
6294,UBE2M,ENSG00000130725,32876
6295,TRIM28,ENSG00000130726,32874
6296,METTL26,ENSG00000130731,26465
6297,YIPF2,ENSG00000130733,31295
6298,ATG4D,ENSG00000130734,31283
6299,EIF2S3,ENSG00000130741,35468
6300,TMEM160,ENSG00000130748,32328
6301,ZC3H4,ENSG00000130749,32329
6302,NPAS1,ENSG00000130751,32327
6303,GMFG,ENSG00000130755,32040
6304,MAP3K10,ENSG00000130758,32069
6305,ARHGEF16,ENSG00000130762,132
6306,LRRC47,ENSG00000130764,143
6307,SESN2,ENSG00000130766,651
6308,SMPDL3B,ENSG00000130768,642
6309,ATP5IF1,ENSG00000130770,648
6310,MED18,ENSG00000130772,652
6311,THEMIS2,ENSG00000130775,640
6312,CLIP1,ENSG00000130779,22704
6313,CCDC62,ENSG00000130783,22716
6314,HIP1R,ENSG00000130787,22717
6315,ZNF317,ENSG00000130803,31225
6316,PPAN,ENSG00000130810,31260
6317,EIF3G,ENSG00000130811,31262
6318,ANGPTL6,ENSG00000130812,31259
6319,SHFL,ENSG00000130813,31257
6320,DNMT1,ENSG00000130816,31263
6321,ZNF426,ENSG00000130818,31239
6322,SLC6A8,ENSG00000130821,36371
6323,PNCK,ENSG00000130822,36370
6324,DKC1,ENSG00000130826,36423
6325,PLXNA3,ENSG00000130827,36409
6326,DUSP9,ENSG00000130829,36369
6327,MPP1,ENSG00000130830,36424
6328,ZNF331,ENSG00000130844,32634
6329,ZNF236,ENSG00000130856,30800
6330,SLC7A10,ENSG00000130876,31805
6331,LRP3,ENSG00000130881,31802
6333,NOL11,ENSG00000130935,29670
6334,UBE4B,ENSG00000130939,246
6335,CASZ1,ENSG00000130940,258
6336,PKDREJ,ENSG00000130943,35204
6337,HSD17B3,ENSG00000130948,16885
6338,NUTM2F,ENSG00000130950,16856
6339,HABP4,ENSG00000130956,16892
6340,FBP2,ENSG00000130957,16861
6341,SLC35D2,ENSG00000130958,16888
6342,PRRG1,ENSG00000130962,35519
6343,UBA1,ENSG00000130985,35595
6344,RGN,ENSG00000130988,35592
6345,POLN,ENSG00000130997,7904
6346,PPIL4,ENSG00000131013,12753
6347,ULBP2,ENSG00000131015,12770
6348,AKAP12,ENSG00000131016,12785
6349,SYNE1,ENSG00000131018,12794
6350,ULBP3,ENSG00000131019,12774
6351,LATS1,ENSG00000131023,12759
6352,EPS8L1,ENSG00000131037,32699
6353,LILRB2,ENSG00000131042,32665
6354,AAR2,ENSG00000131043,33369
6355,TTLL9,ENSG00000131044,33261
6356,BPIFA2,ENSG00000131050,33295
6357,RBM39,ENSG00000131051,33358
6358,COX4I2,ENSG00000131055,33253
6359,BPIFA3,ENSG00000131059,33297
6360,ZNF341,ENSG00000131061,33311
6361,GGT7,ENSG00000131067,33333
6362,DEFB118,ENSG00000131068,33239
6363,ACSS2,ENSG00000131069,33334
6364,EDA2R,ENSG00000131080,35785
6365,ARHGEF9,ENSG00000131089,35771
6366,C1QL1,ENSG00000131094,29253
6367,GFAP,ENSG00000131095,29250
6368,PYY,ENSG00000131096,29210
6369,HIGD1B,ENSG00000131097,29246
6370,ATP6V1E1,ENSG00000131100,34440
6371,ZNF227,ENSG00000131115,32218
6372,ZNF428,ENSG00000131116,32188
6373,TEX101,ENSG00000131126,32176
6374,ZNF141,ENSG00000131127,7849
6375,CCL25,ENSG00000131142,31193
6376,COX4I1,ENSG00000131143,27940
6377,EMC8,ENSG00000131148,27937
6378,GSE1,ENSG00000131149,27925
6380,GINS2,ENSG00000131153,27932
6381,CHMP1A,ENSG00000131165,28055
6382,SH3BGRL,ENSG00000131171,35896
6383,COX7B,ENSG00000131174,35880
6384,SLC34A1,ENSG00000131183,11082
6385,F12,ENSG00000131187,11084
6386,PRR7,ENSG00000131188,11087
6387,NFATC1,ENSG00000131196,30827
6388,IDO1,ENSG00000131203,15210
6389,GJA9,ENSG00000131233,843
6390,CAP1,ENSG00000131236,869
6391,PPT1,ENSG00000131238,870
6392,RAB11FIP4,ENSG00000131242,28795
6393,RLIM,ENSG00000131263,35867
6394,CDX4,ENSG00000131264,35856
6395,ABCB7,ENSG00000131269,35869
6396,TRAF3,ENSG00000131323,24904
6397,HAUS8,ENSG00000131351,31531
6398,ADGRE3,ENSG00000131355,31449
6399,MRPS25,ENSG00000131368,6106
6400,SH3BP5,ENSG00000131370,6110
6401,HACL1,ENSG00000131373,6116
6402,TBC1D5,ENSG00000131374,6138
6403,CAPN7,ENSG00000131375,6108
6404,RFTN1,ENSG00000131378,6125
6405,C3orf20,ENSG00000131379,6099
6406,RBSN,ENSG00000131381,6107
6407,GALNT15,ENSG00000131386,6121
6408,SLC6A6,ENSG00000131389,6094
6409,KCNC3,ENSG00000131398,32486
6410,NAPSA,ENSG00000131400,32488
6411,NR1H2,ENSG00000131408,32487
6412,LRRC4B,ENSG00000131409,32499
6413,PDLIM4,ENSG00000131435,10445
6414,KIF3A,ENSG00000131437,10459
6415,MGAT1,ENSG00000131446,11161
6416,GFPT2,ENSG00000131459,11154
6417,TUBG1,ENSG00000131462,29157
6418,PSME3,ENSG00000131467,29173
6419,RPL27,ENSG00000131469,29181
6420,PSMC3IP,ENSG00000131470,29154
6421,AOC3,ENSG00000131471,29175
6422,ACLY,ENSG00000131473,29123
6423,VPS25,ENSG00000131475,29168
6424,RAMP2,ENSG00000131477,29167
6425,AOC2,ENSG00000131480,29174
6427,NDUFA2,ENSG00000131495,10607
6428,ANKHD1,ENSG00000131503,10601
6429,DIAPH1,ENSG00000131504,10689
6430,NDFIP1,ENSG00000131507,10707
6431,UBE2D2,ENSG00000131508,10579
6432,EXOC4,ENSG00000131558,14307
6433,ACAP3,ENSG00000131584,51
6434,C1orf159,ENSG00000131591,36
6435,ANO1,ENSG00000131620,20172
6436,PPFIA1,ENSG00000131626,20177
6437,TMEM204,ENSG00000131634,26536
6438,KREMEN2,ENSG00000131650,26635
6439,THOC6,ENSG00000131652,26646
6440,TRAF7,ENSG00000131653,26584
6441,BARX1,ENSG00000131668,16849
6442,NINJ1,ENSG00000131669,16840
6443,CA6,ENSG00000131686,221
6444,NPHP4,ENSG00000131697,167
6445,MAP1B,ENSG00000131711,9979
6446,RHOXF2,ENSG00000131721,36108
6447,IL13RA1,ENSG00000131724,36079
6448,WDR44,ENSG00000131725,36077
6449,CKMT2,ENSG00000131730,10086
6450,ZCCHC9,ENSG00000131732,10087
6451,KRT34,ENSG00000131737,29096
6452,KRT33B,ENSG00000131738,29095
6453,TNS4,ENSG00000131746,29038
6454,TOP2A,ENSG00000131747,29036
6455,STARD3,ENSG00000131748,29006
6456,RARA,ENSG00000131759,29031
6457,PPP1R1B,ENSG00000131771,29005
6458,KHDRBS3,ENSG00000131773,16024
6459,CHD1L,ENSG00000131778,1867
6460,PEX11B,ENSG00000131779,1846
6461,FMO5,ENSG00000131781,1866
6462,PIAS3,ENSG00000131788,1842
6463,PRKAB2,ENSG00000131791,1864
6465,FSHB,ENSG00000131808,19432
6466,PDHA1,ENSG00000131828,35435
6467,RAI2,ENSG00000131831,35423
6468,MCCC2,ENSG00000131844,9976
6469,ZNF304,ENSG00000131845,32802
6470,ZSCAN5A,ENSG00000131848,32763
6471,ZNF132,ENSG00000131849,32865
6472,USP29,ENSG00000131864,32790
6473,SELENOS,ENSG00000131871,26415
6474,CHSY1,ENSG00000131873,26414
6475,SNRPA1,ENSG00000131876,26416
6476,LLGL1,ENSG00000131899,28554
6477,NR0B2,ENSG00000131910,612
6478,LIN28A,ENSG00000131914,598
6479,THAP1,ENSG00000131931,15254
6480,RHPN2,ENSG00000131941,31799
6481,C19orf12,ENSG00000131943,31756
6482,FAAP24,ENSG00000131944,31798
6483,LRRC9,ENSG00000131951,24341
6484,ACTR10,ENSG00000131966,24321
6485,ABHD12B,ENSG00000131969,24225
6486,GCH1,ENSG00000131979,24279
6487,LGALS3,ENSG00000131981,24283
6488,PODNL1,ENSG00000132000,31417
6489,DNAJB1,ENSG00000132002,31445
6490,ZSWIM4,ENSG00000132003,31411
6491,FBXW9,ENSG00000132004,31365
6492,RFX1,ENSG00000132005,31419
6493,ZNF20,ENSG00000132010,31343
6495,DCAF15,ENSG00000132017,31418
6496,CC2D1A,ENSG00000132024,31416
6497,RTBDN,ENSG00000132026,31379
6498,MATN3,ENSG00000132031,3632
6499,TRIM21,ENSG00000132109,19076
6500,SPATA6,ENSG00000132122,1049
6501,LRRC41,ENSG00000132128,1009
6504,CCT6B,ENSG00000132141,28862
6506,DHX30,ENSG00000132153,6405
6507,RAF1,ENSG00000132155,6073
6508,SLC6A11,ENSG00000132164,6055
6509,PPARG,ENSG00000132170,6069
6510,NUP210,ENSG00000132182,6080
6511,FCRLA,ENSG00000132185,2349
6512,HSD17B7,ENSG00000132196,2367
6513,ENOSF1,ENSG00000132199,30089
6514,EMILIN2,ENSG00000132205,30113
6515,SLX1A,ENSG00000132207,27143
6516,ARFIP2,ENSG00000132254,19161
6517,TRIM5,ENSG00000132256,19129
6518,CNGA4,ENSG00000132259,19152
6519,TRIM22,ENSG00000132274,19130
6520,RRP8,ENSG00000132275,19164
6521,TIMM10B,ENSG00000132286,19162
6522,EFR3A,ENSG00000132294,15992
6523,HHLA1,ENSG00000132297,15994
6524,PTCD3,ENSG00000132300,4342
6525,IMMT,ENSG00000132305,4343
6526,MRPL35,ENSG00000132313,4345
6527,IQCA1,ENSG00000132321,5831
6528,ILKAP,ENSG00000132323,5858
6529,PER2,ENSG00000132326,5862
6530,RAMP1,ENSG00000132329,5852
6531,SCLY,ENSG00000132330,5854
6532,PTPRE,ENSG00000132334,18829
6533,RAN,ENSG00000132341,22837
6534,PRKAA1,ENSG00000132356,9739
6535,CARD6,ENSG00000132357,9741
6536,RAP1GAP2,ENSG00000132359,28163
6537,CLUH,ENSG00000132361,28159
6538,INPP5K,ENSG00000132376,28117
6539,MYBBP1A,ENSG00000132382,28208
6540,RPA1,ENSG00000132383,28132
6541,SERPINF1,ENSG00000132386,28130
6542,UBE2G1,ENSG00000132388,28203
6543,EEFSEC,ENSG00000132394,7102
6544,TBC1D14,ENSG00000132405,7971
6545,TMEM128,ENSG00000132406,7937
6546,COQ3,ENSG00000132423,12349
6547,PNISR,ENSG00000132424,12350
6548,POPDC3,ENSG00000132429,12373
6549,SEC61G,ENSG00000132432,13594
6550,LANCL2,ENSG00000132434,13599
6551,FIGNL1,ENSG00000132436,13568
6552,DDC,ENSG00000132437,13569
6553,FTHL17,ENSG00000132446,35504
6554,GRSF1,ENSG00000132463,8450
6555,ENAM,ENSG00000132464,8444
6556,JCHAIN,ENSG00000132465,8446
6557,ANKRD17,ENSG00000132466,8460
6558,UTP3,ENSG00000132467,8447
6559,ITGB4,ENSG00000132470,29810
6560,WBP2,ENSG00000132471,29816
6562,UNK,ENSG00000132478,29813
6563,TRIM47,ENSG00000132481,29817
6564,ZRANB2,ENSG00000132485,1296
6566,EIF5A,ENSG00000132507,28309
6567,KDM6B,ENSG00000132510,28348
6568,CLEC10A,ENSG00000132514,28295
6569,SLC52A1,ENSG00000132517,28245
6570,GUCY2D,ENSG00000132518,28357
6571,GPS2,ENSG00000132522,28310
6572,XAF1,ENSG00000132530,28282
6573,DLG4,ENSG00000132535,28298
6574,RIDA,ENSG00000132541,15719
6575,VPS13B,ENSG00000132549,15730
6576,RGS22,ENSG00000132554,15736
6577,MATN2,ENSG00000132561,15715
6578,REEP2,ENSG00000132563,10556
6579,PCBD2,ENSG00000132570,10502
6580,SDF2,ENSG00000132581,28702
6581,FLOT2,ENSG00000132589,28719
6582,ERAL1,ENSG00000132591,28717
6583,PRMT7,ENSG00000132600,27646
6584,NIP7,ENSG00000132603,27670
6585,TERF2,ENSG00000132604,27672
6586,VPS4A,ENSG00000132612,27667
6587,MTSS2,ENSG00000132613,27699
6588,HSPA12B,ENSG00000132622,32962
6589,ANKEF1,ENSG00000132623,33033
6590,SCP2D1,ENSG00000132631,33118
6591,PCED1A,ENSG00000132635,32942
6592,SNAP25,ENSG00000132639,33037
6593,BTBD3,ENSG00000132640,33055
6594,PCNA,ENSG00000132646,32991
6595,NXT1,ENSG00000132661,33171
6596,POLR3F,ENSG00000132664,33109
6597,RIN2,ENSG00000132669,33126
6598,PTPRA,ENSG00000132670,32944
6599,SSTR4,ENSG00000132671,33164
6600,DAP3,ENSG00000132676,2160
6601,RHBG,ENSG00000132677,2188
6602,KHDC4,ENSG00000132680,2165
6603,ATP1A4,ENSG00000132681,2289
6604,NES,ENSG00000132688,2203
6605,BCAN,ENSG00000132692,2200
6606,CRP,ENSG00000132693,2269
6607,ARHGEF11,ENSG00000132694,2219
6608,RAB25,ENSG00000132698,2174
6609,HAPLN2,ENSG00000132702,2198
6610,APCS,ENSG00000132703,2268
6611,FCRL2,ENSG00000132704,2228
6612,DCAF8,ENSG00000132716,2293
6613,SYT11,ENSG00000132718,2163
6614,IGHMBP2,ENSG00000132740,20142
6615,ACY3,ENSG00000132744,20120
6616,ALDH3B2,ENSG00000132746,20121
6617,TESMIN,ENSG00000132749,20138
6618,MMACHC,ENSG00000132763,991
6619,DPH2,ENSG00000132768,959
6620,TOE1,ENSG00000132773,988
6621,NASP,ENSG00000132780,994
6622,MUTYH,ENSG00000132781,987
6623,CTNNBL1,ENSG00000132792,33395
6624,LPIN3,ENSG00000132793,33438
6625,ZSWIM3,ENSG00000132801,33520
6626,RBM38,ENSG00000132819,33674
6627,VSTM2L,ENSG00000132821,33396
6628,OSER1,ENSG00000132823,33460
6629,SERINC3,ENSG00000132824,33471
6630,PPP1R3D,ENSG00000132825,33720
6631,DMGDH,ENSG00000132837,10058
6632,BHMT2,ENSG00000132840,10059
6633,AP3B1,ENSG00000132842,10053
6634,ZBED3,ENSG00000132846,10044
6635,PATJ,ENSG00000132849,1207
6636,KANK4,ENSG00000132854,1209
6637,ANGPTL3,ENSG00000132855,1212
6638,SYT4,ENSG00000132872,30485
6639,SLC14A2,ENSG00000132874,30491
6640,FBXO44,ENSG00000132879,278
6641,CPLANE2,ENSG00000132881,384
6642,CASP9,ENSG00000132906,354
6643,NMUR2,ENSG00000132911,10839
6644,DCTN4,ENSG00000132912,10812
6645,PDE6A,ENSG00000132915,10790
6646,ATP8A2,ENSG00000132932,22987
6647,MTUS2,ENSG00000132938,23024
6648,ZMYM5,ENSG00000132950,22920
6649,USPL1,ENSG00000132952,23044
6650,XPO4,ENSG00000132953,22936
6651,TPTE2,ENSG00000132958,22915
6652,POMP,ENSG00000132963,23022
6653,CDK8,ENSG00000132964,22992
6654,ALOX5AP,ENSG00000132965,23045
6655,WASF3,ENSG00000132970,22994
6656,RNF17,ENSG00000132972,22977
6657,GPR12,ENSG00000132975,22997
6658,CHRM3,ENSG00000133019,3268
6659,MYH8,ENSG00000133020,28417
6660,MYH10,ENSG00000133026,28385
6661,PEMT,ENSG00000133027,28536
6662,SCO1,ENSG00000133028,28424
6663,MPRIP,ENSG00000133030,28525
6664,CHI3L1,ENSG00000133048,2778
6665,MYBPH,ENSG00000133055,2777
6666,PIK3C2B,ENSG00000133056,2806
6667,DSTYK,ENSG00000133059,2817
6668,CHIT1,ENSG00000133063,2779
6669,SLC41A1,ENSG00000133065,2833
6670,LGR6,ENSG00000133067,2758
6671,TMCC2,ENSG00000133069,2818
6672,DCLK1,ENSG00000133083,23091
6673,CCNA1,ENSG00000133101,23096
6674,COG6,ENSG00000133103,23122
6675,SPART,ENSG00000133104,23094
6676,RXFP2,ENSG00000133105,23057
6677,EPSTI1,ENSG00000133106,23148
6678,TRPC4,ENSG00000133107,23108
6679,POSTN,ENSG00000133110,23107
6680,RFXAP,ENSG00000133111,23098
6681,TPT1,ENSG00000133112,23180
6682,GPALPP1,ENSG00000133114,23177
6683,STOML3,ENSG00000133115,23117
6684,KL,ENSG00000133116,23069
6685,RFC3,ENSG00000133119,23081
6686,STARD13,ENSG00000133121,23070
6687,IRS4,ENSG00000133124,36037
6688,MORC4,ENSG00000133131,36017
6689,BEX2,ENSG00000133134,35982
6690,RNF128,ENSG00000133135,36015
6692,TBC1D8B,ENSG00000133138,36016
6693,TCEAL4,ENSG00000133142,35990
6695,BEX1,ENSG00000133169,35977
6697,SLC39A11,ENSG00000133195,29724
6698,EPHB2,ENSG00000133216,503
6699,SRRM1,ENSG00000133226,550
6700,BTBD2,ENSG00000133243,30957
6701,PRAM1,ENSG00000133246,31207
6702,KMT5C,ENSG00000133247,32717
6703,ZNF414,ENSG00000133250,31208
6704,PDE6B,ENSG00000133256,7856
6705,HSPBP1,ENSG00000133265,32712
6706,CSNK1G2,ENSG00000133275,30955
6707,SLF1,ENSG00000133302,10186
6708,CNDP2,ENSG00000133313,30760
6709,MACROD1,ENSG00000133315,19922
6710,WDR74,ENSG00000133316,19894
6711,LGALS12,ENSG00000133317,19907
6712,RTN3,ENSG00000133318,19914
6713,PLAAT4,ENSG00000133321,19908
6714,PLAAT2,ENSG00000133328,19909
6715,MYH11,ENSG00000133392,26871
6717,MED10,ENSG00000133398,9467
6718,PDZD2,ENSG00000133401,9642
6719,MORC2,ENSG00000133422,34853
6720,LARGE1,ENSG00000133424,34906
6721,GSTT2B,ENSG00000133433,34698
6722,MYO18B,ENSG00000133454,34742
6723,SLC2A11,ENSG00000133460,34693
6724,C1QTNF6,ENSG00000133466,34972
6726,FAM83F,ENSG00000133477,35070
6727,SEC14L4,ENSG00000133488,34843
6728,GIMAP6,ENSG00000133561,14585
6729,GIMAP4,ENSG00000133574,14584
6730,ADCK2,ENSG00000133597,14373
6731,MKRN1,ENSG00000133606,14370
6732,AGAP3,ENSG00000133612,14603
6733,KRBA1,ENSG00000133619,14559
6734,ACTR3B,ENSG00000133627,14629
6735,NTS,ENSG00000133636,22225
6736,BTG1,ENSG00000133639,22273
6737,LRRIQ1,ENSG00000133640,22221
6739,ATP13A3,ENSG00000133657,7760
6740,SFTPD,ENSG00000133661,18281
6741,DYDC2,ENSG00000133665,18291
6742,TMEM254,ENSG00000133678,18284
6743,TMTC1,ENSG00000133687,21464
6744,KRAS,ENSG00000133703,21401
6745,IPO8,ENSG00000133704,21470
6747,SPINK5,ENSG00000133710,10758
6748,IMPA1,ENSG00000133731,15574
6749,LRRCC1,ENSG00000133739,15588
6750,E2F5,ENSG00000133740,15590
6751,CA1,ENSG00000133742,15596
6752,CCDC59,ENSG00000133773,22208
6753,SWAP70,ENSG00000133789,19237
6755,LYVE1,ENSG00000133800,19250
6756,AMPD3,ENSG00000133805,19246
6758,SBF2,ENSG00000133812,19240
6759,MICAL2,ENSG00000133816,19270
6760,RRAS2,ENSG00000133818,19296
6761,HSD17B4,ENSG00000133835,10352
6762,ZFC3H1,ENSG00000133858,22125
6763,TEX15,ENSG00000133863,15122
6764,SARAF,ENSG00000133872,15104
6765,RNF122,ENSG00000133874,15140
6766,DUSP26,ENSG00000133878,15141
6767,DPF2,ENSG00000133884,19995
6768,MEN1,ENSG00000133895,19964
6769,ERG28,ENSG00000133935,24567
6770,GSC,ENSG00000133937,24772
6771,DGLUCY,ENSG00000133943,24713
6772,UNC79,ENSG00000133958,24745
6773,NUMB,ENSG00000133961,24500
6774,CATSPERB,ENSG00000133962,24721
6775,VRTN,ENSG00000133980,24532
6776,COX16,ENSG00000133983,24462
6777,TTC9,ENSG00000133985,24469
6778,MED6,ENSG00000133997,24467
6779,EIF2S1,ENSG00000134001,24421
6780,ADAM20,ENSG00000134007,24466
6781,LOXL2,ENSG00000134013,15016
6782,ELP3,ENSG00000134014,15074
6783,PEBP4,ENSG00000134020,15000
6784,ADAMDEC1,ENSG00000134028,15031
6785,CTIF,ENSG00000134030,30530
6786,MRO,ENSG00000134042,30560
6787,MBD2,ENSG00000134046,30572
6788,IER3IP1,ENSG00000134049,30521
6789,MRPS36,ENSG00000134056,9953
6790,CCNB1,ENSG00000134057,9951
6791,CDK7,ENSG00000134058,9954
6792,CD180,ENSG00000134061,9931
6793,IRAK2,ENSG00000134070,6044
6794,CAMK1,ENSG00000134072,6022
6795,THUMPD3,ENSG00000134077,6014
6796,VHL,ENSG00000134086,6042
6797,BHLHE40,ENSG00000134107,5982
6798,ARL8B,ENSG00000134108,5983
6799,EDEM1,ENSG00000134109,5986
6800,CNTN6,ENSG00000134115,5961
6801,CHL1,ENSG00000134121,5955
6802,MEIS2,ENSG00000134138,25366
6803,DPH6,ENSG00000134146,25357
6804,KATNBL1,ENSG00000134152,25337
6805,EMC7,ENSG00000134153,25335
6806,TRPM1,ENSG00000134160,25305
6807,GNAT2,ENSG00000134183,1622
6808,GSTM1,ENSG00000134184,1627
6809,PRPF38B,ENSG00000134186,1593
6810,REG4,ENSG00000134193,1794
6811,TSPAN2,ENSG00000134198,1737
6812,TSHB,ENSG00000134200,1736
6813,GSTM5,ENSG00000134201,1629
6814,GSTM3,ENSG00000134202,1631
6815,SYT6,ENSG00000134207,1726
6816,VAV3,ENSG00000134215,1581
6817,CHIA,ENSG00000134216,1673
6818,PSRC1,ENSG00000134222,1610
6819,HMGCS2,ENSG00000134240,1793
6820,PTPN22,ENSG00000134242,1717
6821,SORT1,ENSG00000134243,1612
6822,WNT2B,ENSG00000134245,1696
6823,PTGFRN,ENSG00000134247,1763
6824,LAMTOR5,ENSG00000134248,1653
6825,ADAM30,ENSG00000134249,1795
6826,NOTCH2,ENSG00000134250,1796
6827,TRIM45,ENSG00000134253,1767
6828,CEPT1,ENSG00000134255,1668
6829,CD101,ENSG00000134256,1764
6830,VTCN1,ENSG00000134258,1768
6831,NGF,ENSG00000134259,1741
6832,AP4B1,ENSG00000134262,1720
6833,NAPG,ENSG00000134265,30216
6834,SPIRE1,ENSG00000134278,30255
6835,PPHLN1,ENSG00000134283,21543
6836,FKBP11,ENSG00000134285,21643
6837,ARF3,ENSG00000134287,21644
6838,TMEM106C,ENSG00000134291,21608
6839,SLC38A2,ENSG00000134294,21576
6840,YWHAQ,ENSG00000134308,3527
6841,KIDINS220,ENSG00000134313,3514
6842,GRHL1,ENSG00000134317,3534
6843,ROCK2,ENSG00000134318,3560
6844,RSAD2,ENSG00000134321,3494
6845,MYCN,ENSG00000134323,3595
6846,LPIN1,ENSG00000134324,3569
6847,CMPK2,ENSG00000134326,3493
6848,IAH1,ENSG00000134330,3523
6849,LDHA,ENSG00000134333,19341
6850,SAA2,ENSG00000134339,19337
6851,ANO3,ENSG00000134343,19401
6852,IL6ST,ENSG00000134352,9843
6853,FST,ENSG00000134363,9815
6854,CFHR4,ENSG00000134365,2689
6855,NAV1,ENSG00000134369,2742
6856,CDC73,ENSG00000134371,2674
6857,TIMM17A,ENSG00000134375,2750
6858,CRB1,ENSG00000134376,2695
6859,CFHR5,ENSG00000134389,2691
6860,ERN2,ENSG00000134398,27010
6861,RPS15A,ENSG00000134419,26901
6862,RAX,ENSG00000134438,30639
6864,GRP,ENSG00000134443,30638
6865,RELCH,ENSG00000134444,30664
6866,FBH1,ENSG00000134452,17604
6867,RBM17,ENSG00000134453,17609
6868,IL2RA,ENSG00000134460,17607
6869,ANKRD16,ENSG00000134461,17603
6870,ECHDC3,ENSG00000134463,17658
6871,IL15RA,ENSG00000134470,17606
6872,CCNH,ENSG00000134480,10129
6873,HRH4,ENSG00000134489,30348
6874,TMEM241,ENSG00000134490,30329
6875,KCTD1,ENSG00000134504,30364
6876,CABLES1,ENSG00000134508,30328
6877,DOCK2,ENSG00000134516,10965
6878,EMP1,ENSG00000134531,21294
6879,SOX5,ENSG00000134532,21387
6880,RERG,ENSG00000134533,21322
6881,SLCO1B1,ENSG00000134538,21359
6882,KLRD1,ENSG00000134539,21227
6883,KLRC1,ENSG00000134545,21235
6884,SPX,ENSG00000134548,21365
6885,PRH2,ENSG00000134551,21249
6886,LRP4,ENSG00000134569,19601
6887,MYBPC3,ENSG00000134571,19614
6888,DDB2,ENSG00000134574,19608
6889,ACP2,ENSG00000134575,19610
6890,USP26,ENSG00000134588,36187
6891,RTL8C,ENSG00000134590,36205
6892,RAB33A,ENSG00000134594,36166
6893,SOX3,ENSG00000134595,36257
6894,RBMX2,ENSG00000134597,36170
6895,STK26,ENSG00000134602,36180
6896,PIWIL4,ENSG00000134627,20465
6897,MTNR1B,ENSG00000134640,20444
6898,PUM1,ENSG00000134644,688
6899,SPOCD1,ENSG00000134668,705
6901,PHC2,ENSG00000134686,754
6902,CDCA8,ENSG00000134690,820
6903,GNL2,ENSG00000134697,816
6904,AGO4,ENSG00000134698,785
6905,HOOK1,ENSG00000134709,1194
6906,CYP2J2,ENSG00000134716,1195
6907,BTF3L4,ENSG00000134717,1085
6908,TUT4,ENSG00000134744,1092
6909,PRPF38A,ENSG00000134748,1091
6910,DSC2,ENSG00000134755,30390
6911,DSG3,ENSG00000134757,30397
6912,RNF138,ENSG00000134758,30412
6913,ELP2,ENSG00000134759,30453
6914,DSG1,ENSG00000134760,30394
6915,DSC3,ENSG00000134762,30389
6916,DSC1,ENSG00000134765,30392
6917,DTNA,ENSG00000134769,30431
6918,FHOD3,ENSG00000134775,30457
6919,TPGS2,ENSG00000134779,30459
6920,DAGLA,ENSG00000134780,19835
6921,SLC43A3,ENSG00000134802,19710
6922,TIMM10,ENSG00000134809,19714
6923,CBLIF,ENSG00000134812,19776
6924,DHX34,ENSG00000134815,32337
6925,APLNR,ENSG00000134817,19703
6926,FADS2,ENSG00000134824,19840
6927,TMEM258,ENSG00000134825,19838
6928,TCN1,ENSG00000134827,19777
6929,C5AR2,ENSG00000134830,32336
6930,TMEM165,ENSG00000134851,8337
6931,CLOCK,ENSG00000134852,8338
6932,PDGFRA,ENSG00000134853,8322
6933,GGACT,ENSG00000134864,23530
6934,COL4A2,ENSG00000134871,23606
6935,CLDN10,ENSG00000134873,23475
6936,DZIP1,ENSG00000134874,23477
6937,UBAC2,ENSG00000134882,23508
6938,ARGLU1,ENSG00000134884,23571
6939,BIVM,ENSG00000134897,23552
6940,ERCC5,ENSG00000134899,23553
6941,TPP2,ENSG00000134900,23545
6942,POGLUT2,ENSG00000134901,23551
6943,CARS2,ENSG00000134905,23612
6944,ARHGAP32,ENSG00000134909,20913
6945,STT3A,ENSG00000134910,20863
6946,ADAMTS8,ENSG00000134917,20926
6947,ACRV1,ENSG00000134940,20865
6948,ETS1,ENSG00000134954,20904
6949,SLC37A2,ENSG00000134955,20853
6950,KLB,ENSG00000134962,8206
6951,TMED7,ENSG00000134970,10320
6952,APC,ENSG00000134982,10297
6953,NREP,ENSG00000134986,10288
6954,WDR36,ENSG00000134987,10282
6955,OSTF1,ENSG00000134996,16704
6956,RFK,ENSG00000135002,16707
6957,UBQLN1,ENSG00000135018,16744
6958,NAA35,ENSG00000135040,16765
6959,C9orf40,ENSG00000135045,16699
6960,ANXA1,ENSG00000135046,16691
6961,CTSL,ENSG00000135047,16781
6962,CEMIP2,ENSG00000135048,16679
6963,AGTPBP1,ENSG00000135049,16762
6964,GOLM1,ENSG00000135052,16766
6966,PSAT1,ENSG00000135069,16719
6967,ISCA1,ENSG00000135070,16769
6968,ADAM19,ENSG00000135074,10876
6969,HAVCR2,ENSG00000135077,10865
6970,CCNJL,ENSG00000135083,10911
6971,TAOK3,ENSG00000135090,22606
6972,USP30,ENSG00000135093,22463
6973,SDS,ENSG00000135094,22542
6974,MSI1,ENSG00000135097,22641
6975,HNF1A,ENSG00000135100,22666
6976,FBXO21,ENSG00000135108,22594
6977,TBX3,ENSG00000135111,22556
6978,OASL,ENSG00000135114,22668
6979,HRK,ENSG00000135116,22587
6980,RNFT2,ENSG00000135119,22585
6981,P2RX4,ENSG00000135124,22672
6982,BICDL1,ENSG00000135127,22630
6983,DTX1,ENSG00000135144,22531
6984,TRAFD1,ENSG00000135148,22521
6985,DMTF1,ENSG00000135164,13812
6986,OCM2,ENSG00000135175,13905
6987,TMEM243,ENSG00000135185,13813
6988,CCDC146,ENSG00000135205,13768
6989,TMEM60,ENSG00000135211,13777
6991,CD36,ENSG00000135218,13791
6992,UGT2A3,ENSG00000135220,8418
6993,CSN2,ENSG00000135222,8429
6994,UGT2B28,ENSG00000135226,8422
6995,PNPLA8,ENSG00000135241,14100
6996,HILPDA,ENSG00000135245,14236
6998,RINT1,ENSG00000135249,14066
6999,SRPK2,ENSG00000135250,14063
7000,TES,ENSG00000135269,14139
7001,MDFIC,ENSG00000135272,14132
7002,MTO1,ENSG00000135297,12194
7003,ADGRB3,ENSG00000135298,12159
7004,ANKRD6,ENSG00000135299,12306
7005,HTR1B,ENSG00000135312,12217
7006,KHDC1,ENSG00000135314,12186
7007,CEP162,ENSG00000135315,12268
7008,SYNCRIP,ENSG00000135316,12276
7009,SNX14,ENSG00000135317,12275
7010,NT5E,ENSG00000135318,12274
7011,MRAP2,ENSG00000135324,12267
7012,EPHA7,ENSG00000135333,12325
7013,AKIRIN2,ENSG00000135334,12290
7014,ORC3,ENSG00000135336,12289
7015,LCA5,ENSG00000135338,12228
7016,MAP3K7,ENSG00000135341,12317
7017,CGA,ENSG00000135346,12280
7018,GJA10,ENSG00000135355,12312
7019,PRR5L,ENSG00000135362,19505
7020,LMO2,ENSG00000135363,19474
7021,PHF21A,ENSG00000135365,19582
7022,NAT10,ENSG00000135372,19478
7023,EHF,ENSG00000135373,19484
7024,ELF5,ENSG00000135374,19481
7025,PRRG4,ENSG00000135378,19456
7026,CAPRIN1,ENSG00000135387,19477
7027,ATP5MC2,ENSG00000135390,21806
7028,DNAJC14,ENSG00000135392,21885
7029,CD63,ENSG00000135404,21879
7030,PRPH,ENSG00000135406,21663
7031,AVIL,ENSG00000135407,21985
7032,AMHR2,ENSG00000135409,21795
7033,LACRT,ENSG00000135413,21851
7034,GDF11,ENSG00000135414,21881
7035,GLS2,ENSG00000135423,21930
7036,ITGA7,ENSG00000135424,21876
7037,TESPA1,ENSG00000135426,21855
7038,FAM186B,ENSG00000135436,21673
7039,RDH5,ENSG00000135437,21878
7040,AGAP2,ENSG00000135439,21976
7041,BLOC1S1,ENSG00000135441,21877
7042,KRT85,ENSG00000135443,21748
7043,CDK4,ENSG00000135446,21979
7044,PPP1R1A,ENSG00000135447,21850
7045,TROAP,ENSG00000135451,21664
7046,TSPAN31,ENSG00000135452,21978
7047,B4GALNT1,ENSG00000135454,21973
7048,TFCP2,ENSG00000135457,21710
7049,COQ10A,ENSG00000135469,21916
7050,FAIM2,ENSG00000135472,21680
7051,PAN2,ENSG00000135473,21922
7052,ESPL1,ENSG00000135476,21788
7053,KRT7,ENSG00000135480,21740
7054,ZC3H10,ENSG00000135482,21904
7055,HNRNPA1,ENSG00000135486,21837
7057,ACVR1B,ENSG00000135503,21729
7058,OS9,ENSG00000135506,21974
7059,MIP,ENSG00000135517,21928
7060,KCNH3,ENSG00000135519,21669
7061,LTV1,ENSG00000135521,12710
7062,MAP7,ENSG00000135525,12642
7063,CD164,ENSG00000135535,12415
7064,AFG1L,ENSG00000135537,12405
7065,NHSL1,ENSG00000135540,12668
7066,AHI1,ENSG00000135541,12629
7067,HEY2,ENSG00000135547,12544
7068,PKIB,ENSG00000135549,12522
7069,TAAR5,ENSG00000135569,12591
7070,NMBR,ENSG00000135577,12689
7071,SMPD2,ENSG00000135587,12418
7072,MICAL1,ENSG00000135596,12419
7073,REPS1,ENSG00000135597,12673
7074,STX11,ENSG00000135604,12715
7075,TEC,ENSG00000135605,8285
7076,PRADC1,ENSG00000135617,4200
7077,SEMA4F,ENSG00000135622,4253
7078,CCT7,ENSG00000135624,4201
7079,EGR4,ENSG00000135625,4203
7080,RAB11FIP5,ENSG00000135631,4196
7081,SMYD5,ENSG00000135632,4199
7082,DYSF,ENSG00000135636,4189
7083,CCDC142,ENSG00000135637,4240
7084,EMX1,ENSG00000135638,4193
7085,KCNMB4,ENSG00000135643,22113
7086,USP15,ENSG00000135655,22009
7087,GNS,ENSG00000135677,22039
7088,CPM,ENSG00000135678,22092
7089,MDM2,ENSG00000135679,22089
7090,KLHL36,ENSG00000135686,27913
7091,BCO1,ENSG00000135697,27864
7092,MPHOSPH6,ENSG00000135698,27875
7093,CHST5,ENSG00000135702,27787
7094,KIAA0513,ENSG00000135709,27921
7095,DYNC1LI2,ENSG00000135720,27561
7096,FBXL8,ENSG00000135722,27581
7097,FHOD1,ENSG00000135723,27590
7098,CCDC102A,ENSG00000135736,27486
7099,SLC9A5,ENSG00000135740,27591
7100,AGT,ENSG00000135744,3163
7102,PCNX2,ENSG00000135749,3195
7103,KCNK1,ENSG00000135750,3198
7104,URB2,ENSG00000135763,3152
7105,EGLN1,ENSG00000135766,3180
7106,CAPN9,ENSG00000135773,3165
7107,COG2,ENSG00000135775,3161
7108,ABCB10,ENSG00000135776,3150
7109,NTPCR,ENSG00000135778,3194
7110,TAF5L,ENSG00000135801,3151
7111,GLUL,ENSG00000135821,2584
7112,STX6,ENSG00000135823,2570
7113,RGS8,ENSG00000135824,2591
7114,RNASEL,ENSG00000135828,2588
7115,DHX9,ENSG00000135829,2595
7116,KIAA1614,ENSG00000135835,2567
7117,CEP350,ENSG00000135837,2559
7118,NPL,ENSG00000135838,2593
7119,NIBAN1,ENSG00000135842,2621
7120,PIGC,ENSG00000135845,2479
7122,LAMC1,ENSG00000135862,2597
7123,RC3H1,ENSG00000135870,2501
7124,GPR55,ENSG00000135898,5746
7125,SP110,ENSG00000135899,5737
7126,MRPL44,ENSG00000135900,5691
7127,CHRND,ENSG00000135902,5779
7128,PAX3,ENSG00000135903,5677
7129,DOCK10,ENSG00000135905,5698
7130,TTLL4,ENSG00000135912,5610
7131,USP37,ENSG00000135913,5602
7132,HTR2B,ENSG00000135914,5754
7133,ITM2C,ENSG00000135916,5744
7134,SLC19A3,ENSG00000135917,5719
7135,SERPINE2,ENSG00000135919,5693
7136,DNAJB2,ENSG00000135924,5641
7137,WNT10A,ENSG00000135925,5616
7138,TMBIM1,ENSG00000135926,5594
7139,CYP27A1,ENSG00000135929,5611
7140,EIF4E2,ENSG00000135930,5782
7141,ARMC9,ENSG00000135931,5755
7142,CAB39,ENSG00000135932,5743
7143,COX5B,ENSG00000135940,4530
7144,REV1,ENSG00000135945,4555
7145,TSGA10,ENSG00000135951,4545
7146,MFSD9,ENSG00000135953,4597
7147,TMEM127,ENSG00000135956,4491
7148,EDAR,ENSG00000135960,4671
7149,TGFBRAP1,ENSG00000135966,4629
7150,GCC2,ENSG00000135968,4665
7151,MRPS9,ENSG00000135972,4624
7152,GPR45,ENSG00000135973,4627
7153,C2orf49,ENSG00000135974,4632
7154,ANKRD36,ENSG00000135976,4515
7155,EPC2,ENSG00000135999,4979
7156,ARHGEF4,ENSG00000136002,4878
7157,ISCU,ENSG00000136003,22454
7158,ALDH1L2,ENSG00000136010,22413
7159,STAB2,ENSG00000136011,22391
7160,USP44,ENSG00000136014,22311
7161,SCYL2,ENSG00000136021,22352
7162,CKAP4,ENSG00000136026,22424
7163,PLXNC1,ENSG00000136040,22296
7164,APPL2,ENSG00000136044,22415
7165,PWP1,ENSG00000136045,22443
7166,DRAM1,ENSG00000136048,22370
7167,WASHC4,ENSG00000136051,22414
7168,SLC41A2,ENSG00000136052,22410
7169,VILL,ENSG00000136059,6246
7170,FLNB,ENSG00000136068,6619
7171,NEK3,ENSG00000136098,23264
7172,PCDH8,ENSG00000136099,23275
7173,VPS36,ENSG00000136100,23267
7174,RNASEH2B,ENSG00000136104,23247
7175,CKAP2,ENSG00000136108,23269
7176,CNMD,ENSG00000136110,23274
7177,TBC1D4,ENSG00000136111,23357
7178,THSD1,ENSG00000136114,23266
7179,BORA,ENSG00000136122,23343
7180,LRCH1,ENSG00000136141,23201
7181,SUCLA2,ENSG00000136143,23206
7182,RCBTB1,ENSG00000136144,23233
7183,MED4,ENSG00000136146,23213
7184,PHF11,ENSG00000136147,23232
7185,COG3,ENSG00000136152,23186
7186,LMO7,ENSG00000136153,23362
7187,SCEL,ENSG00000136155,23381
7188,ITM2B,ENSG00000136156,23215
7189,SPRY2,ENSG00000136158,23407
7190,NUDT15,ENSG00000136159,23211
7191,EDNRB,ENSG00000136160,23386
7192,RCBTB2,ENSG00000136161,23220
7193,LCP1,ENSG00000136167,23194
7194,SETDB2,ENSG00000136169,23231
7195,SCRN1,ENSG00000136193,13341
7196,C7orf25,ENSG00000136197,13479
7197,TNS3,ENSG00000136205,13543
7198,SPDYE1,ENSG00000136206,13493
7199,CHST12,ENSG00000136213,13075
7200,IGF2BP3,ENSG00000136231,13257
7201,GPNMB,ENSG00000136235,13255
7202,RAPGEF5,ENSG00000136237,13240
7203,RAC1,ENSG00000136238,13128
7204,KDELR2,ENSG00000136240,13130
7205,NUP42,ENSG00000136243,13252
7206,IL6,ENSG00000136244,13245
7207,ZDHHC4,ENSG00000136247,13132
7208,AOAH,ENSG00000136250,13417
7209,BZW2,ENSG00000136261,13201
7210,DGKB,ENSG00000136267,13183
7211,TBRG4,ENSG00000136270,13524
7212,DDX56,ENSG00000136271,13508
7213,HUS1,ENSG00000136273,13549
7214,NACAD,ENSG00000136274,13523
7216,DBNL,ENSG00000136279,13496
7217,CCM2,ENSG00000136280,13522
7218,MYO1G,ENSG00000136286,13520
7219,TTYH3,ENSG00000136295,13080
7220,MMD2,ENSG00000136297,13098
7221,CIDEB,ENSG00000136305,24009
7222,TTC5,ENSG00000136319,23723
7223,NKX2-8,ENSG00000136327,24121
7224,NKX2-1,ENSG00000136352,24119
7225,ZFHX2,ENSG00000136367,23964
7226,MTHFS,ENSG00000136371,26096
7227,ADAMTS7,ENSG00000136378,26085
7228,ABHD17C,ENSG00000136379,26114
7229,IREB2,ENSG00000136381,26076
7230,ALPK3,ENSG00000136383,26187
7231,TM6SF1,ENSG00000136404,26163
7232,CIB2,ENSG00000136425,26065
7233,CALCOCO2,ENSG00000136436,29367
7234,RSAD1,ENSG00000136444,29430
7235,NMT1,ENSG00000136448,29256
7236,MYCBPAP,ENSG00000136449,29432
7237,SRSF1,ENSG00000136450,29511
7238,VEZF1,ENSG00000136451,29509
7239,CHAD,ENSG00000136457,29428
7240,TACO1,ENSG00000136463,29613
7241,TEX2,ENSG00000136478,29636
7242,DCAF7,ENSG00000136485,29612
7243,GH2,ENSG00000136487,29623
7244,CSH1,ENSG00000136488,29624
7245,LIMD2,ENSG00000136490,29616
7246,BRIP1,ENSG00000136492,29585
7247,KAT7,ENSG00000136504,29396
7248,RTP4,ENSG00000136514,7692
7249,ACTL6A,ENSG00000136518,7571
7250,NDUFB5,ENSG00000136521,7575
7251,MRPL47,ENSG00000136522,7574
7252,TRA2B,ENSG00000136527,7664
7253,SCN2A,ENSG00000136531,5094
7254,TBR1,ENSG00000136535,5072
7256,ERMN,ENSG00000136541,5036
7257,GALNT5,ENSG00000136542,5035
7258,SCN7A,ENSG00000136546,5106
7259,TANK,ENSG00000136560,5068
7260,BLK,ENSG00000136573,14866
7261,GATA4,ENSG00000136574,14870
7262,SKIL,ENSG00000136603,7508
7264,HLX,ENSG00000136630,3018
7265,VPS45,ENSG00000136631,1922
7266,IL10,ENSG00000136634,2855
7267,KCTD3,ENSG00000136636,2975
7268,RPS6KC1,ENSG00000136643,2959
7271,IL36G,ENSG00000136688,4727
7272,IL1RN,ENSG00000136689,4732
7273,IL36A,ENSG00000136694,4728
7274,IL36RN,ENSG00000136695,4730
7275,IL36B,ENSG00000136696,4729
7276,IL1F10,ENSG00000136697,4731
7277,CFC1,ENSG00000136698,4872
7278,SMPD4,ENSG00000136699,4861
7279,WDR33,ENSG00000136709,4842
7280,CCDC115,ENSG00000136710,4864
7281,SAP130,ENSG00000136715,4848
7282,BIN1,ENSG00000136717,4827
7283,IMP4,ENSG00000136718,4865
7284,HS6ST1,ENSG00000136720,4850
7285,UGGT1,ENSG00000136731,4849
7286,GYPC,ENSG00000136732,4822
7287,STAM,ENSG00000136738,17724
7288,GAD2,ENSG00000136750,17792
7289,ABI1,ENSG00000136754,17797
7290,YME1L1,ENSG00000136758,17799
7291,DNAJC1,ENSG00000136770,17753
7292,NIPSNAP3A,ENSG00000136783,16976
7293,LRRC8A,ENSG00000136802,17270
7294,CDK9,ENSG00000136807,17219
7295,TXN,ENSG00000136810,17014
7296,ODF2,ENSG00000136811,17252
7297,ECPAS,ENSG00000136813,17022
7298,TOR1B,ENSG00000136816,17305
7299,C9orf78,ENSG00000136819,17307
7300,SMC2,ENSG00000136824,16966
7301,KLF4,ENSG00000136826,16999
7302,TOR1A,ENSG00000136827,17306
7303,RALGPS1,ENSG00000136828,17201
7304,NIBAN2,ENSG00000136830,17210
7305,OR1J1,ENSG00000136834,17132
7306,OR13C9,ENSG00000136839,16974
7307,ST6GALNAC4,ENSG00000136840,17225
7308,TMOD1,ENSG00000136842,16907
7309,DAB2IP,ENSG00000136848,17118
7310,STXBP1,ENSG00000136854,17211
7311,SLC2A8,ENSG00000136856,17206
7312,ANGPTL2,ENSG00000136859,17202
7313,CDK5RAP2,ENSG00000136861,17103
7314,ZFP37,ENSG00000136866,17042
7315,SLC31A2,ENSG00000136867,17045
7316,SLC31A1,ENSG00000136868,17047
7317,TLR4,ENSG00000136869,17094
7318,ZNF189,ENSG00000136870,16953
7319,ALDOB,ENSG00000136872,16954
7320,STX17,ENSG00000136874,16942
7321,PRPF4,ENSG00000136875,17049
7322,FPGS,ENSG00000136877,17220
7323,USP20,ENSG00000136878,17308
7324,BAAT,ENSG00000136881,16951
7325,KIF12,ENSG00000136883,17063
7326,ATP6V1G1,ENSG00000136888,17070
7327,TEX10,ENSG00000136891,16946
7328,GARNL3,ENSG00000136895,17204
7329,MRPL50,ENSG00000136897,16952
7330,DPM2,ENSG00000136908,17228
7331,WDR38,ENSG00000136918,17175
7332,TSTD2,ENSG00000136925,16909
7333,GABBR2,ENSG00000136928,16925
7334,HEMGN,ENSG00000136929,16918
7335,PSMB7,ENSG00000136930,17167
7336,NR5A1,ENSG00000136931,17169
7337,TRMO,ENSG00000136932,16916
7338,RABEPK,ENSG00000136933,17181
7339,GOLGA1,ENSG00000136935,17178
7340,XPA,ENSG00000136936,16912
7341,NCBP1,ENSG00000136937,16910
7342,ANP32B,ENSG00000136938,16919
7343,OR1L4,ENSG00000136939,17142
7344,PDCL,ENSG00000136940,17145
7345,RPL35,ENSG00000136942,17176
7346,CTSV,ENSG00000136943,16900
7347,LMX1B,ENSG00000136944,17196
7348,ARPC5L,ENSG00000136950,17177
7349,ENPP2,ENSG00000136960,15876
7350,DSCC1,ENSG00000136982,15879
7351,DERL1,ENSG00000136986,15904
7352,MYC,ENSG00000136997,15968
7353,CCN3,ENSG00000136999,15874
7354,IL33,ENSG00000137033,16265
7355,DMAC1,ENSG00000137038,16278
7356,RANBP6,ENSG00000137040,16263
7357,POLR1E,ENSG00000137054,16548
7358,PLAA,ENSG00000137055,16395
7359,IL11RA,ENSG00000137070,16477
7360,UBAP2,ENSG00000137073,16458
7361,APTX,ENSG00000137074,16425
7362,RNF38,ENSG00000137075,16534
7363,TLN1,ENSG00000137076,16512
7364,CCL21,ENSG00000137077,16482
7365,SIT1,ENSG00000137078,16506
7366,IFNA21,ENSG00000137080,16349
7367,DMRT1,ENSG00000137090,16213
7368,DNAJB5,ENSG00000137094,16488
7369,SPAG8,ENSG00000137098,16520
7370,DCTN3,ENSG00000137100,16473
7371,CD72,ENSG00000137101,16503
7372,TMEM8B,ENSG00000137103,16522
7373,GRHPR,ENSG00000137106,16546
7374,ALDH1B1,ENSG00000137124,16559
7375,HINT2,ENSG00000137133,16521
7376,ARHGEF39,ENSG00000137135,16509
7377,IGFBPL1,ENSG00000137142,16560
7378,DENND4C,ENSG00000137145,16332
7379,RPS6,ENSG00000137154,16336
7380,CNPY3,ENSG00000137161,11958
7381,FOXP4,ENSG00000137166,11924
7382,PPIL1,ENSG00000137168,11868
7383,KLC4,ENSG00000137171,11968
7384,KIF13A,ENSG00000137177,11397
7385,ZSCAN9,ENSG00000137185,11558
7386,PIM1,ENSG00000137193,11874
7387,GMPR,ENSG00000137198,11381
7388,CMTR1,ENSG00000137200,11880
7389,TFAP2A,ENSG00000137203,11310
7390,SLC22A7,ENSG00000137204,11977
7391,YIPF3,ENSG00000137207,11987
7392,TMEM14B,ENSG00000137210,11325
7393,TMEM63B,ENSG00000137216,12007
7394,FRS3,ENSG00000137218,11930
7395,TJAP1,ENSG00000137221,11984
7396,CAPN11,ENSG00000137225,12008
7397,TINAG,ENSG00000137251,12110
7398,HCRTR2,ENSG00000137252,12115
7400,KIAA0319,ENSG00000137261,11438
7401,IRF4,ENSG00000137265,11193
7402,SLC22A23,ENSG00000137266,11242
7403,TUBB2A,ENSG00000137267,11238
7404,LRRC1,ENSG00000137269,12103
7405,GCM1,ENSG00000137270,12094
7406,FOXF2,ENSG00000137273,11211
7407,BPHL,ENSG00000137274,11236
7408,RIPK1,ENSG00000137275,11234
7409,TUBB2B,ENSG00000137285,11240
7410,UQCC2,ENSG00000137288,11805
7411,HMGA1,ENSG00000137309,11813
7412,TCF19,ENSG00000137310,11666
7413,FLOT1,ENSG00000137312,11645
7414,IER3,ENSG00000137331,11647
7415,MDC1,ENSG00000137337,11641
7416,PGBD1,ENSG00000137338,11562
7417,ATAT1,ENSG00000137343,11636
7418,TPMT,ENSG00000137364,11399
7419,CLPS,ENSG00000137392,11845
7420,RNF144B,ENSG00000137393,11402
7421,NRM,ENSG00000137404,11640
7422,MTCH1,ENSG00000137409,11872
7423,VARS2,ENSG00000137411,11654
7424,TAF8,ENSG00000137413,11940
7425,FAM8A1,ENSG00000137414,11394
7426,C6orf52,ENSG00000137434,11321
7427,FGFBP1,ENSG00000137440,8071
7428,FGFBP2,ENSG00000137441,8072
7429,CPEB2,ENSG00000137449,8061
7430,FHDC1,ENSG00000137460,9082
7431,TLR2,ENSG00000137462,9088
7432,MGARP,ENSG00000137463,8951
7433,TTC29,ENSG00000137473,9022
7434,MYO7A,ENSG00000137474,20328
7435,FCHSD2,ENSG00000137478,20238
7436,ARRB1,ENSG00000137486,20285
7437,SLCO2B1,ENSG00000137491,20282
7438,THAP12,ENSG00000137492,20309
7439,ANKRD42,ENSG00000137494,20381
7440,IL18BP,ENSG00000137496,20208
7441,NUMA1,ENSG00000137497,20209
7442,CCDC90B,ENSG00000137500,20383
7443,SYTL2,ENSG00000137501,20393
7444,RAB30,ENSG00000137502,20374
7445,CREBZF,ENSG00000137504,20391
7446,LRRC32,ENSG00000137507,20317
7447,PRCP,ENSG00000137509,20371
7448,NARS2,ENSG00000137513,20355
7449,RNF121,ENSG00000137522,20207
7450,MRPL15,ENSG00000137547,15325
7451,PI15,ENSG00000137558,15517
7452,TTPA,ENSG00000137561,15404
7453,GGH,ENSG00000137563,15402
7454,SLCO5A1,ENSG00000137571,15464
7455,SULF1,ENSG00000137573,15463
7456,TGS1,ENSG00000137574,15335
7457,SDCBP,ENSG00000137575,15369
7458,NEK1,ENSG00000137601,9190
7459,DDX60,ENSG00000137628,9181
7460,NXPE4,ENSG00000137634,20651
7461,SORL1,ENSG00000137642,20785
7462,TMPRSS4,ENSG00000137648,20699
7463,BUD13,ENSG00000137656,20668
7464,TRPC6,ENSG00000137672,20501
7465,MMP7,ENSG00000137673,20514
7466,MMP20,ENSG00000137674,20515
7467,MMP27,ENSG00000137675,20518
7468,CFAP300,ENSG00000137691,20504
7469,DCUN1D5,ENSG00000137692,20525
7470,YAP1,ENSG00000137693,20507
7471,TRIM29,ENSG00000137699,20772
7472,SLC37A4,ENSG00000137700,20736
7473,BTG4,ENSG00000137707,20589
7474,POU2F3,ENSG00000137709,20775
7475,RDX,ENSG00000137710,20573
7476,PPP2R1B,ENSG00000137713,20595
7477,FDX1,ENSG00000137714,20577
7479,FXYD6,ENSG00000137726,20695
7480,ARHGAP20,ENSG00000137727,20578
7481,FXYD2,ENSG00000137731,20692
7482,MMP13,ENSG00000137745,20524
7483,TMPRSS13,ENSG00000137747,20696
7484,CASP1,ENSG00000137752,20536
7485,CASP5,ENSG00000137757,20535
7486,ALKBH8,ENSG00000137760,20552
7487,MAP2K5,ENSG00000137764,25876
7488,UNC13C,ENSG00000137766,25678
7489,SQOR,ENSG00000137767,25568
7490,CTDSPL2,ENSG00000137770,25531
7491,SLTM,ENSG00000137776,25737
7492,THBS1,ENSG00000137801,25390
7493,MAPKBP1,ENSG00000137802,25467
7494,NUSAP1,ENSG00000137804,25456
7495,NDUFAF1,ENSG00000137806,25458
7496,KIF23,ENSG00000137807,25902
7497,ITGA11,ENSG00000137809,25885
7498,KNL1,ENSG00000137812,25429
7499,HAUS2,ENSG00000137814,25490
7500,RTF1,ENSG00000137815,25459
7501,PARP6,ENSG00000137817,25937
7502,RPLP1,ENSG00000137818,25903
7503,PAQR5,ENSG00000137819,25899
7504,LRRC49,ENSG00000137821,25922
7505,TUBGCP4,ENSG00000137822,25511
7506,RMDN3,ENSG00000137824,25433
7507,ITPKA,ENSG00000137825,25460
7508,UACA,ENSG00000137831,25916
7509,SMAD6,ENSG00000137834,25863
7510,PLCB2,ENSG00000137841,25410
7511,TMEM62,ENSG00000137842,25501
7512,PAK6,ENSG00000137843,25406
7513,ADAM10,ENSG00000137845,25730
7514,DUOX1,ENSG00000137857,25549
7515,SLC28A2,ENSG00000137860,25556
7516,STRA6,ENSG00000137868,25978
7517,CYP19A1,ENSG00000137869,25635
7518,ZNF280D,ENSG00000137871,25704
7519,SEMA6D,ENSG00000137872,25575
7520,BCL2L10,ENSG00000137875,25660
7521,RSL24D1,ENSG00000137876,25681
7522,SPTBN5,ENSG00000137877,25471
7523,GCOM1,ENSG00000137878,25717
7524,GCHFR,ENSG00000137880,25434
7525,BCAR3,ENSG00000137936,1484
7526,TTLL7,ENSG00000137941,1376
7527,FNBP1L,ENSG00000137942,1483
7528,KYAT3,ENSG00000137944,1429
7529,GTF2B,ENSG00000137947,1428
7530,BRDT,ENSG00000137948,1465
7531,RABGGTB,ENSG00000137955,1326
7532,IFI44L,ENSG00000137959,1353
7533,GIPC2,ENSG00000137960,1348
7534,ARHGAP29,ENSG00000137962,1491
7535,IFI44,ENSG00000137965,1354
7536,SLC44A5,ENSG00000137968,1324
7537,CLCA2,ENSG00000137975,1411
7538,DNASE2B,ENSG00000137976,1382
7539,DBT,ENSG00000137992,1541
7540,RTCA,ENSG00000137996,1544
7541,IFT172,ENSG00000138002,3750
7542,SELENOI,ENSG00000138018,3706
7543,CGREF1,ENSG00000138028,3728
7544,HADHB,ENSG00000138029,3703
7545,KHK,ENSG00000138030,3727
7546,ADCY3,ENSG00000138031,3686
7547,PPM1B,ENSG00000138032,3921
7548,PNPT1,ENSG00000138035,4020
7549,DYNC2LI1,ENSG00000138036,3916
7550,LHCGR,ENSG00000138039,3978
7552,THUMPD2,ENSG00000138050,3884
7553,CYP1B1,ENSG00000138061,3857
7554,SULT6B1,ENSG00000138068,3841
7555,RAB1A,ENSG00000138069,4099
7556,ACTR2,ENSG00000138071,4100
7557,PREB,ENSG00000138073,3730
7558,SLC5A6,ENSG00000138074,3733
7559,ABCG5,ENSG00000138075,3917
7560,PREPL,ENSG00000138078,3923
7561,SLC3A1,ENSG00000138079,3922
7562,EMILIN1,ENSG00000138080,3726
7563,FBXO11,ENSG00000138081,3969
7564,SIX3,ENSG00000138083,3927
7565,ATRAID,ENSG00000138085,3734
7566,CENPO,ENSG00000138092,3685
7567,LRPPRC,ENSG00000138095,3919
7568,TRIM54,ENSG00000138100,3738
7569,DTNB,ENSG00000138101,3696
7570,ACTR1A,ENSG00000138107,18576
7571,CYP2C9,ENSG00000138109,18442
7572,MFSD13A,ENSG00000138111,18575
7573,CYP2C8,ENSG00000138115,18443
7574,MYOF,ENSG00000138119,18420
7575,LOXL4,ENSG00000138131,18493
7576,STAMBPL1,ENSG00000138134,18364
7577,CH25H,ENSG00000138135,18370
7578,LBX1,ENSG00000138136,18545
7579,ATAD1,ENSG00000138138,18353
7580,BTBD16,ENSG00000138152,18761
7581,KIF11,ENSG00000138160,18413
7582,CUZD1,ENSG00000138161,18769
7583,TACC2,ENSG00000138162,18758
7584,DUSP5,ENSG00000138166,18643
7585,CALHM2,ENSG00000138172,18598
7586,ARL3,ENSG00000138175,18581
7587,CEP55,ENSG00000138180,18421
7588,KIF20B,ENSG00000138182,18385
7589,ENTPD1,ENSG00000138185,18451
7590,EXOC6,ENSG00000138190,18415
7591,PLCE1,ENSG00000138193,18430
7592,RBP4,ENSG00000138207,18423
7593,DBR1,ENSG00000138231,7210
7594,DNAJC13,ENSG00000138246,7160
7595,GPR87,ENSG00000138271,7356
7596,ANXA7,ENSG00000138279,18192
7597,FAM149B1,ENSG00000138286,18186
7601,ASCC1,ENSG00000138303,18168
7602,PLA2G12B,ENSG00000138308,18179
7603,ZNF365,ENSG00000138311,18081
7604,OIT3,ENSG00000138315,18178
7605,ADAMTS14,ENSG00000138316,18149
7606,RPS24,ENSG00000138326,18254
7607,TET1,ENSG00000138336,18114
7608,DNA2,ENSG00000138346,18112
7609,MYPN,ENSG00000138347,18106
7610,AOX1,ENSG00000138356,5402
7611,ATIC,ENSG00000138363,5542
7612,SMARCAL1,ENSG00000138375,5563
7613,BARD1,ENSG00000138376,5536
7614,STAT4,ENSG00000138378,5334
7615,MSTN,ENSG00000138379,5319
7616,CARF,ENSG00000138380,5443
7617,ASNSD1,ENSG00000138381,5310
7618,METTL5,ENSG00000138382,5130
7619,SSB,ENSG00000138385,5129
7620,NAB1,ENSG00000138386,5327
7621,CDK15,ENSG00000138395,5427
7622,PPIG,ENSG00000138398,5125
7623,FASTKD1,ENSG00000138399,5124
7624,MDH1B,ENSG00000138400,5474
7625,HECW2,ENSG00000138411,5361
7626,IDH1,ENSG00000138413,5502
7627,OLA1,ENSG00000138430,5174
7628,CIR1,ENSG00000138433,5177
7629,ITPRID2,ENSG00000138434,5266
7630,CHRNA1,ENSG00000138435,5184
7631,FAM117B,ENSG00000138439,5440
7632,WDR12,ENSG00000138442,5442
7633,ABI2,ENSG00000138443,5446
7634,ITGAV,ENSG00000138448,5293
7635,SLC40A1,ENSG00000138449,5309
7636,SLC35A5,ENSG00000138459,6910
7637,SLC49A4,ENSG00000138463,7027
7638,SENP7,ENSG00000138468,6838
7639,GUCA1C,ENSG00000138472,6878
7640,CCDC54,ENSG00000138483,6863
7641,COX17,ENSG00000138495,6983
7642,PARP9,ENSG00000138496,7022
7643,MNS1,ENSG00000138587,25701
7644,USP8,ENSG00000138592,25622
7645,SECISBP2L,ENSG00000138593,25605
7646,TMOD3,ENSG00000138594,25649
7647,SPPL2A,ENSG00000138600,25628
7648,GLCE,ENSG00000138604,25896
7649,SHF,ENSG00000138606,25551
7650,APH1B,ENSG00000138613,25797
7651,INTS14,ENSG00000138614,25845
7652,CILP,ENSG00000138615,25839
7653,PARP16,ENSG00000138617,25840
7654,PPCDC,ENSG00000138621,26008
7655,HCN4,ENSG00000138622,25957
7656,SEMA7A,ENSG00000138623,25986
7657,UBL7,ENSG00000138629,25988
7658,ARHGAP24,ENSG00000138639,8585
7659,FAM13A,ENSG00000138640,8621
7660,HERC3,ENSG00000138641,8618
7661,HERC6,ENSG00000138642,8613
7662,HERC5,ENSG00000138646,8614
7663,PCDH10,ENSG00000138650,8913
7664,NDST4,ENSG00000138653,8803
7665,ZGRF1,ENSG00000138658,8791
7666,AP1AR,ENSG00000138660,8785
7667,COPS4,ENSG00000138663,8566
7668,HNRNPD,ENSG00000138668,8554
7669,PRKG2,ENSG00000138669,8550
7670,RASGEF1B,ENSG00000138670,8552
7671,SEC31A,ENSG00000138674,8562
7672,FGF5,ENSG00000138675,8547
7673,GPAT3,ENSG00000138678,8575
7674,IL21,ENSG00000138684,8853
7675,FGF2,ENSG00000138685,8857
7676,BBS7,ENSG00000138686,8847
7678,BMPR1B,ENSG00000138696,8651
7679,RAP1GDS1,ENSG00000138698,8662
7680,LARP1B,ENSG00000138709,8887
7681,MMRN1,ENSG00000138722,8631
7682,PDE5A,ENSG00000138735,8829
7683,PRDM5,ENSG00000138738,8837
7684,TRPC3,ENSG00000138741,8849
7685,NAAA,ENSG00000138744,8505
7686,NUP54,ENSG00000138750,8512
7687,CXCL9,ENSG00000138755,8508
7688,BMP2K,ENSG00000138756,8535
7689,G3BP2,ENSG00000138757,8501
7690,SEPTIN11,ENSG00000138758,8523
7691,FRAS1,ENSG00000138759,8530
7692,SCARB2,ENSG00000138760,8514
7693,CCNG2,ENSG00000138764,8525
7694,CNOT6L,ENSG00000138767,8528
7695,USO1,ENSG00000138768,8502
7696,CDKL2,ENSG00000138769,8500
7697,SHROOM3,ENSG00000138771,8519
7698,ANXA3,ENSG00000138772,8531
7699,PPA2,ENSG00000138777,8729
7700,CENPE,ENSG00000138778,8713
7701,GSTCD,ENSG00000138780,8734
7702,INTS12,ENSG00000138785,8733
7703,ENPEP,ENSG00000138792,8774
7704,CASP6,ENSG00000138794,8764
7705,LEF1,ENSG00000138795,8752
7706,HADH,ENSG00000138796,8751
7707,EGF,ENSG00000138798,8772
7708,PAPSS1,ENSG00000138801,8746
7709,SEC24B,ENSG00000138802,8762
7710,C4orf17,ENSG00000138813,8679
7711,PPP3CA,ENSG00000138814,8696
7712,SLC39A8,ENSG00000138821,8701
7713,MTTP,ENSG00000138823,8681
7714,FBN2,ENSG00000138829,10419
7715,MAPK8IP3,ENSG00000138834,26542
7716,RGS3,ENSG00000138835,17057
7717,GUCD1,ENSG00000138867,34712
7718,TTLL8,ENSG00000138892,35255
7719,RNF185,ENSG00000138942,34863
7720,SHISAL1,ENSG00000138944,35165
7721,PARVG,ENSG00000138964,35163
7722,B4GALNT3,ENSG00000139044,20988
7723,PDE6H,ENSG00000139053,21320
7724,ERP27,ENSG00000139055,21318
7725,ETV6,ENSG00000139083,21269
7726,GABARAPL1,ENSG00000139112,21225
7727,KIF21A,ENSG00000139116,21522
7728,CPNE8,ENSG00000139117,21519
7729,YARS2,ENSG00000139131,21501
7730,FGD4,ENSG00000139132,21498
7731,ALG10,ENSG00000139133,21512
7732,PIK3C2G,ENSG00000139144,21342
7733,SINHCAF,ENSG00000139146,21479
7734,PLCZ1,ENSG00000139151,21343
7735,AEBP2,ENSG00000139154,21348
7736,SLCO1C1,ENSG00000139155,21356
7737,ETFBKMT,ENSG00000139160,21486
7738,ETNK1,ENSG00000139163,21382
7739,ZCRB1,ENSG00000139168,21544
7740,TMEM117,ENSG00000139173,21559
7741,PRICKLE1,ENSG00000139174,21546
7742,C1RL,ENSG00000139178,21139
7743,NDUFA9,ENSG00000139180,21061
7744,CLSTN3,ENSG00000139182,21143
7745,KLRG1,ENSG00000139187,21190
7746,VAMP1,ENSG00000139190,21092
7747,TAPBPL,ENSG00000139192,21091
7748,CD27,ENSG00000139193,21090
7749,RBP5,ENSG00000139194,21141
7750,PEX5,ENSG00000139197,21146
7751,PIANP,ENSG00000139200,21110
7752,SLC38A4,ENSG00000139209,21582
7753,AMIGO2,ENSG00000139211,21584
7754,SCAF11,ENSG00000139218,21573
7755,COL2A1,ENSG00000139219,21609
7756,PPFIA2,ENSG00000139220,22204
7757,ANP32D,ENSG00000139223,21627
7758,LLPH,ENSG00000139233,22060
7759,LRIG3,ENSG00000139263,21997
7761,INHBE,ENSG00000139269,21958
7762,GLIPR1,ENSG00000139278,22154
7763,TPH2,ENSG00000139287,22132
7764,PHLDA1,ENSG00000139289,22161
7765,TMEM19,ENSG00000139291,22127
7766,LGR5,ENSG00000139292,22122
7767,PTPRQ,ENSG00000139304,22196
7768,DUSP6,ENSG00000139318,22239
7769,POC1B,ENSG00000139323,22244
7770,TMTC3,ENSG00000139324,22234
7771,LUM,ENSG00000139329,22262
7772,KERA,ENSG00000139330,22261
7773,SNRPF,ENSG00000139343,22315
7774,AMDHD1,ENSG00000139344,22317
7775,NEDD1,ENSG00000139350,22329
7776,SYCP3,ENSG00000139351,22368
7777,ASCL1,ENSG00000139352,22384
7778,GAS2L3,ENSG00000139354,22355
7779,TMEM132B,ENSG00000139364,22770
7780,SLC15A4,ENSG00000139370,22811
7781,TDG,ENSG00000139372,22400
7782,RITA1,ENSG00000139405,22535
7783,SDSL,ENSG00000139410,22543
7784,MMAB,ENSG00000139428,22475
7785,GLTP,ENSG00000139433,22480
7786,GIT2,ENSG00000139436,22483
7787,TCHP,ENSG00000139437,22482
7788,FAM222A,ENSG00000139438,22477
7789,FOXN4,ENSG00000139445,22469
7790,NUP58,ENSG00000139496,22986
7791,MTMR6,ENSG00000139505,22984
7792,SLC46A3,ENSG00000139508,23023
7793,SLC7A1,ENSG00000139514,23027
7794,PDX1,ENSG00000139515,23014
7795,LNX2,ENSG00000139517,23009
7796,SUOX,ENSG00000139531,21894
7797,CCDC65,ENSG00000139537,21642
7798,SLC39A5,ENSG00000139540,21914
7799,TARBP2,ENSG00000139546,21801
7800,RDH16,ENSG00000139547,21939
7801,DHH,ENSG00000139549,21653
7802,ACVRL1,ENSG00000139567,21728
7803,GPR84,ENSG00000139572,21842
7804,NPFF,ENSG00000139574,21802
7805,NABP2,ENSG00000139579,21913
7806,N4BP2L1,ENSG00000139597,23063
7807,CELA1,ENSG00000139610,21716
7808,SMARCC2,ENSG00000139613,21910
7809,BRCA2,ENSG00000139618,23062
7810,KANSL2,ENSG00000139620,21633
7811,CERS5,ENSG00000139624,21694
7812,MAP3K12,ENSG00000139625,21799
7813,ITGB7,ENSG00000139626,21784
7814,GALNT6,ENSG00000139629,21717
7815,CSAD,ENSG00000139631,21781
7816,LMBR1L,ENSG00000139636,21655
7818,ESYT1,ENSG00000139641,21903
7819,TMBIM6,ENSG00000139644,21675
7820,ANKRD52,ENSG00000139645,21915
7821,KRT71,ENSG00000139648,21758
7822,ZNF740,ENSG00000139651,21783
7823,SMIM2,ENSG00000139656,23163
7824,WDFY2,ENSG00000139668,23254
7825,HNRNPA1L2,ENSG00000139675,23271
7826,LPAR6,ENSG00000139679,23219
7827,ESD,ENSG00000139684,23203
7828,RB1,ENSG00000139687,23217
7829,SBNO1,ENSG00000139697,22729
7830,MORN3,ENSG00000139714,22680
7831,SETD1B,ENSG00000139718,22687
7832,VPS33A,ENSG00000139719,22703
7833,VPS37B,ENSG00000139722,22718
7834,RHOF,ENSG00000139725,22683
7835,DENR,ENSG00000139726,22715
7836,DIAPH3,ENSG00000139734,23300
7837,SLAIN1,ENSG00000139737,23384
7838,RBM26,ENSG00000139746,23396
7839,SRRM4,ENSG00000139767,22616
7840,METTL21C,ENSG00000139780,23546
7841,MBNL2,ENSG00000139793,23486
7842,RNF113B,ENSG00000139797,23497
7843,ZIC5,ENSG00000139800,23522
7844,ABHD13,ENSG00000139826,23584
7845,RAB20,ENSG00000139832,23609
7846,GRTP1,ENSG00000139835,23659
7847,CUL4A,ENSG00000139842,23657
7848,TTC6,ENSG00000139865,24133
7849,SSTR1,ENSG00000139874,24138
7850,CDH24,ENSG00000139880,23942
7851,REM2,ENSG00000139890,23931
7852,CBLN3,ENSG00000139899,24016
7853,TSSK4,ENSG00000139908,23997
7854,NOVA1,ENSG00000139910,24031
7855,FITM1,ENSG00000139914,23984
7856,MDGA2,ENSG00000139915,24185
7857,TMX1,ENSG00000139921,24231
7858,FRMD6,ENSG00000139926,24237
7859,PELI2,ENSG00000139946,24297
7860,RTN1,ENSG00000139970,24339
7861,ARMH4,ENSG00000139971,24320
7862,SYT16,ENSG00000139973,24367
7863,SLC38A6,ENSG00000139974,24356
7864,NAA30,ENSG00000139977,24315
7865,ADAM21,ENSG00000139985,24465
7866,RDH12,ENSG00000139988,24430
7867,DCAF5,ENSG00000139990,24442
7868,RAB15,ENSG00000139998,24400
7869,WDR89,ENSG00000140006,24378
7870,ESR2,ENSG00000140009,24383
7871,KCNH5,ENSG00000140015,24371
7872,STON2,ENSG00000140022,24634
7873,EFCAB11,ENSG00000140025,24693
7874,GPR65,ENSG00000140030,24667
7875,PTGR2,ENSG00000140043,24518
7876,JDP2,ENSG00000140044,24562
7877,AK7,ENSG00000140057,24804
7878,FAM181A,ENSG00000140067,24750
7879,SLC24A4,ENSG00000140090,24731
7880,FBLN5,ENSG00000140092,24724
7881,SERPINA10,ENSG00000140093,24760
7882,CLBA1,ENSG00000140104,24965
7884,SLC25A47,ENSG00000140107,24854
7885,WDR20,ENSG00000140153,24895
7886,NIPA2,ENSG00000140157,25215
7887,SLC12A6,ENSG00000140199,25339
7888,DUOXA1,ENSG00000140254,25548
7889,MFAP1,ENSG00000140259,25525
7890,TCF12,ENSG00000140262,25709
7891,SORD,ENSG00000140263,25543
7892,SERF2,ENSG00000140264,25522
7893,ZSCAN29,ENSG00000140265,25510
7894,DUOXA2,ENSG00000140274,25547
7895,DUOX2,ENSG00000140279,25546
7896,LYSMD2,ENSG00000140280,25646
7897,SLC27A2,ENSG00000140284,25616
7898,FGF7,ENSG00000140285,25612
7899,HDC,ENSG00000140287,25617
7900,GCNT3,ENSG00000140297,25747
7901,BNIP2,ENSG00000140299,25750
7902,GTF2A2,ENSG00000140307,25748
7903,SRP14,ENSG00000140319,25399
7904,BAHD1,ENSG00000140320,25422
7905,DISP2,ENSG00000140323,25418
7906,CDAN1,ENSG00000140326,25493
7907,TLE3,ENSG00000140332,25908
7908,ANP32A,ENSG00000140350,25888
7909,COMMD4,ENSG00000140365,26014
7910,UBE2Q2,ENSG00000140367,26036
7911,PSTPIP1,ENSG00000140368,26048
7912,ETFA,ENSG00000140374,26041
7913,BCL2A1,ENSG00000140379,26102
7914,HMG20A,ENSG00000140382,26053
7915,SCAPER,ENSG00000140386,26046
7916,TSPAN3,ENSG00000140391,26049
7918,NCOA2,ENSG00000140396,15468
7919,NEIL1,ENSG00000140398,26016
7920,MAN2C1,ENSG00000140400,26017
7921,DNAJA4,ENSG00000140403,26070
7922,TLNRD1,ENSG00000140406,26122
7923,TPM1,ENSG00000140416,25790
7924,IGF1R,ENSG00000140443,26370
7925,ARRDC4,ENSG00000140450,26359
7926,PIF1,ENSG00000140451,25823
7927,USP3,ENSG00000140455,25802
7928,CYP11A1,ENSG00000140459,25982
7929,BBS4,ENSG00000140463,25951
7930,PML,ENSG00000140464,25971
7931,CYP1A1,ENSG00000140465,25996
7932,ADAMTS17,ENSG00000140470,26392
7933,LINS1,ENSG00000140471,26400
7934,ULK3,ENSG00000140474,26001
7935,GOLGA6D,ENSG00000140478,26013
7936,PCSK6,ENSG00000140479,26418
7937,CCDC33,ENSG00000140481,25979
7938,CELF6,ENSG00000140488,25939
7939,SCAMP2,ENSG00000140497,26002
7940,CYP1A2,ENSG00000140505,25997
7941,LMAN1L,ENSG00000140506,25999
7942,HAPLN3,ENSG00000140511,26221
7943,RHCG,ENSG00000140519,26232
7944,POLG,ENSG00000140521,26228
7945,RLBP1,ENSG00000140522,26226
7946,FANCI,ENSG00000140525,26227
7947,ABHD2,ENSG00000140526,26225
7948,WDR93,ENSG00000140527,26241
7949,TICRR,ENSG00000140534,26236
7950,NTRK3,ENSG00000140538,26211
7951,DET1,ENSG00000140543,26215
7952,MFGE8,ENSG00000140545,26222
7953,ZNF710,ENSG00000140548,26248
7954,UNC45A,ENSG00000140553,26277
7955,ST8SIA2,ENSG00000140557,26294
7956,MCTP2,ENSG00000140563,26320
7957,FURIN,ENSG00000140564,26272
7958,IQGAP1,ENSG00000140575,26260
7959,CRTC3,ENSG00000140577,26262
7960,EFL1,ENSG00000140598,26138
7961,SH3GL3,ENSG00000140600,26168
7962,SEC11A,ENSG00000140612,26182
7963,SEPTIN12,ENSG00000140623,26716
7964,GLYR1,ENSG00000140632,26720
7965,PMM2,ENSG00000140650,26751
7966,SLC5A2,ENSG00000140675,27223
7967,ITGAX,ENSG00000140678,27213
7968,TGFB1I1,ENSG00000140682,27222
7970,ARMC5,ENSG00000140691,27221
7971,PARN,ENSG00000140694,26847
7972,FTO,ENSG00000140718,27403
7973,UQCRC2,ENSG00000140740,26969
7974,CDR2,ENSG00000140743,26981
7975,IGSF6,ENSG00000140749,26964
7976,ARHGAP17,ENSG00000140750,27022
7977,MYLK3,ENSG00000140795,27303
7978,ABCC12,ENSG00000140798,27320
7979,NKD1,ENSG00000140807,27355
7980,DHX38,ENSG00000140829,27737
7981,TXNL4B,ENSG00000140830,27733
7982,MARVELD3,ENSG00000140832,27721
7983,CHST4,ENSG00000140835,27716
7984,ZFHX3,ENSG00000140836,27744
7985,CLEC18B,ENSG00000140839,27763
7986,CPNE2,ENSG00000140848,27471
7987,NLRC5,ENSG00000140853,27468
7988,KATNB1,ENSG00000140854,27493
7989,KIFC3,ENSG00000140859,27494
7990,ADAMTS18,ENSG00000140873,27810
7991,NUDT7,ENSG00000140876,27813
7992,GCSH,ENSG00000140905,27862
7993,CMTM3,ENSG00000140931,27559
7994,CMTM2,ENSG00000140932,27557
7995,CDH11,ENSG00000140937,27538
7996,NOL3,ENSG00000140939,27583
7997,MAP1LC3B,ENSG00000140941,27981
7998,MBTPS1,ENSG00000140943,27894
7999,CDH13,ENSG00000140945,27878
8000,ZCCHC14,ENSG00000140948,27983
8001,MEAK7,ENSG00000140950,27909
8002,ADAD2,ENSG00000140955,27900
8003,OSGIN1,ENSG00000140961,27890
8004,IRF8,ENSG00000140968,27942
8005,RHOT2,ENSG00000140983,26470
8006,RPL3L,ENSG00000140986,26560
8007,ZSCAN32,ENSG00000140987,26672
8008,RPS2,ENSG00000140988,26562
8009,NDUFB10,ENSG00000140990,26561
8010,PDPK1,ENSG00000140992,26610
8011,TIGD7,ENSG00000140993,26666
8012,DEF8,ENSG00000140995,28070
8013,TCF25,ENSG00000141002,28066
8014,GALNS,ENSG00000141012,28026
8015,GAS8,ENSG00000141013,28073
8016,MED9,ENSG00000141026,28533
8017,NCOR1,ENSG00000141027,28498
8018,COPS3,ENSG00000141030,28531
8019,GID4,ENSG00000141034,28549
8020,ZNF287,ENSG00000141040,28510
8021,MYOCD,ENSG00000141052,28446
8022,KSR1,ENSG00000141068,28660
8023,UTP4,ENSG00000141076,27664
8024,RANBP10,ENSG00000141084,27617
8025,CTRL,ENSG00000141086,27626
8026,DPEP3,ENSG00000141096,27630
8027,GFOD2,ENSG00000141098,27616
8028,NOB1,ENSG00000141101,27681
8029,PRPSAP2,ENSG00000141127,28572
8033,UNC45B,ENSG00000141161,28872
8034,PCTP,ENSG00000141179,29481
8035,OR4D1,ENSG00000141194,29515
8036,TOM1L1,ENSG00000141198,29471
8037,KIF2B,ENSG00000141200,29469
8038,C17orf80,ENSG00000141219,29730
8039,TOB1,ENSG00000141232,29448
8040,VPS53,ENSG00000141252,28094
8041,SPATA22,ENSG00000141255,28177
8042,SGSM2,ENSG00000141258,28150
8043,NPEPPS,ENSG00000141279,29312
8044,SKAP1,ENSG00000141293,29341
8045,LRRC46,ENSG00000141294,29320
8046,SCRN2,ENSG00000141295,29321
8047,SSH2,ENSG00000141298,28747
8048,RHBDL3,ENSG00000141314,28810
8049,SPACA3,ENSG00000141316,28832
8050,ARSG,ENSG00000141337,29684
8051,ABCA8,ENSG00000141338,29693
8052,G6PC3,ENSG00000141349,29214
8053,CLTC,ENSG00000141367,29551
8055,BCAS3,ENSG00000141376,29572
8056,PTRH2,ENSG00000141378,29552
8057,SS18,ENSG00000141380,30359
8058,TAF4B,ENSG00000141384,30361
8059,AFG3L2,ENSG00000141385,30251
8060,PRELID3A,ENSG00000141391,30252
8061,IMPA2,ENSG00000141401,30241
8062,GNAL,ENSG00000141404,30232
8063,SLC39A6,ENSG00000141424,30452
8064,RPRD1A,ENSG00000141425,30451
8065,C18orf21,ENSG00000141428,30450
8066,GALNT1,ENSG00000141429,30446
8067,ASXL3,ENSG00000141431,30427
8068,ADCYAP1,ENSG00000141433,30098
8069,MEP1B,ENSG00000141434,30415
8070,SLC25A52,ENSG00000141437,30404
8071,GAREM1,ENSG00000141441,30414
8072,ESCO1,ENSG00000141446,30307
8073,OSBPL1A,ENSG00000141447,30343
8074,GATA6,ENSG00000141448,30318
8075,GREB1L,ENSG00000141449,30304
8076,RMC1,ENSG00000141452,30332
8077,PELP1,ENSG00000141456,28214
8078,NPC1,ENSG00000141458,30333
8079,SLC14A1,ENSG00000141469,30499
8080,ARRB2,ENSG00000141480,28217
8081,SLC13A5,ENSG00000141485,28281
8082,ZMYND15,ENSG00000141497,28221
8083,WRAP53,ENSG00000141499,28345
8084,MINK1,ENSG00000141503,28228
8085,SAT2,ENSG00000141504,28342
8086,ASGR1,ENSG00000141505,28297
8087,PIK3R5,ENSG00000141506,28390
8088,TP53,ENSG00000141510,28344
8089,CCDC40,ENSG00000141519,29930
8090,ARHGDIA,ENSG00000141522,29998
8091,TMC6,ENSG00000141524,29884
8092,SLC16A3,ENSG00000141526,30029
8093,CARD14,ENSG00000141527,29934
8094,TTYH2,ENSG00000141540,29748
8095,RAB40B,ENSG00000141542,30055
8096,EIF4A3,ENSG00000141543,29932
8097,CSNK1D,ENSG00000141551,30030
8098,ANAPC11,ENSG00000141552,30002
8099,TBCD,ENSG00000141556,30061
8100,FN3KRP,ENSG00000141560,30057
8101,NARF,ENSG00000141562,30047
8102,RPTOR,ENSG00000141564,29945
8103,FOXK2,ENSG00000141568,30050
8104,TRIM65,ENSG00000141569,29819
8105,CBX8,ENSG00000141570,29919
8106,SECTM1,ENSG00000141574,30036
8107,RNF157,ENSG00000141576,29834
8108,CEP131,ENSG00000141577,29960
8109,ZNF750,ENSG00000141579,30063
8110,WDR45B,ENSG00000141580,30054
8111,CBX4,ENSG00000141582,29922
8113,DYM,ENSG00000141627,30536
8114,MAPK4,ENSG00000141639,30558
8115,ELAC1,ENSG00000141642,30562
8116,MBD1,ENSG00000141644,30554
8117,SMAD4,ENSG00000141646,30563
8118,TNFRSF11A,ENSG00000141655,30667
8119,ZCCHC2,ENSG00000141664,30669
8120,FBXO15,ENSG00000141665,30751
8121,CBLN2,ENSG00000141668,30742
8122,PMAIP1,ENSG00000141682,30649
8123,P3H4,ENSG00000141696,29117
8124,NT5C3B,ENSG00000141698,29119
8125,RETREG3,ENSG00000141699,29156
8127,ERBB2,ENSG00000141736,29010
8128,GRB7,ENSG00000141738,29012
8129,MIEN1,ENSG00000141741,29011
8130,PNMT,ENSG00000141744,29008
8131,ARL5C,ENSG00000141748,28993
8132,STAC2,ENSG00000141750,28997
8133,IGFBP4,ENSG00000141753,29037
8134,FKBP10,ENSG00000141756,29118
8135,TXNL4A,ENSG00000141759,30844
8136,CACNA1A,ENSG00000141837,31406
8137,MISP3,ENSG00000141854,31425
8138,SAMD1,ENSG00000141858,31427
8139,BRD4,ENSG00000141867,31467
8140,SLC39A3,ENSG00000141873,30989
8141,NFIC,ENSG00000141905,31013
8142,TPGS1,ENSG00000141933,30870
8143,PLPP2,ENSG00000141934,30859
8144,ZIM3,ENSG00000141946,32791
8145,PRDM15,ENSG00000141956,34237
8146,PFKL,ENSG00000141959,34303
8147,FEM1A,ENSG00000141965,31079
8148,VAV1,ENSG00000141968,31144
8149,MVB12A,ENSG00000141971,31555
8150,CIB3,ENSG00000141977,31498
8152,SH3GL1,ENSG00000141985,31058
8153,DUS3L,ENSG00000141994,31100
8154,DPP9,ENSG00000142002,31074
8155,DMRTC2,ENSG00000142025,32132
8156,CCDC97,ENSG00000142039,32108
8157,TMEM91,ENSG00000142046,32109
8158,ZFP14,ENSG00000142065,31928
8159,SIRT3,ENSG00000142082,18917
8160,IFITM3,ENSG00000142089,18927
8161,PGGHG,ENSG00000142102,18921
8162,HUNK,ENSG00000142149,34078
8163,COL6A1,ENSG00000142156,34375
8164,IFNAR1,ENSG00000142166,34108
8165,SOD1,ENSG00000142168,34074
8166,COL6A2,ENSG00000142173,34380
8167,SIK1,ENSG00000142178,34277
8168,DNMT3L,ENSG00000142182,34300
8169,TRPM2,ENSG00000142185,34309
8170,SCYL1,ENSG00000142186,20005
8171,TMEM50B,ENSG00000142188,34110
8172,APP,ENSG00000142192,33990
8173,DOP1B,ENSG00000142197,34150
8174,URB1,ENSG00000142207,34086
8175,AKT1,ENSG00000142208,24956
8176,IL19,ENSG00000142224,2856
8177,EMP3,ENSG00000142227,32372
8178,SAE1,ENSG00000142230,32330
8179,NTN5,ENSG00000142233,32391
8180,LMTK3,ENSG00000142235,32381
8181,GEMIN7,ENSG00000142252,32249
8182,CBLC,ENSG00000142273,32233
8183,WTIP,ENSG00000142279,31827
8184,ADAMTS10,ENSG00000142303,31211
8185,SLC6A3,ENSG00000142319,9415
8186,RNPEPL1,ENSG00000142327,5899
8187,CAPN10,ENSG00000142330,5901
8188,MYO1F,ENSG00000142347,31209
8189,NLRP12,ENSG00000142405,32639
8190,CACNG8,ENSG00000142408,32645
8191,ZNF787,ENSG00000142409,32758
8192,TIMM29,ENSG00000142444,31296
8193,FBN3,ENSG00000142449,31194
8194,CARM1,ENSG00000142453,31294
8195,EVI5L,ENSG00000142459,31176
8196,TM4SF5,ENSG00000142484,28222
8197,SLC47A1,ENSG00000142494,28602
8198,PSMB6,ENSG00000142507,28225
8199,GPR32,ENSG00000142511,32505
8200,SIGLEC10,ENSG00000142512,32550
8201,ACP4,ENSG00000142513,32507
8202,KLK3,ENSG00000142515,32513
8203,ZNF473,ENSG00000142528,32478
8205,RPS11,ENSG00000142534,32446
8206,PTH2,ENSG00000142538,32439
8208,RPL13A,ENSG00000142541,32445
8209,CTU1,ENSG00000142544,32531
8210,NOSIP,ENSG00000142546,32449
8211,IGLON5,ENSG00000142549,32539
8212,RCN3,ENSG00000142552,32448
8213,ZNF614,ENSG00000142556,32578
8214,SLC2A5,ENSG00000142583,223
8215,RERE,ENSG00000142599,216
8216,MMEL1,ENSG00000142606,116
8217,CFAP74,ENSG00000142609,90
8218,PRDM16,ENSG00000142611,127
8219,CELA2A,ENSG00000142615,352
8220,PADI3,ENSG00000142619,412
8221,FHAD1,ENSG00000142621,346
8222,PADI1,ENSG00000142623,411
8223,EPHA2,ENSG00000142627,378
8224,ARHGEF19,ENSG00000142632,382
8225,EFHD2,ENSG00000142634,350
8226,PEX14,ENSG00000142655,256
8227,PGD,ENSG00000142657,250
8228,MYOM3,ENSG00000142661,537
8229,SH3BGRL3,ENSG00000142669,593
8230,CNKSR1,ENSG00000142675,590
8231,RPL11,ENSG00000142676,524
8232,IL22RA1,ENSG00000142677,539
8233,ZNF593,ENSG00000142684,589
8234,C1orf216,ENSG00000142686,782
8235,KIAA0319L,ENSG00000142687,777
8236,EVA1B,ENSG00000142694,798
8237,C1orf94,ENSG00000142698,760
8238,DMRTA2,ENSG00000142700,1062
8239,PLK4,ENSG00000142731,8884
8240,MAP3K6,ENSG00000142733,621
8241,FCN3,ENSG00000142748,622
8242,GPN2,ENSG00000142751,608
8243,SYTL1,ENSG00000142765,620
8244,WDTC1,ENSG00000142784,618
8245,CELA3A,ENSG00000142789,489
8246,NBPF3,ENSG00000142794,481
8247,HSPG2,ENSG00000142798,487
8248,ITGB3BP,ENSG00000142856,1226
8249,SERBP1,ENSG00000142864,1261
8250,BCL10,ENSG00000142867,1399
8251,CCN1,ENSG00000142871,1405
8252,PRKACB,ENSG00000142875,1380
8253,PIGK,ENSG00000142892,1336
8254,TINAGL1,ENSG00000142910,697
8255,AZIN2,ENSG00000142920,747
8256,RPS8,ENSG00000142937,975
8257,KIF2C,ENSG00000142945,973
8258,PTPRF,ENSG00000142949,950
8259,BEST4,ENSG00000142959,976
8260,MOB3C,ENSG00000142961,1019
8261,CYP4B1,ENSG00000142973,1024
8262,TMEM61,ENSG00000143001,1154
8263,DMRTB1,ENSG00000143006,1120
8264,LMO4,ENSG00000143013,1423
8265,SYPL2,ENSG00000143028,1614
8266,BARHL2,ENSG00000143032,1455
8267,MTF2,ENSG00000143033,1478
8268,SLC44A3,ENSG00000143036,1498
8269,IGSF3,ENSG00000143061,1759
8270,ZNF697,ENSG00000143067,1791
8271,CTTNBP2NL,ENSG00000143079,1695
8272,STRIP1,ENSG00000143093,1638
8273,KCNA10,ENSG00000143105,1658
8274,PSMA5,ENSG00000143106,1613
8275,FNDC7,ENSG00000143107,1594
8276,C1orf162,ENSG00000143110,1681
8277,CD53,ENSG00000143119,1662
8278,PROK1,ENSG00000143125,1654
8279,CELSR2,ENSG00000143126,1609
8280,ITGA10,ENSG00000143127,1844
8282,GPR161,ENSG00000143147,2422
8283,ALDH9A1,ENSG00000143149,2387
8284,ATP1B1,ENSG00000143153,2437
8285,TIPRL,ENSG00000143155,2423
8286,NME7,ENSG00000143156,2438
8287,POGK,ENSG00000143157,2399
8288,MPC2,ENSG00000143158,2420
8289,CREG1,ENSG00000143162,2414
8290,DCAF6,ENSG00000143164,2421
8291,GPA33,ENSG00000143167,2404
8292,RXRG,ENSG00000143171,2382
8293,TBX19,ENSG00000143178,2425
8294,UCK2,ENSG00000143179,2391
8295,TMCO1,ENSG00000143183,2389
8296,XCL1,ENSG00000143184,2429
8297,XCL2,ENSG00000143185,2428
8298,POU2F1,ENSG00000143190,2408
8299,MAEL,ENSG00000143194,2402
8300,ILDR2,ENSG00000143195,2401
8301,DPT,ENSG00000143196,2430
8302,MGST3,ENSG00000143198,2386
8303,ADCY10,ENSG00000143199,2418
8304,COP1,ENSG00000143207,2520
8305,NECTIN4,ENSG00000143217,2317
8306,UFC1,ENSG00000143222,2323
8307,PPOX,ENSG00000143224,2326
8308,FCGR2A,ENSG00000143226,2342
8309,NUF2,ENSG00000143228,2374
8310,RGS5,ENSG00000143248,2370
8311,SDHC,ENSG00000143252,2336
8312,PFDN2,ENSG00000143256,2320
8313,NR1I3,ENSG00000143257,2333
8314,USP21,ENSG00000143258,2325
8315,F13B,ENSG00000143278,2692
8316,PRCC,ENSG00000143294,2212
8317,FCRL5,ENSG00000143297,2224
8319,MRPL24,ENSG00000143314,2210
8320,PIGM,ENSG00000143315,2284
8321,CASQ1,ENSG00000143318,2290
8322,ISG20L2,ENSG00000143319,2208
8323,CRABP2,ENSG00000143320,2206
8324,HDGF,ENSG00000143321,2211
8325,ABL2,ENSG00000143322,2543
8326,XPR1,ENSG00000143324,2565
8327,RGS16,ENSG00000143333,2589
8328,TOR1AIP1,ENSG00000143337,2556
8329,FAM163A,ENSG00000143340,2551
8330,HMCN1,ENSG00000143341,2630
8331,RGL1,ENSG00000143344,2608
8332,LYPLAL1,ENSG00000143353,2995
8333,LHX9,ENSG00000143355,2700
8334,PRUNE1,ENSG00000143363,1954
8335,RORC,ENSG00000143365,1997
8336,TUFT1,ENSG00000143367,1980
8337,SF3B4,ENSG00000143368,1918
8338,ECM1,ENSG00000143369,1935
8339,ZNF687,ENSG00000143373,1970
8340,TARS2,ENSG00000143374,1934
8341,CGN,ENSG00000143375,1979
8342,SNX27,ENSG00000143376,1982
8343,SETDB1,ENSG00000143379,1948
8344,ADAMTSL4,ENSG00000143382,1938
8345,MCL1,ENSG00000143384,1940
8346,CTSK,ENSG00000143387,1945
8347,RFX5,ENSG00000143390,1973
8348,PI4KB,ENSG00000143393,1971
8349,PIP5K1A,ENSG00000143398,1967
8350,ANP32E,ENSG00000143401,1925
8351,MINDY1,ENSG00000143409,1953
8352,ANXA9,ENSG00000143412,1952
8353,SELENBP1,ENSG00000143416,1976
8354,CERS2,ENSG00000143418,1949
8355,ENSA,ENSG00000143420,1941
8356,SEMA6C,ENSG00000143434,1961
8357,MRPL9,ENSG00000143436,1988
8358,ARNT,ENSG00000143437,1946
8359,POGZ,ENSG00000143442,1978
8360,C1orf56,ENSG00000143443,1956
8361,OAZ3,ENSG00000143450,1989
8362,HORMAD1,ENSG00000143452,1943
8363,GOLPH3L,ENSG00000143457,1942
8364,GABPB2,ENSG00000143458,1959
8366,SYT14,ENSG00000143469,2905
8367,KCNH1,ENSG00000143473,2912
8368,DTL,ENSG00000143476,2931
8369,DYRK3,ENSG00000143479,2853
8370,EIF2D,ENSG00000143486,2851
8371,INTS7,ENSG00000143493,2930
8372,VASH2,ENSG00000143494,2957
8373,TAF1A,ENSG00000143498,3032
8374,SMYD2,ENSG00000143499,2968
8375,SUSD4,ENSG00000143502,3046
8376,DUSP10,ENSG00000143507,3023
8377,HHIPL2,ENSG00000143512,3031
8378,TP53BP2,ENSG00000143514,3050
8379,ATP8B2,ENSG00000143515,2104
8380,FLG2,ENSG00000143520,2015
8381,CRNN,ENSG00000143536,2016
8382,ADAM15,ENSG00000143537,2131
8383,JTB,ENSG00000143543,2093
8384,RAB13,ENSG00000143545,2095
8385,S100A8,ENSG00000143546,2061
8386,TPM3,ENSG00000143549,2098
8387,NUP210L,ENSG00000143552,2097
8388,SNAPIN,ENSG00000143553,2078
8389,SLC27A3,ENSG00000143554,2084
8390,S100A7,ENSG00000143556,2064
8391,UBAP2L,ENSG00000143569,2101
8392,SLC39A1,ENSG00000143570,2089
8393,HAX1,ENSG00000143575,2102
8394,CREB3L4,ENSG00000143578,2092
8395,EFNA3,ENSG00000143590,2133
8396,AQP10,ENSG00000143595,2103
8397,KCNN3,ENSG00000143603,2117
8398,C1orf43,ENSG00000143612,2100
8399,GATAD2B,ENSG00000143614,2085
8400,ILF2,ENSG00000143621,2079
8401,RIT1,ENSG00000143622,2164
8402,INTS3,ENSG00000143624,2081
8403,PKLR,ENSG00000143627,2149
8404,HCN3,ENSG00000143630,2148
8405,FLG,ENSG00000143631,2014
8406,ACTA1,ENSG00000143632,3146
8407,C1orf131,ENSG00000143633,3176
8408,GALNT2,ENSG00000143641,3155
8409,TTC13,ENSG00000143643,3171
8410,SCCPDH,ENSG00000143653,3339
8411,LYST,ENSG00000143669,3240
8412,MAP3K21,ENSG00000143674,3196
8413,CEP170,ENSG00000143702,3298
8414,ACP1,ENSG00000143727,3413
8415,SNAP47,ENSG00000143740,3105
8416,SRP9,ENSG00000143742,3072
8417,NVL,ENSG00000143748,3056
8418,SDE2,ENSG00000143751,3080
8419,DEGS1,ENSG00000143753,3053
8420,FBXO28,ENSG00000143756,3052
8421,ARF1,ENSG00000143761,3113
8422,LEFTY2,ENSG00000143768,3079
8423,CNIH4,ENSG00000143771,3057
8424,ITPKB,ENSG00000143772,3091
8425,GUK1,ENSG00000143774,3117
8426,CDC42BPA,ENSG00000143776,3097
8427,CNIH3,ENSG00000143786,3059
8428,C1orf35,ENSG00000143793,3114
8429,MBOAT2,ENSG00000143797,3515
8430,PARP1,ENSG00000143799,3088
8431,PSEN2,ENSG00000143801,3095
8432,PYCR2,ENSG00000143811,3077
8433,LBR,ENSG00000143815,3066
8434,WNT9A,ENSG00000143816,3110
8435,EPHX1,ENSG00000143819,3073
8436,REN,ENSG00000143839,2798
8437,SOX13,ENSG00000143842,2794
8438,ETNK2,ENSG00000143845,2796
8439,PPFIA4,ENSG00000143847,2772
8440,PLEKHA6,ENSG00000143850,2801
8441,PTPN7,ENSG00000143851,2757
8442,SYT2,ENSG00000143858,2761
8443,ARL8A,ENSG00000143862,2756
8444,OSR1,ENSG00000143867,3623
8445,GDF7,ENSG00000143869,3644
8446,PDIA6,ENSG00000143870,3553
8447,RHOB,ENSG00000143878,3638
8448,ATP6V1C2,ENSG00000143882,3551
8449,HNRNPLL,ENSG00000143889,3866
8450,GALM,ENSG00000143891,3868
8451,CAMKMT,ENSG00000143919,3924
8452,ABCG8,ENSG00000143921,3918
8453,EML4,ENSG00000143924,3898
8454,CALM2,ENSG00000143933,3961
8455,CHAC2,ENSG00000143942,3995
8456,RPS27A,ENSG00000143947,4013
8457,WDPCP,ENSG00000143951,4075
8458,VPS54,ENSG00000143952,4078
8459,REG3G,ENSG00000143954,4290
8460,ASXL2,ENSG00000143970,3698
8461,ETAA1,ENSG00000143971,4121
8462,SNRPG,ENSG00000143977,4162
8463,ABHD1,ENSG00000143994,3729
8464,MEIS1,ENSG00000143995,4111
8465,TRIM43,ENSG00000144015,4480
8466,CIAO1,ENSG00000144021,4492
8467,ZNF514,ENSG00000144026,4471
8468,SNRNP200,ENSG00000144028,4493
8469,MRPS5,ENSG00000144029,4470
8470,ANKRD53,ENSG00000144031,4177
8471,TPRKB,ENSG00000144034,4210
8472,NAT8,ENSG00000144035,4209
8473,EXOC6B,ENSG00000144036,4191
8474,SFXN5,ENSG00000144040,4195
8475,TEX261,ENSG00000144043,4178
8476,DQX1,ENSG00000144045,4247
8477,DUSP11,ENSG00000144048,4212
8478,ST6GAL2,ENSG00000144057,4647
8479,NPHP1,ENSG00000144061,4682
8480,MALL,ENSG00000144063,4681
8481,THNSL2,ENSG00000144115,4369
8482,RALB,ENSG00000144118,4791
8483,C1QL2,ENSG00000144119,4777
8484,TMEM177,ENSG00000144120,4786
8485,NT5DC4,ENSG00000144130,4721
8486,RABL2A,ENSG00000144134,4746
8487,SLC20A1,ENSG00000144136,4720
8488,FBLN7,ENSG00000144152,4709
8489,ZC3H8,ENSG00000144161,4710
8490,LIPT1,ENSG00000144182,4548
8491,CNGA3,ENSG00000144191,4537
8492,FAHD2B,ENSG00000144199,4514
8493,LYG1,ENSG00000144214,4552
8494,AFF3,ENSG00000144218,4557
8495,UBXN4,ENSG00000144224,4922
8496,NXPH2,ENSG00000144227,4939
8497,SPOPL,ENSG00000144228,4935
8498,THSD7B,ENSG00000144229,4930
8499,GPR17,ENSG00000144230,4841
8500,POLR2D,ENSG00000144231,4844
8501,AMMECR1L,ENSG00000144233,4845
8502,GALNT13,ENSG00000144278,5020
8503,PKP4,ENSG00000144283,5047
8504,SCN1A,ENSG00000144285,5104
8505,SLC4A10,ENSG00000144290,5075
8506,SCRN3,ENSG00000144306,5178
8507,LNPK,ENSG00000144320,5192
8508,ZNF385B,ENSG00000144331,5251
8509,TMEFF2,ENSG00000144339,5342
8510,CDCA7,ENSG00000144354,5168
8511,DLX1,ENSG00000144355,5153
8512,UBR3,ENSG00000144357,5131
8513,PHOSPHO2,ENSG00000144362,5127
8514,GULP1,ENSG00000144366,5301
8515,FAM171B,ENSG00000144369,5295
8516,HSPD1,ENSG00000144381,5374
8517,CCDC150,ENSG00000144395,5364
8518,METTL21A,ENSG00000144401,5490
8519,UNC80,ENSG00000144406,5510
8520,PTH2R,ENSG00000144407,5505
8521,CPO,ENSG00000144410,5478
8522,NBEAL1,ENSG00000144426,5444
8523,KANSL1L,ENSG00000144445,5512
8524,SPAG16,ENSG00000144451,5532
8525,ABCA12,ENSG00000144452,5538
8526,SUMF1,ENSG00000144455,5972
8527,NYAP2,ENSG00000144460,5699
8528,RHBDD1,ENSG00000144468,5705
8529,ACKR3,ENSG00000144476,5834
8530,TRPM8,ENSG00000144481,5810
8531,HES6,ENSG00000144485,5861
8532,ESPNL,ENSG00000144488,5855
8533,ANKMY1,ENSG00000144504,5896
8534,COPS7B,ENSG00000144524,5767
8535,DIS3L2,ENSG00000144535,5770
8536,CPNE9,ENSG00000144550,6019
8537,FANCD2,ENSG00000144554,6039
8538,TAMM41,ENSG00000144559,6066
8539,VGLL4,ENSG00000144560,6063
8540,RAB5A,ENSG00000144566,6148
8541,RETREG2,ENSG00000144567,5631
8542,CTDSP1,ENSG00000144579,5599
8543,CNOT9,ENSG00000144580,5603
8545,STK11IP,ENSG00000144589,5661
8546,GMPPA,ENSG00000144591,5653
8547,EAF1,ENSG00000144597,6112
8548,CNTN4,ENSG00000144619,5963
8549,DYNC1LI1,ENSG00000144635,6208
8550,RBMS3,ENSG00000144642,6189
8551,GADL1,ENSG00000144644,6198
8552,OSBPL10,ENSG00000144645,6200
8553,POMGNT2,ENSG00000144647,6325
8554,ACKR2,ENSG00000144648,6318
8555,GASK1A,ENSG00000144649,6324
8556,CSRNP1,ENSG00000144655,6265
8557,SLC25A38,ENSG00000144659,6275
8558,ITGA9,ENSG00000144668,6243
8559,SLC22A14,ENSG00000144671,6253
8560,GOLGA4,ENSG00000144674,6241
8561,CTDSPL,ENSG00000144677,6245
8562,STAC,ENSG00000144681,6230
8563,IQSEC1,ENSG00000144711,6079
8564,CAND2,ENSG00000144712,6075
8565,RPL32,ENSG00000144713,6077
8566,PTPRG,ENSG00000144724,6644
8567,IL17RD,ENSG00000144730,6605
8568,SHQ1,ENSG00000144736,6726
8569,SLC25A26,ENSG00000144741,6679
8570,UBA3,ENSG00000144744,6694
8571,ARL6IP5,ENSG00000144746,6695
8572,TMF1,ENSG00000144747,6693
8573,LRIG1,ENSG00000144749,6680
8574,LRTM1,ENSG00000144771,6587
8576,LIMD1,ENSG00000144791,6363
8577,ZNF660,ENSG00000144792,6344
8578,NFKBIZ,ENSG00000144802,6848
8579,COL8A1,ENSG00000144810,6824
8580,NXPE3,ENSG00000144815,6846
8581,ADGRG7,ENSG00000144820,6834
8582,MYH15,ENSG00000144821,6873
8583,PHLDB2,ENSG00000144824,6896
8584,ABHD10,ENSG00000144827,6898
8585,TAGLN3,ENSG00000144834,6899
8586,PLA1A,ENSG00000144837,6981
8587,RABL3,ENSG00000144840,6997
8588,ADPRH,ENSG00000144843,6980
8589,IGSF11,ENSG00000144847,6966
8590,ATG3,ENSG00000144848,6909
8591,NR1I2,ENSG00000144852,6987
8592,BOC,ENSG00000144857,6922
8593,SRPRB,ENSG00000144867,7175
8594,TMEM108,ENSG00000144868,7167
8595,AGTR1,ENSG00000144891,7308
8596,MED12L,ENSG00000144893,7352
8597,EIF2A,ENSG00000144895,7341
8598,ALDH1L1,ENSG00000144908,7064
8599,OSBPL11,ENSG00000144909,7053
8600,TRPC1,ENSG00000144935,7267
8601,NCEH1,ENSG00000144959,7531
8602,SPATA16,ENSG00000144962,7534
8603,FAM86B2,ENSG00000145002,14892
8604,LPP,ENSG00000145012,7706
8605,TMEM44,ENSG00000145014,7764
8606,RUBCN,ENSG00000145016,7834
8607,AMT,ENSG00000145020,6459
8608,TCTA,ENSG00000145022,6458
8609,NICN1,ENSG00000145029,6460
8610,UCN2,ENSG00000145040,6421
8611,DCAF1,ENSG00000145041,6517
8612,MANF,ENSG00000145050,6515
8614,STXBP5L,ENSG00000145087,7002
8615,EAF2,ENSG00000145088,7010
8616,ILDR1,ENSG00000145103,7012
8617,TM4SF19,ENSG00000145107,7799
8618,MUC4,ENSG00000145113,7785
8619,SLIT2,ENSG00000145147,8098
8620,EIF2B5,ENSG00000145191,7628
8621,AHSG,ENSG00000145192,7675
8622,ECE2,ENSG00000145194,7636
8623,VWA5B2,ENSG00000145198,7632
8624,DGKQ,ENSG00000145214,7872
8625,FIP1L1,ENSG00000145216,8311
8626,SLC26A1,ENSG00000145217,7873
8627,LYAR,ENSG00000145220,7938
8628,CENPC,ENSG00000145241,8403
8629,EPHA5,ENSG00000145242,8395
8630,CORIN,ENSG00000145244,8278
8631,ATP10D,ENSG00000145246,8276
8632,OCIAD2,ENSG00000145247,8292
8633,SLC10A4,ENSG00000145248,8287
8634,SLC10A6,ENSG00000145283,8589
8635,SCD5,ENSG00000145284,8561
8636,PLAC8,ENSG00000145287,8568
8637,ENOPH1,ENSG00000145293,8557
8638,CABS1,ENSG00000145309,8437
8639,GC,ENSG00000145321,8454
8640,TRMT10A,ENSG00000145331,8680
8641,KLHL8,ENSG00000145332,8593
8642,SNCA,ENSG00000145335,8626
8643,PYURF,ENSG00000145337,8615
8644,TBCK,ENSG00000145348,8739
8645,CAMK2D,ENSG00000145349,8799
8646,CISD2,ENSG00000145354,8709
8647,DDIT4L,ENSG00000145358,8689
8648,ANK2,ENSG00000145362,8795
8649,TIFA,ENSG00000145365,8787
8651,FABP2,ENSG00000145384,8826
8652,CCNA2,ENSG00000145386,8846
8653,METTL14,ENSG00000145388,8820
8654,USP53,ENSG00000145390,8824
8655,SETD7,ENSG00000145391,8956
8656,NAF1,ENSG00000145414,9152
8658,SFRP2,ENSG00000145423,9091
8659,RPS3A,ENSG00000145425,9050
8660,RNF175,ENSG00000145428,9089
8661,PDGFC,ENSG00000145431,9120
8662,CBR4,ENSG00000145439,9186
8663,GLRA3,ENSG00000145451,9236
8664,CYP4V2,ENSG00000145476,9336
8665,ROPN1L,ENSG00000145491,9526
8666,NDUFS6,ENSG00000145494,9421
8668,NKD2,ENSG00000145506,9405
8669,CDH18,ENSG00000145526,9593
8670,ADAMTS16,ENSG00000145536,9459
8671,SRD5A1,ENSG00000145545,9472
8672,MYO10,ENSG00000145555,9565
8673,OTULINL,ENSG00000145569,9545
8674,RPL37,ENSG00000145592,9740
8675,SKP2,ENSG00000145604,9691
8676,OSMR,ENSG00000145623,9724
8677,UGT3A1,ENSG00000145626,9688
8678,PLK2,ENSG00000145632,9870
8679,SHISAL2B,ENSG00000145642,9904
8680,GZMA,ENSG00000145649,9831
8681,PIK3R1,ENSG00000145675,9940
8682,HAPLN1,ENSG00000145681,10110
8683,LHFPL2,ENSG00000145685,10056
8684,SSBP2,ENSG00000145687,10090
8685,BHMT,ENSG00000145692,10060
8686,ANKRD31,ENSG00000145700,10022
8687,IQGAP2,ENSG00000145703,10035
8688,CRHBP,ENSG00000145708,10042
8689,RASA1,ENSG00000145715,10128
8690,LIX1,ENSG00000145721,10219
8691,GIN1,ENSG00000145723,10248
8692,PPIP5K2,ENSG00000145725,10249
8693,PAM,ENSG00000145730,10247
8694,BDP1,ENSG00000145734,9975
8695,GTF2H2,ENSG00000145736,9971
8696,SLC30A5,ENSG00000145740,9949
8697,BTF3,ENSG00000145741,10002
8698,FBXL17,ENSG00000145743,10263
8699,SPATA9,ENSG00000145757,10195
8700,TSLP,ENSG00000145777,10280
8701,TNFAIP8,ENSG00000145779,10351
8702,FEM1C,ENSG00000145780,10317
8703,COMMD10,ENSG00000145781,10331
8704,ATG12,ENSG00000145782,10324
8705,MEGF10,ENSG00000145794,10409
8706,ADAMTS19,ENSG00000145808,10425
8707,YIPF5,ENSG00000145817,10722
8708,ARHGAP26,ENSG00000145819,10714
8709,CXCL14,ENSG00000145824,10518
8710,LECT2,ENSG00000145826,10525
8711,SLC25A48,ENSG00000145832,10519
8712,DDX46,ENSG00000145833,10499
8713,IL9,ENSG00000145839,10522
8714,TIMD4,ENSG00000145850,10863
8715,RNF145,ENSG00000145860,10897
8716,C1QTNF2,ENSG00000145861,10912
8717,GABRA6,ENSG00000145863,10922
8718,GABRB2,ENSG00000145864,10921
8719,FBXO38,ENSG00000145868,10766
8720,SPINK7,ENSG00000145879,10764
8721,PCYOX1L,ENSG00000145882,10781
8722,GLRA1,ENSG00000145888,10836
8723,TNIP1,ENSG00000145901,10817
8724,G3BP1,ENSG00000145907,10835
8725,ZNF300,ENSG00000145908,10815
8726,N4BP3,ENSG00000145911,11108
8727,NHP2,ENSG00000145912,11110
8728,RMND5B,ENSG00000145916,11109
8729,BOD1,ENSG00000145919,11017
8730,CPLX2,ENSG00000145920,11041
8731,TENM2,ENSG00000145934,10945
8732,KCNMB1,ENSG00000145936,10975
8733,FAM50B,ENSG00000145945,11249
8734,MYLK4,ENSG00000145949,11223
8736,FAM217A,ENSG00000145975,11254
8737,TBC1D7,ENSG00000145979,11351
8738,FARS2,ENSG00000145982,11275
8739,GFOD1,ENSG00000145990,11353
8740,CDKAL1,ENSG00000145996,11415
8741,PSD2,ENSG00000146005,10587
8742,LRRTM2,ENSG00000146006,10562
8743,ZMAT2,ENSG00000146007,10614
8744,GFRA3,ENSG00000146013,10551
8745,KLHL3,ENSG00000146021,10537
8746,DCDC2,ENSG00000146038,11433
8747,SLC17A4,ENSG00000146039,11457
8749,KAAG1,ENSG00000146049,11434
8750,TRIM7,ENSG00000146054,11173
8751,TRIM41,ENSG00000146063,11177
8752,HIGD2A,ENSG00000146066,11057
8753,FAM193B,ENSG00000146067,11093
8754,PLA2G7,ENSG00000146070,12035
8755,TNFRSF21,ENSG00000146072,12042
8756,RNF44,ENSG00000146083,11060
8757,MMUT,ENSG00000146085,12053
8758,RASGEF1C,ENSG00000146090,11151
8759,DOK3,ENSG00000146094,11091
8760,ABT1,ENSG00000146109,11509
8761,PPP1R18,ENSG00000146112,11639
8762,DAAM2,ENSG00000146122,11899
8763,PRIM2,ENSG00000146143,12129
8764,MLIP,ENSG00000146147,12105
8765,HMGCLL1,ENSG00000146151,12117
8766,LGSN,ENSG00000146166,12142
8767,FGD2,ENSG00000146192,11873
8768,SCUBE3,ENSG00000146197,11829
8769,ANO7,ENSG00000146205,5918
8770,CRIP3,ENSG00000146215,11978
8771,TTBK1,ENSG00000146216,11976
8772,TCTE1,ENSG00000146221,12015
8773,RPL7L1,ENSG00000146223,11953
8774,NFKBIE,ENSG00000146232,12013
8775,CYP39A1,ENSG00000146233,12031
8776,TPBG,ENSG00000146242,12252
8777,IRAK1BP1,ENSG00000146243,12221
8778,PHIP,ENSG00000146247,12222
8779,PRSS35,ENSG00000146250,12259
8780,MMS22L,ENSG00000146263,12341
8781,FAXC,ENSG00000146267,12348
8782,GABRR1,ENSG00000146276,12302
8783,PNRC1,ENSG00000146278,12298
8784,PM20D2,ENSG00000146281,12301
8785,RARS2,ENSG00000146282,12288
8786,SCML4,ENSG00000146285,12395
8787,TBC1D32,ENSG00000146350,12518
8788,CLVS2,ENSG00000146352,12529
8789,GPR6,ENSG00000146360,12425
8790,RNF217,ENSG00000146373,12537
8791,RSPO3,ENSG00000146374,12551
8792,ARHGAP18,ENSG00000146376,12565
8793,TAAR2,ENSG00000146378,12593
8794,TAAR6,ENSG00000146383,12590
8795,TAAR8,ENSG00000146385,12589
8796,ABRACL,ENSG00000146386,12674
8797,TAAR1,ENSG00000146399,12594
8798,SLC18B1,ENSG00000146409,12599
8799,MTFR2,ENSG00000146410,12639
8800,SLC2A12,ENSG00000146411,12611
8801,SHPRH,ENSG00000146414,12725
8802,AIG1,ENSG00000146416,12703
8803,DYNLT1,ENSG00000146425,12845
8804,TIAM2,ENSG00000146426,12813
8805,TMEM181,ENSG00000146433,12844
8806,PNLDC1,ENSG00000146453,12869
8807,WTAP,ENSG00000146457,12864
8808,ZMYM4,ENSG00000146463,775
8809,VIP,ENSG00000146469,12799
8810,ARMT1,ENSG00000146476,12788
8811,SLC22A3,ENSG00000146477,12877
8812,LINC01558,ENSG00000146521,12953
8813,VWDE,ENSG00000146530,13173
8814,GNA12,ENSG00000146535,13082
8815,C7orf50,ENSG00000146540,13044
8816,SDK1,ENSG00000146555,13089
8817,CCZ1B,ENSG00000146574,13140
8819,RBAK,ENSG00000146587,13099
8820,CREB5,ENSG00000146592,13326
8821,FERD3L,ENSG00000146618,13220
8822,EGFR,ENSG00000146648,13596
8823,CDCA5,ENSG00000146670,19977
8824,IGFBP3,ENSG00000146674,13531
8825,PURB,ENSG00000146676,13517
8826,IGFBP1,ENSG00000146678,13530
8827,SSC4D,ENSG00000146700,13758
8828,MDH2,ENSG00000146701,13754
8829,POMZP3,ENSG00000146707,13764
8830,NIPSNAP2,ENSG00000146729,13606
8831,CCT6A,ENSG00000146731,13609
8832,PSPH,ENSG00000146733,13608
8833,TRIM50,ENSG00000146755,13704
8834,ZNF92,ENSG00000146757,13662
8835,ATXN7L1,ENSG00000146776,14069
8836,TMEM168,ENSG00000146802,14121
8837,ASB15,ENSG00000146809,14195
8839,SLC12A9,ENSG00000146828,13992
8840,GIGYF1,ENSG00000146830,13987
8841,TRIM4,ENSG00000146833,13939
8842,MEPCE,ENSG00000146834,13968
8843,TMEM209,ENSG00000146842,14270
8844,AGBL3,ENSG00000146856,14320
8845,STRA8,ENSG00000146857,14327
8846,ZC3HAV1L,ENSG00000146858,14354
8847,TMEM140,ENSG00000146859,14322
8848,TLK2,ENSG00000146872,29591
8849,EPHA1,ENSG00000146904,14506
8850,NOM1,ENSG00000146909,14673
8851,CNPY1,ENSG00000146910,14659
8852,NCAPG2,ENSG00000146918,14694
8853,ASB10,ENSG00000146926,14605
8854,NLGN4X,ENSG00000146938,35341
8855,SHROOM2,ENSG00000146950,35359
8856,RAB19,ENSG00000146955,14369
8857,LUC7L2,ENSG00000146963,14359
8858,DENND2A,ENSG00000146966,14371
8859,CLTRN,ENSG00000147003,35405
8860,SH3KBP1,ENSG00000147010,35437
8861,TMEM47,ENSG00000147027,35512
8862,LANCL3,ENSG00000147036,35520
8863,SYTL5,ENSG00000147041,35527
8864,CASK,ENSG00000147044,35557
8865,KDM6A,ENSG00000147050,35574
8866,SPIN2A,ENSG00000147059,35762
8867,MSN,ENSG00000147065,35780
8868,AKAP4,ENSG00000147081,35683
8869,CCNB3,ENSG00000147082,35684
8870,HDAC8,ENSG00000147099,35841
8871,SLC16A2,ENSG00000147100,35866
8872,DIPK2B,ENSG00000147113,35575
8873,ZNF157,ENSG00000147117,35600
8874,ZNF182,ENSG00000147118,35611
8875,CHST7,ENSG00000147119,35587
8876,KRBOX4,ENSG00000147121,35584
8877,NDUFB11,ENSG00000147123,35593
8878,ZNF41,ENSG00000147124,35601
8879,RAB41,ENSG00000147127,35807
8880,ZMYM3,ENSG00000147130,35824
8881,TAF1,ENSG00000147133,35827
8882,GPR174,ENSG00000147138,35889
8883,NONO,ENSG00000147140,35825
8884,CCDC120,ENSG00000147144,35649
8885,LPAR4,ENSG00000147145,35887
8886,EBP,ENSG00000147155,35627
8887,AWAT2,ENSG00000147160,35798
8888,OGT,ENSG00000147162,35828
8889,SNX12,ENSG00000147164,35816
8890,ITGB1BP2,ENSG00000147166,35826
8891,IL2RG,ENSG00000147168,35819
8892,GCNA,ENSG00000147174,35829
8893,ZNF711,ENSG00000147180,35905
8894,CPXCR1,ENSG00000147183,35911
8895,DIAPH2,ENSG00000147202,35921
8896,NXF3,ENSG00000147206,35978
8897,RIPPLY1,ENSG00000147223,36018
8898,PRPS1,ENSG00000147224,36025
8899,RADX,ENSG00000147231,36014
8900,FRMPD3,ENSG00000147234,36024
8901,HTR2C,ENSG00000147246,36063
8902,DOCK11,ENSG00000147251,36078
8903,IGSF1,ENSG00000147255,36175
8904,ARHGAP36,ENSG00000147256,36174
8905,GPC3,ENSG00000147257,36190
8906,GPR119,ENSG00000147262,36169
8907,RBMX,ENSG00000147274,36243
8908,MCPH1,ENSG00000147316,14757
8909,MFHAS1,ENSG00000147324,14820
8910,FBXO25,ENSG00000147364,14709
8911,FATE1,ENSG00000147378,36330
8913,MAGEA4,ENSG00000147381,36333
8915,NSDHL,ENSG00000147383,36351
8916,ZNF185,ENSG00000147394,36352
8917,CETN2,ENSG00000147400,36350
8919,RPL10,ENSG00000147403,36401
8920,CSGALNACT1,ENSG00000147408,14947
8921,ATP6V1B2,ENSG00000147416,14953
8922,CCDC25,ENSG00000147419,15068
8923,HMBOX1,ENSG00000147421,15087
8924,CHRNB3,ENSG00000147432,15251
8925,CHRNA6,ENSG00000147434,15253
8926,GNRH1,ENSG00000147437,15042
8927,BIN3,ENSG00000147439,14995
8928,DOK2,ENSG00000147443,14967
8929,SLC25A37,ENSG00000147454,15022
8930,CHMP7,ENSG00000147457,15014
8931,DOCK5,ENSG00000147459,15041
8932,STAR,ENSG00000147465,15181
8933,PLPBP,ENSG00000147471,15169
8934,ERLIN2,ENSG00000147475,15168
8935,SNTG1,ENSG00000147481,15294
8936,PXDNL,ENSG00000147485,15297
8937,ST18,ENSG00000147488,15305
8938,RGS20,ENSG00000147509,15320
8939,TACC1,ENSG00000147526,15199
8940,GOLGA7,ENSG00000147533,15227
8941,PLPP5,ENSG00000147535,15187
8942,GINS4,ENSG00000147536,15229
8943,NSD3,ENSG00000147548,15188
8944,DNAJC5B,ENSG00000147570,15431
8945,CRH,ENSG00000147571,15434
8946,TRIM55,ENSG00000147573,15433
8947,ADHFE1,ENSG00000147576,15439
8948,MRPS28,ENSG00000147586,15549
8949,PMP2,ENSG00000147588,15569
8950,LACTB2,ENSG00000147592,15474
8951,PRDM14,ENSG00000147596,15467
8952,TERF1,ENSG00000147601,15489
8953,RPL7,ENSG00000147604,15495
8954,SLC26A7,ENSG00000147606,15644
8955,PSKH2,ENSG00000147613,15605
8956,ATP6V0D2,ENSG00000147614,15604
8957,SYBU,ENSG00000147642,15832
8958,DPYS,ENSG00000147647,15798
8959,MTDH,ENSG00000147649,15713
8960,LRP12,ENSG00000147650,15801
8961,EBAG9,ENSG00000147654,15831
8962,RSPO2,ENSG00000147655,15819
8963,POLR2K,ENSG00000147669,15738
8964,MAL2,ENSG00000147676,15871
8965,EIF3H,ENSG00000147677,15855
8966,UTP23,ENSG00000147679,15856
8967,NDUFB9,ENSG00000147684,15933
8968,TATDN1,ENSG00000147687,15931
8969,FAM83A,ENSG00000147689,15907
8970,GSDMC,ENSG00000147697,15976
8971,FAM135B,ENSG00000147724,16032
8972,ZNF7,ENSG00000147789,16188
8973,ARHGAP39,ENSG00000147799,16180
8974,SLC39A4,ENSG00000147804,16163
8975,NAPRT,ENSG00000147813,16112
8976,VLDLR,ENSG00000147852,16223
8977,AK3,ENSG00000147853,16242
8978,UHRF2,ENSG00000147854,16267
8979,NFIB,ENSG00000147862,16303
8980,CER1,ENSG00000147869,16309
8981,PLIN2,ENSG00000147872,16331
8982,IFNA5,ENSG00000147873,16356
8983,HAUS6,ENSG00000147874,16330
8984,CDKN2B,ENSG00000147883,16372
8985,IFNA16,ENSG00000147885,16353
8986,CDKN2A,ENSG00000147889,16369
8987,C9orf72,ENSG00000147894,16407
8988,IFNK,ENSG00000147896,16405
8989,ZCCHC7,ENSG00000147905,16544
8990,FBXO10,ENSG00000147912,16550
8992,SIGMAR1,ENSG00000147955,16475
8994,CEP78,ENSG00000148019,16718
8995,NTRK2,ENSG00000148053,16758
8996,IDNK,ENSG00000148057,16743
8997,SHC3,ENSG00000148082,16794
8998,AUH,ENSG00000148090,16818
8999,MFSD14B,ENSG00000148110,16858
9000,AOPEP,ENSG00000148120,16864
9001,PLPPR1,ENSG00000148123,16950
9002,OR13C4,ENSG00000148136,16969
9003,ZNF462,ENSG00000148143,16993
9004,INIP,ENSG00000148153,17036
9005,UGCG,ENSG00000148154,17029
9006,ACTL7B,ENSG00000148156,17002
9007,SNX30,ENSG00000148158,17038
9008,STOM,ENSG00000148175,17116
9009,GSN,ENSG00000148180,17113
9010,MRRF,ENSG00000148187,17127
9011,NR6A1,ENSG00000148200,17171
9012,CRB2,ENSG00000148204,17156
9013,OR5C1,ENSG00000148215,17144
9014,ALAD,ENSG00000148218,17054
9015,ASTN2,ENSG00000148219,17087
9016,WDR31,ENSG00000148225,17051
9017,POLE3,ENSG00000148229,17055
9018,SURF4,ENSG00000148248,17364
9019,GBGT1,ENSG00000148288,17356
9020,SURF1,ENSG00000148290,17362
9021,SURF2,ENSG00000148291,17363
9022,SURF6,ENSG00000148296,17359
9023,MED22,ENSG00000148297,17360
9024,REXO4,ENSG00000148300,17366
9025,RPL7A,ENSG00000148303,17361
9026,GTF3C5,ENSG00000148308,17353
9027,ASB6,ENSG00000148331,17300
9028,PTGES2,ENSG00000148334,17235
9029,NTMT1,ENSG00000148335,17298
9030,CIZ1,ENSG00000148337,17239
9031,SLC25A25,ENSG00000148339,17232
9032,SH3GLB2,ENSG00000148341,17275
9033,MIGA2,ENSG00000148343,17276
9034,PTGES,ENSG00000148344,17304
9035,LCN2,ENSG00000148346,17237
9036,LRSAM1,ENSG00000148356,17209
9037,HMCN2,ENSG00000148357,17315
9038,GPR107,ENSG00000148358,17312
9039,PAXX,ENSG00000148362,17464
9040,IDI2,ENSG00000148377,17527
9041,INPP5E,ENSG00000148384,17432
9042,LCN9,ENSG00000148386,17411
9043,SEC16A,ENSG00000148396,17433
9044,DPH7,ENSG00000148399,17507
9045,NOTCH1,ENSG00000148400,17435
9046,CACNA1B,ENSG00000148408,17513
9047,NACC2,ENSG00000148411,17417
9048,PROSER2,ENSG00000148426,17659
9049,USP6NL,ENSG00000148429,17655
9050,COMMD3,ENSG00000148444,17759
9051,MSRB2,ENSG00000148450,17771
9052,PDSS1,ENSG00000148459,17795
9053,FAM171A1,ENSG00000148468,17703
9054,MINDY3,ENSG00000148481,17706
9055,SLC39A12,ENSG00000148482,17729
9056,TMEM236,ENSG00000148483,17726
9057,RSU1,ENSG00000148484,17711
9058,ST8SIA6,ENSG00000148488,17720
9059,PARD3,ENSG00000148498,17864
9060,ANKRD30A,ENSG00000148513,17884
9061,ZEB1,ENSG00000148516,17839
9062,FAM13C,ENSG00000148541,18056
9063,NRBF2,ENSG00000148572,18087
9064,A1CF,ENSG00000148584,18023
9065,CDHR1,ENSG00000148600,18309
9066,LRIT1,ENSG00000148602,18312
9067,RGR,ENSG00000148604,18311
9068,POLR3A,ENSG00000148606,18253
9069,HERC4,ENSG00000148634,18105
9070,LRMDA,ENSG00000148655,18238
9071,CAMK2G,ENSG00000148660,18211
9072,ADIRF,ENSG00000148671,18334
9073,GLUD1,ENSG00000148672,18338
9074,ANKRD1,ENSG00000148677,18396
9075,HTR7,ENSG00000148680,18394
9076,RPP30,ENSG00000148688,18395
9077,FRA10AC1,ENSG00000148690,18425
9078,ADD3,ENSG00000148700,18638
9079,HABP2,ENSG00000148702,18669
9080,VAX1,ENSG00000148704,18703
9081,DNAJB12,ENSG00000148719,18172
9082,EIF4EBP2,ENSG00000148730,18145
9083,NPFFR1,ENSG00000148734,18143
9084,PLEKHS1,ENSG00000148735,18673
9085,TCF7L2,ENSG00000148737,18666
9086,MKI67,ENSG00000148773,18833
9087,CYP17A1,ENSG00000148795,18584
9088,INA,ENSG00000148798,18593
9089,FUOM,ENSG00000148803,18895
9090,LRRC27,ENSG00000148814,18868
9091,MTG1,ENSG00000148824,18899
9092,NKX6-2,ENSG00000148826,18876
9093,PAOX,ENSG00000148832,18898
9094,GSTO1,ENSG00000148834,18616
9095,TAF5,ENSG00000148835,18595
9096,PPRC1,ENSG00000148840,18564
9097,ITPRIP,ENSG00000148841,18618
9098,CNNM2,ENSG00000148842,18590
9099,PDCD11,ENSG00000148843,18597
9100,ADAM12,ENSG00000148848,18817
9101,RGS10,ENSG00000148908,18735
9102,BTBD10,ENSG00000148925,19285
9103,ADM,ENSG00000148926,19245
9104,GAS2,ENSG00000148935,19390
9105,SLC5A12,ENSG00000148942,19405
9106,LIN7C,ENSG00000148943,19412
9107,LRRC4C,ENSG00000148948,19518
9108,IMMP1L,ENSG00000148950,19441
9109,SAA4,ENSG00000148965,19336
9110,PGAP2,ENSG00000148985,19062
9111,TUT1,ENSG00000149016,19864
9112,SCGB1A1,ENSG00000149021,19858
9113,SYT8,ENSG00000149043,19008
9114,ZNF214,ENSG00000149050,19185
9115,ZNF215,ENSG00000149054,19184
9116,HSD17B12,ENSG00000149084,19534
9117,APIP,ENSG00000149089,19485
9118,PAMR1,ENSG00000149090,19494
9119,DGKZ,ENSG00000149091,19589
9120,EIF3M,ENSG00000149100,19454
9121,TNKS1BP1,ENSG00000149115,19704
9122,GLYAT,ENSG00000149124,19747
9123,SERPING1,ENSG00000149131,19717
9124,OR5F1,ENSG00000149133,19673
9125,SSRP1,ENSG00000149136,19706
9126,SLC43A1,ENSG00000149150,19713
9127,PTPRJ,ENSG00000149177,19632
9129,ARFGAP2,ENSG00000149182,19605
9130,CELF1,ENSG00000149187,19620
9131,HIKESHI,ENSG00000149196,20399
9132,CCDC81,ENSG00000149201,20400
9133,SESN3,ENSG00000149212,20478
9134,ENDOD1,ENSG00000149218,20476
9135,CCDC82,ENSG00000149231,20487
9136,KLHL35,ENSG00000149243,20289
9137,TENM4,ENSG00000149256,20357
9138,SERPINH1,ENSG00000149257,20292
9139,CAPN5,ENSG00000149260,20326
9140,INTS4,ENSG00000149262,20341
9141,PAK1,ENSG00000149269,20330
9142,RPS3,ENSG00000149273,20288
9143,ZC3H12C,ENSG00000149289,20575
9144,TTC12,ENSG00000149292,20629
9145,NCAM1,ENSG00000149294,20626
9146,DRD2,ENSG00000149295,20633
9147,C11orf52,ENSG00000149300,20603
9148,HTR3B,ENSG00000149305,20640
9149,NPAT,ENSG00000149308,20562
9150,ATM,ENSG00000149311,20563
9151,AASDHPPT,ENSG00000149313,20544
9152,GLB1L2,ENSG00000149328,20961
9153,SLX4IP,ENSG00000149346,33042
9154,LAMTOR1,ENSG00000149357,20212
9155,P4HA3,ENSG00000149380,20264
9156,GRIK4,ENSG00000149403,20779
9157,ST14,ENSG00000149418,20923
9158,HYOU1,ENSG00000149428,20738
9159,GGTLC1,ENSG00000149435,33193
9161,ADAM33,ENSG00000149451,32960
9162,SLC22A8,ENSG00000149452,19900
9163,KAT14,ENSG00000149474,33102
9164,TKFC,ENSG00000149476,19822
9165,MTA2,ENSG00000149480,19865
9166,TMEM138,ENSG00000149483,19824
9167,FADS1,ENSG00000149485,19841
9168,TMC2,ENSG00000149488,32934
9169,ROM1,ENSG00000149489,19868
9170,EML3,ENSG00000149499,19866
9171,INCENP,ENSG00000149503,19848
9172,ZP1,ENSG00000149506,19805
9173,OOSP2,ENSG00000149507,19782
9174,MS4A3,ENSG00000149516,19783
9175,PLCH2,ENSG00000149527,106
9177,CPSF7,ENSG00000149532,19826
9178,MS4A2,ENSG00000149534,19784
9179,B3GAT3,ENSG00000149541,19869
9180,EI24,ENSG00000149547,20862
9181,CCDC15,ENSG00000149548,20852
9182,CHEK1,ENSG00000149554,20864
9183,FEZ1,ENSG00000149557,20860
9184,ESAM,ENSG00000149564,20840
9185,KIRREL3,ENSG00000149571,20892
9186,MPZL2,ENSG00000149573,20704
9187,SCN2B,ENSG00000149575,20701
9188,SIDT2,ENSG00000149577,20681
9189,TMEM25,ENSG00000149582,20716
9190,TAGLN,ENSG00000149591,20682
9191,JPH2,ENSG00000149596,33458
9192,DUSP15,ENSG00000149599,33260
9193,COMMD7,ENSG00000149600,33284
9194,C20orf144,ENSG00000149609,33305
9195,KIAA1755,ENSG00000149633,33401
9196,SPATA25,ENSG00000149634,33522
9197,OCSTAMP,ENSG00000149635,33541
9198,DSN1,ENSG00000149636,33377
9200,CNBD2,ENSG00000149646,33361
9201,SPINT4,ENSG00000149651,33513
9202,CDH22,ENSG00000149654,33536
9203,LSM14B,ENSG00000149657,33737
9204,YTHDF1,ENSG00000149658,33790
9205,CABLES2,ENSG00000149679,33749
9206,LTO1,ENSG00000149716,20162
9207,GPHA2,ENSG00000149735,19970
9208,SLC22A9,ENSG00000149742,19904
9209,TRPT1,ENSG00000149743,19929
9210,NUDT22,ENSG00000149761,19930
9211,FERMT3,ENSG00000149781,19928
9212,PLCB3,ENSG00000149782,19939
9213,MRPL49,ENSG00000149792,19987
9214,CDC42EP2,ENSG00000149798,19994
9215,FAU,ENSG00000149806,19985
9216,TM7SF2,ENSG00000149809,19982
9217,VPS51,ENSG00000149823,19980
9218,TBX6,ENSG00000149922,27133
9219,PPP4C,ENSG00000149923,27132
9220,ALDOA,ENSG00000149925,27130
9221,TLCD3B,ENSG00000149926,27128
9222,DOC2A,ENSG00000149927,27126
9223,HIRIP3,ENSG00000149929,27124
9224,TAOK2,ENSG00000149930,27123
9225,TMEM219,ENSG00000149932,27122
9226,HMGA2,ENSG00000149948,22055
9227,MMP3,ENSG00000149968,20522
9228,CNKSR2,ENSG00000149970,35447
9229,CNTN5,ENSG00000149972,20496
9230,KLRF1,ENSG00000150045,21209
9231,CLEC1A,ENSG00000150048,21221
9232,MKX,ENSG00000150051,17806
9233,MPP7,ENSG00000150054,17810
9235,ITGB1,ENSG00000150093,17853
9237,FXYD4,ENSG00000150201,17913
9238,TRIM48,ENSG00000150244,19652
9239,OR8K1,ENSG00000150261,19686
9240,OR5M9,ENSG00000150269,19690
9241,PCDH15,ENSG00000150275,18038
9242,CTF1,ENSG00000150281,27182
9243,CWC15,ENSG00000150316,20471
9244,FCGR1A,ENSG00000150337,1902
9245,ARID5B,ENSG00000150347,18077
9246,KLHL1,ENSG00000150361,23337
9247,CDH8,ENSG00000150394,27525
9248,DCUN1D2,ENSG00000150401,23663
9249,TMCO3,ENSG00000150403,23665
9250,TMEM218,ENSG00000150433,20854
9251,TIRAP,ENSG00000150455,20886
9252,EEF1AKMT1,ENSG00000150456,22934
9253,LATS2,ENSG00000150457,22937
9254,SAP18,ENSG00000150459,22939
9255,ADGRL3,ENSG00000150471,8386
9256,KIAA1328,ENSG00000150477,30460
9257,FAM124A,ENSG00000150510,23250
9259,MIA2,ENSG00000150527,24149
9260,HNMT,ENSG00000150540,4931
9261,LYPD1,ENSG00000150551,4903
9262,LYPD6B,ENSG00000150556,4983
9263,PDCD4,ENSG00000150593,18648
9264,ADRA2A,ENSG00000150594,18653
9265,GPM6A,ENSG00000150625,9242
9266,WDR17,ENSG00000150627,9244
9267,SPATA4,ENSG00000150628,9245
9268,VEGFC,ENSG00000150630,9250
9269,CCDC102B,ENSG00000150636,30715
9270,CD226,ENSG00000150637,30726
9271,CNDP1,ENSG00000150656,30762
9272,FSIP1,ENSG00000150667,25393
9273,DLG2,ENSG00000150672,20385
9274,CCDC83,ENSG00000150676,20394
9275,RGS18,ENSG00000150681,2663
9276,PRSS23,ENSG00000150687,20405
9277,MTMR12,ENSG00000150712,9652
9278,PPP1R1C,ENSG00000150722,5267
9280,CCT5,ENSG00000150753,9519
9281,ATPSCKMT,ENSG00000150756,9517
9282,DOCK1,ENSG00000150760,18822
9283,DIXDC1,ENSG00000150764,20604
9284,DLAT,ENSG00000150768,20606
9285,PIH1D2,ENSG00000150773,20607
9286,NKAPD1,ENSG00000150776,20608
9287,TIMM8B,ENSG00000150779,20609
9288,IL18,ENSG00000150782,20611
9289,TEX12,ENSG00000150783,20613
9290,PTS,ENSG00000150787,20615
9291,PIP4K2A,ENSG00000150867,17768
9292,C2orf50,ENSG00000150873,3558
9293,FREM2,ENSG00000150893,23115
9294,FOXO1,ENSG00000150907,23125
9295,CRIM1,ENSG00000150938,3833
9296,SEC24D,ENSG00000150961,8821
9297,ABCB9,ENSG00000150967,22720
9298,RILPL2,ENSG00000150977,22732
9299,DHX37,ENSG00000150990,22764
9300,UBC,ENSG00000150991,22763
9301,ITPR1,ENSG00000150995,5978
9302,TKTL2,ENSG00000151005,9155
9303,PRSS53,ENSG00000151006,27196
9304,SLC7A11,ENSG00000151012,8940
9305,NOCT,ENSG00000151014,8949
9306,ENKUR,ENSG00000151023,17784
9307,GPR158,ENSG00000151025,17788
9308,LYZL2,ENSG00000151033,17832
9309,CACNA2D4,ENSG00000151062,21006
9310,DCP1B,ENSG00000151065,21011
9311,CACNA1C,ENSG00000151067,21012
9312,KCNA6,ENSG00000151079,21065
9313,THRB,ENSG00000151090,6166
9314,NGLY1,ENSG00000151092,6173
9315,OXSM,ENSG00000151093,6174
9316,UEVLD,ENSG00000151116,19347
9317,TMEM86A,ENSG00000151117,19350
9319,TMEM263,ENSG00000151135,22436
9321,UBE3B,ENSG00000151148,22474
9322,ANK3,ENSG00000151150,18064
9323,IPMK,ENSG00000151151,18047
9324,RAD9B,ENSG00000151164,22495
9325,PLBD2,ENSG00000151176,22541
9326,DLG5,ENSG00000151208,18250
9327,MAT1A,ENSG00000151224,18288
9328,SLC2A13,ENSG00000151229,21527
9329,GXYLT1,ENSG00000151233,21541
9330,TWF1,ENSG00000151239,21558
9331,DIP2C,ENSG00000151240,17518
9332,EIF4E,ENSG00000151247,8666
9333,MAGI1,ENSG00000151276,6675
9334,TEX30,ENSG00000151287,23550
9335,CSNK1G3,ENSG00000151292,10380
9336,SRFBP1,ENSG00000151304,10360
9337,AKAP6,ENSG00000151320,24082
9338,NPAS3,ENSG00000151322,24084
9339,FAM177A1,ENSG00000151327,24098
9340,MBIP,ENSG00000151332,24116
9341,MIPOL1,ENSG00000151338,24129
9342,EXT2,ENSG00000151348,19545
9343,TMEM18,ENSG00000151353,3425
9344,ALLC,ENSG00000151360,3472
9345,KCTD14,ENSG00000151364,20343
9346,THRSP,ENSG00000151365,20345
9347,NDUFC2,ENSG00000151366,20346
9348,ME3,ENSG00000151376,20402
9349,MSGN1,ENSG00000151379,3613
9350,ADAMTS12,ENSG00000151388,9666
9351,NUBPL,ENSG00000151413,24072
9352,NEK7,ENSG00000151414,2701
9353,ATP6V1G3,ENSG00000151418,2703
9354,FER,ENSG00000151422,10266
9355,VIPAS39,ENSG00000151445,24605
9356,ANKRD50,ENSG00000151458,8871
9357,UPF2,ENSG00000151461,17661
9358,CDC123,ENSG00000151465,17665
9359,SCLT1,ENSG00000151466,8895
9360,CCDC3,ENSG00000151468,17670
9361,C4orf33,ENSG00000151470,8896
9362,FRMD4A,ENSG00000151474,17682
9363,SLC25A31,ENSG00000151475,8881
9364,PTPRO,ENSG00000151490,21325
9365,EPS8,ENSG00000151491,21326
9366,ACAD8,ENSG00000151498,20959
9367,THYN1,ENSG00000151500,20958
9368,VPS26B,ENSG00000151502,20957
9369,NCAPD3,ENSG00000151503,20955
9370,VTI1A,ENSG00000151532,18661
9371,QDPR,ENSG00000151552,8084
9373,ANO4,ENSG00000151572,22356
9374,TEX9,ENSG00000151575,25697
9375,QTRT2,ENSG00000151576,6939
9376,DRD3,ENSG00000151577,6940
9377,MMAA,ENSG00000151611,9010
9378,ZNF827,ENSG00000151612,9013
9379,POU4F2,ENSG00000151615,9021
9380,EDNRA,ENSG00000151617,9027
9381,NR3C2,ENSG00000151623,9033
9382,AKR1C2,ENSG00000151632,17578
9383,DPYSL4,ENSG00000151640,18866
9384,VENTX,ENSG00000151650,18885
9385,ADAM8,ENSG00000151651,18888
9386,ITIH2,ENSG00000151655,17626
9387,KIN,ENSG00000151657,17627
9388,PIGF,ENSG00000151665,3948
9389,ANKAR,ENSG00000151687,5312
9390,INPP1,ENSG00000151689,5321
9391,MFSD6,ENSG00000151690,5322
9392,RNF144A,ENSG00000151692,3497
9393,ASAP2,ENSG00000151693,3520
9394,ADAM17,ENSG00000151694,3524
9395,FLI1,ENSG00000151702,20907
9396,KCNJ1,ENSG00000151704,20909
9397,TMEM45B,ENSG00000151715,20918
9398,WWC2,ENSG00000151718,9283
9399,CENPU,ENSG00000151725,9309
9400,ACSL1,ENSG00000151726,9310
9401,SLC25A4,ENSG00000151729,9319
9402,AMN1,ENSG00000151743,21487
9403,BICD1,ENSG00000151746,21494
9404,SAV1,ENSG00000151748,24217
9405,CCDC122,ENSG00000151773,23157
9406,SERP2,ENSG00000151778,23168
9407,NBAS,ENSG00000151779,3587
9408,ZNF385D,ENSG00000151789,6155
9409,TDO2,ENSG00000151790,9114
9410,GUF1,ENSG00000151806,8260
9411,SLC35F4,ENSG00000151812,24317
9412,GABRA2,ENSG00000151834,8267
9413,SACS,ENSG00000151835,22956
9414,CCDC175,ENSG00000151838,24338
9415,PABPC3,ENSG00000151846,22979
9416,CENPJ,ENSG00000151849,22978
9417,FBXO4,ENSG00000151876,9750
9418,TMEM267,ENSG00000151881,9771
9419,CCL28,ENSG00000151882,9770
9420,PARP8,ENSG00000151883,9794
9421,GFRA1,ENSG00000151892,18691
9422,CACUL1,ENSG00000151893,18724
9423,DST,ENSG00000151914,12121
9424,BEND6,ENSG00000151917,12123
9425,TIAL1,ENSG00000151923,18736
9426,BAG3,ENSG00000151929,18737
9427,GLT1D1,ENSG00000151948,22813
9428,TMEM132D,ENSG00000151952,22814
9429,RBM46,ENSG00000151962,9102
9430,SCHIP1,ENSG00000151967,7440
9432,MCHR2,ENSG00000152034,12356
9434,KCNE4,ENSG00000152049,5685
9435,AP1S3,ENSG00000152056,5689
9436,RABGAP1L,ENSG00000152061,2505
9437,CCDC74B,ENSG00000152076,4860
9438,TLCD4,ENSG00000152078,1503
9439,MZT2B,ENSG00000152082,4862
9440,TUBA3E,ENSG00000152086,4863
9441,ASTN1,ENSG00000152092,2525
9442,CFC1B,ENSG00000152093,4869
9443,FAM168B,ENSG00000152102,4880
9444,PTPN14,ENSG00000152104,2970
9445,MGAT5,ENSG00000152127,4912
9446,TMEM163,ENSG00000152128,4913
9447,GPATCH11,ENSG00000152133,3839
9448,HSPB8,ENSG00000152137,22620
9449,GEMIN6,ENSG00000152147,3871
9450,TMEM178A,ENSG00000152154,3883
9451,POU4F1,ENSG00000152192,23393
9452,OBI1,ENSG00000152193,23394
9453,CYSLTR2,ENSG00000152207,23225
9454,GRID2,ENSG00000152208,8640
9455,ARL11,ENSG00000152213,23234
9456,RIT2,ENSG00000152214,30483
9457,SETBP1,ENSG00000152217,30489
9458,ARL14EP,ENSG00000152219,19433
9459,EPG5,ENSG00000152223,30501
9460,PSTPIP2,ENSG00000152229,30502
9461,ATP5F1A,ENSG00000152234,30503
9462,HAUS1,ENSG00000152240,30504
9464,SPC25,ENSG00000152253,5116
9465,G6PC2,ENSG00000152254,5117
9466,PDK1,ENSG00000152256,5163
9467,PTH,ENSG00000152266,19287
9468,PDE3B,ENSG00000152270,19299
9469,TCF7L1,ENSG00000152284,4315
9470,TGOLN2,ENSG00000152291,4317
9471,SH2D6,ENSG00000152292,4323
9472,KCNK13,ENSG00000152315,24695
9473,UHMK1,ENSG00000152332,2362
9474,ATG10,ENSG00000152348,10093
9475,POC5,ENSG00000152359,10031
9476,SPOCK1,ENSG00000152377,10536
9477,FAM151B,ENSG00000152380,10076
9478,TADA1,ENSG00000152382,2400
9479,GUCY1A2,ENSG00000152402,20549
9480,CWF19L2,ENSG00000152404,20551
9481,JMY,ENSG00000152409,10061
9482,HOMER1,ENSG00000152413,10062
9483,XRCC4,ENSG00000152422,10107
9484,BOLL,ENSG00000152430,5381
9485,ZNF547,ENSG00000152433,32803
9486,ZNF773,ENSG00000152439,32813
9487,ZNF776,ENSG00000152443,32826
9488,ZNF256,ENSG00000152454,32835
9489,SUV39H2,ENSG00000152455,17695
9490,DCLRE1C,ENSG00000152457,17696
9491,OLAH,ENSG00000152463,17698
9492,RPP38,ENSG00000152464,17701
9493,NMT2,ENSG00000152465,17702
9494,ZSCAN1,ENSG00000152467,32840
9495,ZNF837,ENSG00000152475,32858
9496,USP12,ENSG00000152484,22999
9497,CCDC50,ENSG00000152492,7724
9498,CAMK4,ENSG00000152495,10283
9499,TRIM36,ENSG00000152503,10311
9500,ZFP36L2,ENSG00000152518,3910
9501,PAN3,ENSG00000152520,23020
9502,PLEKHH2,ENSG00000152527,3914
9503,PFKM,ENSG00000152556,21615
9504,TMEM123,ENSG00000152558,20511
9505,GRIA4,ENSG00000152578,20540
9506,IGSF10,ENSG00000152580,7359
9507,SPEF2,ENSG00000152582,9683
9508,SPARCL1,ENSG00000152583,8599
9509,DSPP,ENSG00000152591,8601
9510,DMP1,ENSG00000152592,8602
9511,MEPE,ENSG00000152595,8604
9512,MBNL1,ENSG00000152601,7366
9513,CAPSL,ENSG00000152611,9686
9514,NADK2,ENSG00000152620,9692
9515,GPD1L,ENSG00000152642,6203
9516,GJA1,ENSG00000152661,12519
9517,CCNO,ENSG00000152669,9835
9518,DDX4,ENSG00000152670,9841
9519,CLEC4F,ENSG00000152672,4172
9520,SLC30A6,ENSG00000152683,3807
9521,PELO,ENSG00000152684,9806
9522,RASGRP3,ENSG00000152689,3821
9523,SAR1B,ENSG00000152700,10496
9524,CATSPER3,ENSG00000152705,10503
9526,GPR180,ENSG00000152749,23468
9529,ANKRD22,ENSG00000152766,18363
9530,FARP1,ENSG00000152767,23496
9531,IFIT5,ENSG00000152778,18377
9532,SLC16A12,ENSG00000152779,18378
9533,PANK1,ENSG00000152782,18380
9534,PRDM8,ENSG00000152784,8546
9535,BMP3,ENSG00000152785,8549
9536,HNRNPDL,ENSG00000152795,8556
9537,HHEX,ENSG00000152804,18414
9538,UTRN,ENSG00000152818,12716
9539,GRM1,ENSG00000152822,12726
9540,PTPRK,ENSG00000152894,12559
9541,GGPS1,ENSG00000152904,3234
9542,CNTNAP4,ENSG00000152910,27802
9543,ZNF117,ENSG00000152926,13659
9544,RAB3C,ENSG00000152932,9873
9545,LMNTD1,ENSG00000152936,21405
9546,MARVELD2,ENSG00000152939,9959
9547,RAD17,ENSG00000152942,9958
9548,MED21,ENSG00000152944,21428
9549,PLOD2,ENSG00000152952,7287
9550,STK32B,ENSG00000152953,7948
9551,NRSN1,ENSG00000152954,11432
9552,JAKMIP1,ENSG00000152969,7954
9553,ZIC1,ENSG00000152977,7297
9554,ADGRA3,ENSG00000152990,8109
9555,CPB1,ENSG00000153002,7309
9556,SREK1IP1,ENSG00000153006,9905
9557,LGI2,ENSG00000153012,8120
9558,CWC27,ENSG00000153015,9906
9559,MR1,ENSG00000153029,2571
9560,SRP19,ENSG00000153037,10298
9561,CENPH,ENSG00000153044,9952
9562,CDYL,ENSG00000153046,11267
9563,CARHSP1,ENSG00000153048,26754
9564,TEKT5,ENSG00000153060,26781
9565,BANK1,ENSG00000153064,8698
9566,TXNDC11,ENSG00000153066,26806
9567,DAB2,ENSG00000153071,9729
9568,ACMSD,ENSG00000153086,4916
9569,ACOXL,ENSG00000153093,4691
9570,BCL2L11,ENSG00000153094,4694
9571,ANAPC1,ENSG00000153107,4704
9572,CAST,ENSG00000153113,10210
9573,SCOC,ENSG00000153130,8964
9574,CLGN,ENSG00000153132,8966
9575,CETN3,ENSG00000153140,10151
9576,SMARCA5,ENSG00000153147,8990
9577,SYCP2L,ENSG00000153157,11329
9578,BMP6,ENSG00000153162,11301
9579,RGPD3,ENSG00000153165,4643
9580,RASSF3,ENSG00000153179,22034
9581,HNRNPU,ENSG00000153187,3321
9582,RANBP2,ENSG00000153201,4669
9583,AHCTF1,ENSG00000153207,3342
9584,MERTK,ENSG00000153208,4705
9585,TMEM87B,ENSG00000153214,4707
9586,OR14K1,ENSG00000153230,3366
9587,PTPRR,ENSG00000153233,22117
9588,NR4A2,ENSG00000153234,5029
9589,CCDC148,ENSG00000153237,5046
9590,PLA2R1,ENSG00000153246,5062
9591,RBMS1,ENSG00000153250,5066
9592,SCN3A,ENSG00000153253,5093
9593,FEZF2,ENSG00000153266,6647
9594,CD96,ENSG00000153283,6891
9595,SLC25A27,ENSG00000153291,12032
9596,ADGRF1,ENSG00000153292,12041
9597,ADGRF4,ENSG00000153294,12047
9598,FRMD1,ENSG00000153303,12961
9600,ASAP1,ENSG00000153317,15982
9601,TRAPPC8,ENSG00000153339,30405
9602,FAM81B,ENSG00000153347,10190
9603,INO80C,ENSG00000153391,30445
9604,LPCAT1,ENSG00000153395,9416
9605,PLEKHG4B,ENSG00000153404,9377
9606,NMRAL1,ENSG00000153406,26703
9607,UBALD1,ENSG00000153443,26709
9608,C16orf89,ENSG00000153446,26728
9610,ING1,ENSG00000153487,23613
9611,TEX29,ENSG00000153495,23626
9612,SPACA7,ENSG00000153498,23637
9613,ADPRHL1,ENSG00000153531,23662
9614,CMTM7,ENSG00000153551,6206
9615,FBXL2,ENSG00000153558,6218
9616,UBP1,ENSG00000153560,6219
9617,RMND5A,ENSG00000153561,4351
9618,CD8A,ENSG00000153563,4352
9619,RPIA,ENSG00000153574,4376
9622,GOLGA8F,ENSG00000153684,25269
9623,PTPRD,ENSG00000153707,16281
9624,LURAP1L,ENSG00000153714,16295
9625,CNKSR3,ENSG00000153721,12809
9626,GTF2E1,ENSG00000153767,6998
9627,CFDP1,ENSG00000153774,27778
9628,TGIF2LX,ENSG00000153779,35913
9629,ZDHHC7,ENSG00000153786,27920
9632,TMPRSS11D,ENSG00000153802,8408
9633,JAZF1,ENSG00000153814,13323
9634,CMIP,ENSG00000153815,27868
9635,SPHKAP,ENSG00000153820,5725
9636,KCNJ16,ENSG00000153822,29706
9637,PID1,ENSG00000153823,5729
9638,TRIP12,ENSG00000153827,5732
9639,FBXO36,ENSG00000153832,5733
9640,CEBPG,ENSG00000153879,31813
9641,KCTD15,ENSG00000153885,31817
9642,ZNF599,ENSG00000153896,31834
9643,MCOLN2,ENSG00000153898,1394
9644,LGI4,ENSG00000153902,31852
9645,DDAH1,ENSG00000153904,1401
9646,SREK1,ENSG00000153914,9922
9647,CHD1,ENSG00000153922,10231
9648,ANKFN1,ENSG00000153930,29483
9649,DGKE,ENSG00000153933,29487
9650,HS2ST1,ENSG00000153936,1419
9651,MSI2,ENSG00000153944,29500
9652,CACNA2D1,ENSG00000153956,13796
9653,ZUP1,ENSG00000153975,12494
9654,HS3ST3A1,ENSG00000153976,28455
9655,GDPD1,ENSG00000153982,29545
9656,NUS1,ENSG00000153989,12505
9657,SEMA3D,ENSG00000153993,13804
9658,PPP2R5E,ENSG00000154001,24376
9659,ASB17,ENSG00000154007,1328
9660,GRAP,ENSG00000154016,28577
9661,SLC5A10,ENSG00000154025,28574
9662,AK5,ENSG00000154027,1338
9664,CABYR,ENSG00000154040,30341
9665,IMPACT,ENSG00000154059,30346
9666,ANKRD29,ENSG00000154065,30334
9667,SDHAF4,ENSG00000154079,12168
9668,CHST9,ENSG00000154080,30372
9669,THY1,ENSG00000154096,20760
9670,DNAAF1,ENSG00000154099,27898
9671,C16orf74,ENSG00000154102,27933
9672,TBCEL,ENSG00000154114,20781
9673,JPH3,ENSG00000154118,27987
9674,ANKH,ENSG00000154122,9548
9675,OTULIN,ENSG00000154124,9547
9676,UBASH3B,ENSG00000154127,20793
9677,ROBO4,ENSG00000154133,20847
9678,ROBO3,ENSG00000154134,20845
9679,PANX3,ENSG00000154143,20833
9680,TBRG1,ENSG00000154144,20834
9681,NRGN,ENSG00000154146,20837
9682,RETREG1,ENSG00000154153,9562
9683,CDH12,ENSG00000154162,9601
9684,GPR15,ENSG00000154165,6813
9685,TOMM70,ENSG00000154174,6831
9686,ABI3BP,ENSG00000154175,6836
9687,ANGPT1,ENSG00000154188,15816
9688,PITPNC1,ENSG00000154217,29667
9689,CC2D1B,ENSG00000154222,1087
9690,CERS3,ENSG00000154227,26397
9691,PRKCA,ENSG00000154229,29654
9692,LRRK1,ENSG00000154237,26408
9693,CEP112,ENSG00000154240,29652
9694,GAL3ST2,ENSG00000154252,5937
9695,ABCA9,ENSG00000154258,29695
9696,ABCA6,ENSG00000154262,29696
9697,ABCA10,ENSG00000154263,29697
9698,ABCA5,ENSG00000154265,29699
9699,ENPP3,ENSG00000154269,12577
9700,C4orf19,ENSG00000154274,8180
9701,UCHL1,ENSG00000154277,8231
9702,MIA3,ENSG00000154305,3034
9703,DISP1,ENSG00000154309,3041
9704,TNIK,ENSG00000154310,7520
9705,FAM167A,ENSG00000154319,14864
9706,NEIL2,ENSG00000154328,14872
9707,PGM5,ENSG00000154330,16648
9708,WNT3A,ENSG00000154342,3111
9709,OBSCN,ENSG00000154358,3122
9710,LONRF1,ENSG00000154359,14895
9711,TRIM11,ENSG00000154370,3128
9712,ENAH,ENSG00000154380,3069
9713,PPP1R3A,ENSG00000154415,14128
9714,CCSAP,ENSG00000154429,3145
9715,ASZ1,ENSG00000154438,14159
9716,SH3RF1,ENSG00000154447,9188
9717,GBP5,ENSG00000154451,1438
9718,BUB3,ENSG00000154473,18778
9719,GPR26,ENSG00000154478,18783
9721,MMP21,ENSG00000154485,18811
9722,C10orf90,ENSG00000154493,18820
9723,DIPK1A,ENSG00000154511,1476
9724,ATP5MC3,ENSG00000154518,5188
9725,CNTNAP3B,ENSG00000154529,16590
9727,MAGED4,ENSG00000154545,35704
9728,SRSF12,ENSG00000154548,12299
9729,PDLIM3,ENSG00000154553,9329
9730,SORBS2,ENSG00000154556,9330
9731,ELOC,ENSG00000154582,15505
9732,LY96,ENSG00000154589,15507
9733,PSMA8,ENSG00000154611,30360
9734,TMSB4Y,ENSG00000154620,36496
9735,CXADR,ENSG00000154639,33928
9736,BTG3,ENSG00000154640,33929
9737,C21orf91,ENSG00000154642,33933
9738,CHODL,ENSG00000154645,33936
9739,TMPRSS15,ENSG00000154646,33938
9740,NCAM2,ENSG00000154654,33950
9741,L3MBTL4,ENSG00000154655,30155
9742,PDE1C,ENSG00000154678,13372
9743,RABGEF1,ENSG00000154710,13675
9744,MRPL39,ENSG00000154719,33985
9745,JAM2,ENSG00000154721,33986
9746,ATP5PF,ENSG00000154723,33988
9747,GABPA,ENSG00000154727,33989
9748,ADAMTS1,ENSG00000154734,34000
9749,ADAMTS5,ENSG00000154736,34002
9750,TSEN2,ENSG00000154743,6070
9751,SLFN13,ENSG00000154760,28882
9752,WNT7A,ENSG00000154764,6085
9753,XPC,ENSG00000154767,6090
9755,CCDC174,ENSG00000154781,6098
9756,FGD5,ENSG00000154783,6103
9757,FLCN,ENSG00000154803,28529
9758,DPH3,ENSG00000154813,6123
9759,OXNAD1,ENSG00000154814,6124
9760,PLCL2,ENSG00000154822,6135
9761,CXXC1,ENSG00000154832,30555
9762,SKA1,ENSG00000154839,30557
9763,PPP4R1,ENSG00000154845,30199
9764,APCDD1,ENSG00000154856,30215
9765,PIEZO2,ENSG00000154864,30221
9766,MPPE1,ENSG00000154889,30238
9767,USP43,ENSG00000154914,28404
9768,RAB6B,ENSG00000154917,7177
9769,EME1,ENSG00000154920,29424
9770,EPHB1,ENSG00000154928,7186
9771,ACSS1,ENSG00000154930,33204
9772,ANKRD40,ENSG00000154945,29441
9773,ZNF18,ENSG00000154957,28440
9774,CA10,ENSG00000154975,29464
9775,VOPP1,ENSG00000154978,13600
9776,SEPTIN14,ENSG00000154997,13604
9777,APOOL,ENSG00000155008,35902
9778,DKK2,ENSG00000155011,8744
9779,CYP2U1,ENSG00000155016,8749
9780,RSPH10B,ENSG00000155026,13118
9781,FBXL18,ENSG00000155034,13109
9782,CNTNAP5,ENSG00000155052,4815
9783,PROM2,ENSG00000155066,4474
9784,AK9,ENSG00000155085,12422
9785,ODF1,ENSG00000155087,15773
9786,KLF10,ENSG00000155090,15774
9787,PTPRN2,ENSG00000155093,14685
9788,AZIN1,ENSG00000155096,15777
9789,ATP6V1C1,ENSG00000155097,15782
9790,PIP4P2,ENSG00000155099,15638
9791,OTUD6B,ENSG00000155100,15642
9792,CDK19,ENSG00000155111,12434
9793,GTF3C6,ENSG00000155115,12436
9795,TTC39B,ENSG00000155158,16313
9796,AGPAT5,ENSG00000155189,14762
9797,MMS19,ENSG00000155229,18478
9798,OR4K1,ENSG00000155249,23713
9799,PI4K2A,ENSG00000155252,18484
9800,MARVELD1,ENSG00000155254,18486
9801,ZFYVE27,ENSG00000155256,18487
9802,GOLGA7B,ENSG00000155265,18490
9803,GPR78,ENSG00000155269,7996
9804,TRMT44,ENSG00000155275,7993
9806,SLC25A28,ENSG00000155287,18505
9807,HSPA13,ENSG00000155304,33906
9808,SAMSN1,ENSG00000155307,33907
9809,USP25,ENSG00000155313,33919
9810,GRAMD2B,ENSG00000155324,10398
9811,ZCCHC10,ENSG00000155329,10470
9812,C16orf87,ENSG00000155330,27304
9813,MOV10,ENSG00000155363,1700
9814,RHOC,ENSG00000155366,1702
9815,PPM1J,ENSG00000155367,1703
9816,DBI,ENSG00000155368,4781
9817,SLC16A1,ENSG00000155380,1708
9818,HEATR3,ENSG00000155393,27346
9819,TRIM74,ENSG00000155428,13699
9820,NIFK,ENSG00000155438,4805
9821,OXA1L,ENSG00000155463,23926
9822,SLC7A7,ENSG00000155465,23927
9823,MAGEC1,ENSG00000155495,36271
9824,LARP1,ENSG00000155506,10852
9825,CNOT8,ENSG00000155508,10854
9826,GRIA1,ENSG00000155511,10841
9827,LRGUK,ENSG00000155530,14308
9828,SETD9,ENSG00000155542,9857
9829,MIER3,ENSG00000155545,9858
9830,NUP205,ENSG00000155561,14329
9831,ZKSCAN2,ENSG00000155592,27029
9832,C9orf85,ENSG00000155621,16681
9833,XAGE2,ENSG00000155622,35707
9834,PIK3AP1,ENSG00000155629,18464
9835,RBM45,ENSG00000155636,5231
9837,TTN,ENSG00000155657,5239
9838,VSIG4,ENSG00000155659,35783
9839,PDIA4,ENSG00000155660,14548
9840,KDM8,ENSG00000155666,27042
9841,PDZD9,ENSG00000155714,26970
9842,OTOA,ENSG00000155719,26965
9843,KCTD18,ENSG00000155729,5400
9845,FLACC1,ENSG00000155749,5419
9846,C2CD6,ENSG00000155754,5422
9847,TMEM237,ENSG00000155755,5423
9848,FZD7,ENSG00000155760,5429
9849,SPAG17,ENSG00000155761,1776
9850,DEPTOR,ENSG00000155792,15881
9851,FMN2,ENSG00000155816,3273
9852,RNF20,ENSG00000155827,16957
9853,CYLC2,ENSG00000155833,16961
9854,PPARGC1B,ENSG00000155846,10789
9855,ELMO1,ENSG00000155849,13423
9856,SLC26A2,ENSG00000155850,10791
9857,LSM11,ENSG00000155858,10882
9858,MED7,ENSG00000155868,10867
9859,SAXO1,ENSG00000155875,16328
9860,RRAGA,ENSG00000155876,16329
9861,SLC24A2,ENSG00000155886,16340
9862,TRIM42,ENSG00000155890,7242
9863,PXYLP1,ENSG00000155893,7248
9864,ADCY8,ENSG00000155897,15987
9865,RASA2,ENSG00000155903,7252
9866,RMND1,ENSG00000155906,12787
9867,RAET1L,ENSG00000155918,12772
9868,SLA,ENSG00000155926,16004
9869,TMBIM4,ENSG00000155957,22062
9870,VBP1,ENSG00000155959,36433
9871,RAB39B,ENSG00000155961,36434
9872,CLIC2,ENSG00000155962,36435
9873,AFF2,ENSG00000155966,36295
9874,MICU3,ENSG00000155970,14915
9875,GRIP1,ENSG00000155974,22066
9876,VPS37A,ENSG00000155975,14919
9877,KIF5A,ENSG00000155980,21967
9879,NAT2,ENSG00000156006,14938
9880,MAGEA8,ENSG00000156009,36311
9881,PSD3,ENSG00000156011,14939
9882,CARNMT1,ENSG00000156017,16701
9883,MCU,ENSG00000156026,18176
9885,CFAP70,ENSG00000156042,18191
9886,GNA14,ENSG00000156049,16715
9887,FAM161B,ENSG00000156050,24523
9888,GNAQ,ENSG00000156052,16717
9889,WIF1,ENSG00000156076,22046
9890,UGT2B4,ENSG00000156096,8423
9891,GPR61,ENSG00000156097,1618
9892,MMP16,ENSG00000156103,15620
9893,ADK,ENSG00000156110,18219
9894,KCNMA1,ENSG00000156113,18244
9895,BATF,ENSG00000156127,24563
9896,DCK,ENSG00000156136,8452
9897,ADAMTS3,ENSG00000156140,8457
9898,ALX3,ENSG00000156150,1640
9899,DPY19L4,ENSG00000156162,15682
9900,NDUFAF6,ENSG00000156170,15687
9901,DRAM2,ENSG00000156171,1667
9903,PPEF2,ENSG00000156194,8504
9904,CFAP161,ENSG00000156206,26123
9905,ADAMTSL3,ENSG00000156218,26169
9906,ART3,ENSG00000156219,8509
9907,SLC28A1,ENSG00000156222,26188
9908,WHAMM,ENSG00000156232,26152
9909,CXCL13,ENSG00000156234,8527
9910,N6AMT1,ENSG00000156239,34013
9911,RWDD2B,ENSG00000156253,34015
9912,USP16,ENSG00000156256,34017
9913,CCT8,ENSG00000156261,34018
9914,MAP3K7CL,ENSG00000156265,34021
9915,NAA11,ENSG00000156269,8538
9916,BACH1,ENSG00000156273,34024
9917,CLDN17,ENSG00000156282,34034
9918,CLDN8,ENSG00000156284,34036
9919,TSPAN7,ENSG00000156298,35532
9920,TIAM1,ENSG00000156299,34070
9921,SCAF4,ENSG00000156304,34076
9922,RPGR,ENSG00000156313,35530
9923,CDK20,ENSG00000156345,16785
9924,PCGF6,ENSG00000156374,18594
9925,ANKRD9,ENSG00000156381,24900
9926,SFR1,ENSG00000156384,18614
9927,SORCS3,ENSG00000156395,18625
9928,SFXN2,ENSG00000156398,18582
9930,FUT6,ENSG00000156413,31102
9931,TDRD9,ENSG00000156414,24937
9932,FGF18,ENSG00000156427,10985
9933,PCDH1,ENSG00000156453,10699
9934,SH3RF2,ENSG00000156463,10731
9935,GDF6,ENSG00000156466,15700
9936,UQCRB,ENSG00000156467,15701
9937,MTERF3,ENSG00000156469,15703
9938,PTDSS1,ENSG00000156471,15704
9939,PPP2R2B,ENSG00000156475,10743
9940,RPL30,ENSG00000156482,15716
9941,KCNS2,ENSG00000156486,15723
9943,SUPV3L1,ENSG00000156502,18124
9945,EEF1A1,ENSG00000156508,12196
9946,FBXO43,ENSG00000156509,15737
9947,HKDC1,ENSG00000156510,18126
9948,HK1,ENSG00000156515,18128
9949,TYSND1,ENSG00000156521,18140
9950,PHF6,ENSG00000156531,36193
9951,CD109,ENSG00000156535,12200
9952,LRFN2,ENSG00000156564,11906
9953,NODAL,ENSG00000156574,18146
9954,PRG3,ENSG00000156575,19708
9955,UBE2L6,ENSG00000156587,19716
9956,ZDHHC5,ENSG00000156599,19721
9957,MED19,ENSG00000156603,19722
9958,ZFAND3,ENSG00000156639,11886
9959,NPTN,ENSG00000156642,25960
9960,KAT6B,ENSG00000156650,18222
9961,SAMD8,ENSG00000156671,18228
9962,RAB11FIP1,ENSG00000156675,15172
9963,UNC5D,ENSG00000156687,15149
9964,GLYATL2,ENSG00000156689,19748
9965,UTP14A,ENSG00000156697,36161
9966,AIFM1,ENSG00000156709,36164
9967,MAPK13,ENSG00000156711,11850
9968,BAG4,ENSG00000156735,15184
9969,MS4A1,ENSG00000156738,19793
9970,TBC1D31,ENSG00000156787,15905
9972,ATAD2,ENSG00000156802,15912
9973,FBXO32,ENSG00000156804,15914
9974,NSMCE2,ENSG00000156831,15944
9975,ZNF689,ENSG00000156853,27168
9976,PRR14,ENSG00000156858,27169
9977,FBRS,ENSG00000156860,27170
9978,FRRS1,ENSG00000156869,1532
9979,PHKG2,ENSG00000156873,27174
9980,MFSD14A,ENSG00000156875,1536
9981,SASS6,ENSG00000156876,1538
9982,COX6A2,ENSG00000156885,27216
9983,ITGAD,ENSG00000156886,27214
9984,ADGRG4,ENSG00000156920,36235
9985,ZIC3,ENSG00000156925,36246
9986,MALSU1,ENSG00000156928,13256
9987,VPS8,ENSG00000156931,7653
9988,GALK2,ENSG00000156958,25608
9989,LHFPL4,ENSG00000156959,6016
9990,B3GNT7,ENSG00000156966,5757
9991,MPV17L,ENSG00000156968,26864
9992,BUB1B,ENSG00000156970,25405
9993,PDE6D,ENSG00000156973,5766
9994,EIF4A2,ENSG00000156976,7680
9995,BRPF1,ENSG00000156983,6020
9996,RPUSD3,ENSG00000156990,6027
9997,SST,ENSG00000157005,7694
9998,TATDN2,ENSG00000157014,6045
9999,GHRL,ENSG00000157017,6047
10000,SEC13,ENSG00000157020,6049
10001,EXOG,ENSG00000157036,6257
10002,NTAN1,ENSG00000157045,26860
10003,SHCBP1L,ENSG00000157060,2596
10004,NMNAT2,ENSG00000157064,2600
10005,ZFYVE9,ENSG00000157077,1086
10006,ATP2B2,ENSG00000157087,6050
10007,LYZL4,ENSG00000157093,6300
10008,SLC6A1,ENSG00000157103,6057
10009,SMG1,ENSG00000157106,26904
10010,FCHO2,ENSG00000157107,9990
10011,RBPMS,ENSG00000157110,15115
10012,TMEM171,ENSG00000157111,9991
10013,KLHL40,ENSG00000157119,6309
10014,C8A,ENSG00000157131,1170
10015,TIMP4,ENSG00000157150,6068
10016,NRG1,ENSG00000157168,15130
10017,ODR4,ENSG00000157181,2635
10018,CPT2,ENSG00000157184,1106
10019,NECAP2,ENSG00000157191,388
10020,LRP8,ENSG00000157193,1112
10021,CDCP2,ENSG00000157211,1130
10022,PAXIP1,ENSG00000157212,14641
10023,STEAP2,ENSG00000157214,13833
10024,SSBP3,ENSG00000157216,1134
10025,HTR5A,ENSG00000157219,14646
10026,CLDN12,ENSG00000157224,13839
10027,MMP14,ENSG00000157227,23929
10028,FZD1,ENSG00000157240,13843
10029,GATAD1,ENSG00000157259,13856
10030,SUSD3,ENSG00000157303,16837
10031,TMED6,ENSG00000157315,27671
10032,CLEC18A,ENSG00000157322,27683
10033,DHRS4,ENSG00000157326,23976
10035,CLEC18C,ENSG00000157335,27686
10036,ARMC12,ENSG00000157343,11842
10037,DDX19B,ENSG00000157349,27689
10038,ST3GAL2,ENSG00000157350,27693
10039,FCSK,ENSG00000157353,27695
10041,IL34,ENSG00000157368,27698
10042,DHRS1,ENSG00000157379,24007
10043,CACNA1D,ENSG00000157388,6575
10045,KIT,ENSG00000157404,8327
10046,HYDIN,ENSG00000157423,27704
10047,AASDH,ENSG00000157426,8349
10048,ZNF19,ENSG00000157429,27714
10049,CACNA2D3,ENSG00000157445,6584
10050,RNF111,ENSG00000157450,25736
10051,CCNB2,ENSG00000157456,25739
10052,FAM81A,ENSG00000157470,25746
10053,MYO1E,ENSG00000157483,25742
10054,APPL1,ENSG00000157500,6607
10055,PWWP3B,ENSG00000157502,36013
10056,AFAP1L1,ENSG00000157510,10777
10057,TSC22D3,ENSG00000157514,36026
10058,VPS26C,ENSG00000157538,34173
10059,DYRK1A,ENSG00000157540,34177
10060,KCNJ6,ENSG00000157542,34179
10061,KCNJ15,ENSG00000157551,34184
10062,ERG,ENSG00000157554,34188
10063,ETS2,ENSG00000157557,34191
10064,TSPAN18,ENSG00000157570,19553
10065,LCA5L,ENSG00000157578,34207
10066,SLC35B2,ENSG00000157593,12012
10067,TMEM164,ENSG00000157600,36043
10068,MX1,ENSG00000157601,34226
10069,CREB3L1,ENSG00000157613,19588
10070,C2CD2,ENSG00000157617,34240
10071,TAB3,ENSG00000157625,35501
10072,SLC38A10,ENSG00000157637,29965
10073,C9orf43,ENSG00000157653,17056
10075,ZNF618,ENSG00000157657,17061
10076,DGKI,ENSG00000157680,14344
10077,TMEM268,ENSG00000157693,17071
10078,SVOPL,ENSG00000157703,14350
10079,SNX22,ENSG00000157734,25811
10080,UBN2,ENSG00000157741,14357
10081,BRAF,ENSG00000157764,14376
10082,SLC34A2,ENSG00000157765,8128
10083,ACAN,ENSG00000157766,26220
10084,PSMG3,ENSG00000157778,13062
10085,CABP1,ENSG00000157782,22654
10086,WDR19,ENSG00000157796,8204
10087,SLC37A3,ENSG00000157800,14368
10088,AP3S2,ENSG00000157823,26246
10089,FMNL2,ENSG00000157827,5011
10091,GAREM2,ENSG00000157833,3701
10092,SPPL3,ENSG00000157837,22663
10093,DPYSL5,ENSG00000157851,3715
10094,DRC1,ENSG00000157856,3707
10095,RAB28,ENSG00000157869,8046
10096,PRXL2B,ENSG00000157870,115
10097,TNFRSF14,ENSG00000157873,113
10098,PANK4,ENSG00000157881,109
10099,CIB4,ENSG00000157884,3710
10100,MEGF11,ENSG00000157890,25851
10101,C12orf43,ENSG00000157895,22667
10102,PEX10,ENSG00000157911,105
10103,RER1,ENSG00000157916,104
10104,RADIL,ENSG00000157927,13096
10105,SKI,ENSG00000157933,99
10107,WIPI2,ENSG00000157954,13101
10108,LDLRAP1,ENSG00000157978,568
10109,AGAP1,ENSG00000157985,5825
10110,KRTCAP3,ENSG00000157992,3749
10111,ANKRD61,ENSG00000157999,13122
10112,PAFAH2,ENSG00000158006,580
10113,EXTL1,ENSG00000158008,581
10114,SLC30A2,ENSG00000158014,582
10115,BABAM2,ENSG00000158019,3762
10116,TRIM63,ENSG00000158022,584
10118,MRPL17,ENSG00000158042,19174
10119,DUSP2,ENSG00000158050,4487
10120,GRHL3,ENSG00000158055,543
10121,UBXN11,ENSG00000158062,594
10122,NLRP14,ENSG00000158077,19186
10123,PTPDC1,ENSG00000158079,16851
10124,GALNT14,ENSG00000158089,3793
10125,NCK1,ENSG00000158092,7200
10126,HPD,ENSG00000158104,22688
10127,RHPN1,ENSG00000158106,16102
10128,TPRG1L,ENSG00000158109,136
10129,LRRC43,ENSG00000158113,22698
10130,PRXL2C,ENSG00000158122,16894
10131,XDH,ENSG00000158125,3797
10132,XKR8,ENSG00000158156,644
10133,CNNM4,ENSG00000158158,4503
10134,EYA3,ENSG00000158161,645
10135,DZIP1L,ENSG00000158163,7208
10136,TMSB15A,ENSG00000158164,35963
10137,FANCC,ENSG00000158169,16869
10138,MRAS,ENSG00000158186,7213
10139,WASF2,ENSG00000158195,625
10140,ABHD3,ENSG00000158201,30309
10141,ESYT3,ENSG00000158220,7214
10142,FAIM,ENSG00000158234,7216
10143,TENT5B,ENSG00000158246,615
10144,CLSTN2,ENSG00000158258,7238
10145,COLEC12,ENSG00000158270,30080
10146,RNF207,ENSG00000158286,172
10147,CUL4B,ENSG00000158290,36113
10148,GPR153,ENSG00000158292,176
10149,SLC13A3,ENSG00000158296,33542
10150,GPRASP2,ENSG00000158301,35969
10151,RHBDL2,ENSG00000158315,844
10152,AUTS2,ENSG00000158321,13692
10153,SHROOM4,ENSG00000158352,35686
10155,CDC25C,ENSG00000158402,10552
10157,MITD1,ENSG00000158411,4549
10158,EIF5B,ENSG00000158417,4554
10159,RIBC1,ENSG00000158423,35727
10160,TMSB15B,ENSG00000158427,36001
10161,CATIP,ENSG00000158428,5596
10162,CNOT11,ENSG00000158435,4576
10163,KCNB1,ENSG00000158445,33583
10164,TSPAN33,ENSG00000158457,14254
10165,NRG2,ENSG00000158458,10588
10166,AHCYL2,ENSG00000158467,14257
10167,B4GALT5,ENSG00000158470,33585
10168,CD1D,ENSG00000158473,2235
10169,CD1A,ENSG00000158477,2237
10170,SPATA2,ENSG00000158480,33587
10171,CD1C,ENSG00000158481,2238
10173,CD1B,ENSG00000158485,2239
10174,DNAH3,ENSG00000158486,26952
10175,CD1E,ENSG00000158488,2240
10176,HMHB1,ENSG00000158497,10721
10177,CPA2,ENSG00000158516,14273
10178,NCF1,ENSG00000158517,13734
10179,CPA5,ENSG00000158525,14275
10180,TSR2,ENSG00000158526,35734
10181,PPP1R9A,ENSG00000158528,13885
10182,ZC3H18,ENSG00000158545,28009
10183,ZFAND2B,ENSG00000158552,5632
10184,POM121L2,ENSG00000158553,11524
10185,GDPD5,ENSG00000158555,20290
10186,DYNC1I1,ENSG00000158560,13895
10187,PFKFB1,ENSG00000158571,35740
10188,ALAS2,ENSG00000158578,35742
10189,TMED4,ENSG00000158604,13509
10190,PPP1R15B,ENSG00000158615,2805
10191,COPG2,ENSG00000158623,14282
10192,EMSY,ENSG00000158636,20312
10193,PAGE5,ENSG00000158639,35747
10194,GPAT4,ENSG00000158669,15232
10195,PKD1L1,ENSG00000158683,13546
10196,ZSCAN12,ENSG00000158691,11565
10197,TAGLN2,ENSG00000158710,2279
10198,ELK4,ENSG00000158711,2828
10199,SLAMF8,ENSG00000158714,2272
10200,SLC45A3,ENSG00000158715,2829
10201,DUSP23,ENSG00000158716,2270
10202,RNF166,ENSG00000158717,28015
10203,NBL1,ENSG00000158747,441
10204,HTR6,ENSG00000158748,442
10205,ITLN2,ENSG00000158764,2312
10206,F11R,ENSG00000158769,2313
10207,USF1,ENSG00000158773,2315
10208,PLA2G2F,ENSG00000158786,451
10209,SPATA2L,ENSG00000158792,28060
10210,NIT1,ENSG00000158793,2321
10211,DEDD,ENSG00000158796,2322
10212,ZNF276,ENSG00000158805,28063
10213,NPM2,ENSG00000158806,14969
10214,EDA,ENSG00000158813,35796
10215,FGF17,ENSG00000158815,14970
10216,VWA5B1,ENSG00000158816,458
10217,CDA,ENSG00000158825,467
10218,PINK1,ENSG00000158828,468
10219,B4GALT3,ENSG00000158850,2327
10220,DMTN,ENSG00000158856,14971
10221,ADAMTS4,ENSG00000158859,2328
10223,NDUFS2,ENSG00000158864,2329
10224,SLC5A11,ENSG00000158865,27021
10225,FCER1G,ENSG00000158869,2330
10226,APOA2,ENSG00000158874,2331
10227,TOMM40L,ENSG00000158882,2332
10228,MPZ,ENSG00000158887,2335
10229,WFDC8,ENSG00000158901,33507
10230,CCAR2,ENSG00000158941,14993
10231,WNT9B,ENSG00000158955,29297
10232,CACHD1,ENSG00000158966,1235
10233,CDC42SE2,ENSG00000158985,10432
10234,RAPGEF6,ENSG00000158987,10433
10235,EPB41,ENSG00000159023,666
10236,MIS18A,ENSG00000159055,34082
10237,ALG8,ENSG00000159063,20347
10238,FBXW5,ENSG00000159069,17458
10239,CFAP298,ENSG00000159079,34090
10240,SYNJ1,ENSG00000159082,34091
10241,PAXBP1,ENSG00000159086,34093
10242,IFNAR2,ENSG00000159110,34105
10243,MRPL10,ENSG00000159111,29319
10245,IFNGR2,ENSG00000159128,34109
10246,GART,ENSG00000159131,34113
10247,SON,ENSG00000159140,34114
10248,DONSON,ENSG00000159147,34115
10249,SV2A,ENSG00000159164,1917
10250,LAD1,ENSG00000159166,2735
10251,STC1,ENSG00000159167,15027
10252,TNNI1,ENSG00000159173,2737
10253,CSRP1,ENSG00000159176,2740
10254,PRAC1,ENSG00000159182,29362
10255,HOXB13,ENSG00000159184,29364
10256,C1QC,ENSG00000159189,501
10257,KCNE2,ENSG00000159197,34126
10258,ATP5MC1,ENSG00000159199,29368
10259,RCAN1,ENSG00000159200,34133
10260,UBE2Z,ENSG00000159202,29369
10261,CIART,ENSG00000159208,1930
10262,SNF8,ENSG00000159210,29370
10263,CLIC6,ENSG00000159212,34134
10264,CCDC24,ENSG00000159214,962
10265,RUNX1,ENSG00000159216,34137
10266,IGF2BP1,ENSG00000159217,29374
10267,GIP,ENSG00000159224,29372
10268,CBR1,ENSG00000159228,34145
10269,CBR3,ENSG00000159231,34149
10271,GJD2,ENSG00000159248,25348
10272,ACTC1,ENSG00000159251,25350
10273,MORC3,ENSG00000159256,34152
10274,CHAF1B,ENSG00000159259,34154
10275,CLDN14,ENSG00000159261,34157
10276,SIM2,ENSG00000159263,34162
10277,HLCS,ENSG00000159267,34163
10278,GOLGA6A,ENSG00000159289,25973
10279,SCUBE1,ENSG00000159307,35146
10280,ARHGAP27,ENSG00000159314,29271
10281,ADPGK,ENSG00000159322,25952
10282,PTMS,ENSG00000159335,21115
10283,PLA2G4D,ENSG00000159337,25479
10284,PADI4,ENSG00000159339,413
10285,ADIPOR1,ENSG00000159346,2769
10286,CYB5R1,ENSG00000159348,2770
10287,PSMD4,ENSG00000159352,1968
10288,ATP13A2,ENSG00000159363,406
10289,M1AP,ENSG00000159374,4252
10290,PSMB4,ENSG00000159377,1977
10291,IRX6,ENSG00000159387,27425
10292,BTG2,ENSG00000159388,2782
10293,CES5A,ENSG00000159398,27435
10294,HK2,ENSG00000159399,4257
10295,C1R,ENSG00000159403,21138
10296,CELF3,ENSG00000159409,1984
10297,ALDH4A1,ENSG00000159423,428
10298,STARD9,ENSG00000159433,25492
10299,THEM4,ENSG00000159445,2001
10300,TCHH,ENSG00000159450,2008
10301,LCE2B,ENSG00000159455,2026
10302,UBR1,ENSG00000159459,25499
10303,AMFR,ENSG00000159461,27443
10304,MED8,ENSG00000159479,944
10305,TGM7,ENSG00000159495,25506
10306,RGL4,ENSG00000159496,34684
10307,SPRR2G,ENSG00000159516,2052
10308,PGLYRP3,ENSG00000159527,2057
10309,ISL2,ENSG00000159556,26043
10310,RSPRY1,ENSG00000159579,27474
10311,CCDC17,ENSG00000159588,995
10312,GPBP1L1,ENSG00000159592,996
10313,NAE1,ENSG00000159593,27567
10314,TMEM69,ENSG00000159596,997
10315,ADGRG5,ENSG00000159618,27487
10316,DRC7,ENSG00000159625,27492
10317,ACE,ENSG00000159640,29610
10319,UROC1,ENSG00000159650,7075
10320,EFCAB14,ENSG00000159658,1023
10321,SPON2,ENSG00000159674,7880
10322,CHCHD6,ENSG00000159685,7080
10323,CTBP1,ENSG00000159692,7883
10324,LRRC36,ENSG00000159708,27594
10325,TPPP3,ENSG00000159713,27595
10326,ZDHHC1,ENSG00000159714,27596
10327,ATP6V0D1,ENSG00000159720,27599
10328,AGRP,ENSG00000159723,27601
10329,ZFYVE28,ENSG00000159733,7908
10330,CARMIL2,ENSG00000159753,27611
10331,C16orf86,ENSG00000159761,27615
10332,PIP,ENSG00000159763,14493
10333,FAM131B,ENSG00000159784,14502
10334,RGS12,ENSG00000159788,7925
10335,PSKH1,ENSG00000159792,27625
10336,ZYX,ENSG00000159840,14505
10337,ABR,ENSG00000159842,28108
10338,LYPD5,ENSG00000159871,32194
10339,CCDC117,ENSG00000159873,34789
10340,ZNF230,ENSG00000159882,32207
10341,CCDC107,ENSG00000159884,16508
10342,ZNF222,ENSG00000159885,32209
10343,NPR2,ENSG00000159899,16519
10344,ZNF221,ENSG00000159905,32202
10345,ZNF233,ENSG00000159915,32220
10346,ZNF235,ENSG00000159917,32219
10347,GNE,ENSG00000159921,16533
10348,TNFRSF13C,ENSG00000159958,35110
10349,OR3A3,ENSG00000159961,28175
10350,ARHGAP35,ENSG00000160007,32326
10351,PTGIR,ENSG00000160013,32315
10352,CALM3,ENSG00000160014,32313
10353,DFFA,ENSG00000160049,254
10354,CCDC28B,ENSG00000160050,717
10355,IQCC,ENSG00000160051,719
10356,TMEM234,ENSG00000160055,721
10357,BSDC1,ENSG00000160058,730
10358,ZBTB8A,ENSG00000160062,732
10359,ATAD3B,ENSG00000160072,70
10360,SSU72,ENSG00000160075,73
10361,UBE2J2,ENSG00000160087,48
10362,ZNF362,ENSG00000160094,750
10363,FNDC5,ENSG00000160097,740
10364,CPAMD8,ENSG00000160111,31529
10365,NR2F6,ENSG00000160113,31540
10366,ANKLE1,ENSG00000160117,31543
10368,VMA21,ENSG00000160131,36325
10369,KALRN,ENSG00000160145,7042
10370,CILP2,ENSG00000160161,31639
10371,ABCG1,ENSG00000160179,34245
10372,TFF3,ENSG00000160180,34246
10373,TFF2,ENSG00000160181,34247
10374,TFF1,ENSG00000160182,34248
10375,TMPRSS3,ENSG00000160183,34249
10376,UBASH3A,ENSG00000160185,34250
10377,RSPH1,ENSG00000160188,34251
10378,SLC37A1,ENSG00000160190,34252
10379,PDE9A,ENSG00000160191,34258
10380,WDR4,ENSG00000160193,34263
10381,NDUFV3,ENSG00000160194,34264
10382,PKNOX1,ENSG00000160199,34267
10383,CBS,ENSG00000160200,34268
10384,U2AF1,ENSG00000160201,34269
10385,CRYAA,ENSG00000160202,34273
10386,HSF2BP,ENSG00000160207,34281
10387,RRP1B,ENSG00000160208,34283
10388,PDXK,ENSG00000160209,34284
10389,G6PD,ENSG00000160211,36415
10390,CSTB,ENSG00000160213,34286
10391,RRP1,ENSG00000160214,34287
10392,AGPAT3,ENSG00000160216,34289
10393,TRAPPC10,ENSG00000160218,34290
10394,GAB3,ENSG00000160219,36422
10396,ICOSLG,ENSG00000160223,34297
10397,AIRE,ENSG00000160224,34302
10398,CFAP410,ENSG00000160226,34305
10399,ZNF66,ENSG00000160229,31664
10400,LRRC3,ENSG00000160233,34312
10401,ITGB2,ENSG00000160255,34340
10403,RALGDS,ENSG00000160271,17355
10404,FTCD,ENSG00000160282,34381
10405,SPATC1L,ENSG00000160284,34383
10406,LSS,ENSG00000160285,34385
10407,VAV2,ENSG00000160293,17377
10408,MCM3AP,ENSG00000160294,34388
10409,C21orf58,ENSG00000160298,34392
10410,PCNT,ENSG00000160299,34393
10411,DIP2A,ENSG00000160305,34395
10412,S100B,ENSG00000160307,34397
10413,PRMT2,ENSG00000160310,34398
10414,CLDND2,ENSG00000160318,32545
10415,ZNF208,ENSG00000160321,31682
10416,ADAMTS13,ENSG00000160323,17367
10417,CACFD1,ENSG00000160325,17368
10418,SLC2A6,ENSG00000160326,17369
10419,FCN2,ENSG00000160339,17392
10421,LCN1,ENSG00000160349,17405
10422,ZNF714,ENSG00000160352,31668
10423,GPSM1,ENSG00000160360,17426
10424,C19orf47,ENSG00000160392,32074
10425,HIPK4,ENSG00000160396,32076
10426,CFAP157,ENSG00000160401,17214
10427,TOR2A,ENSG00000160404,17216
10428,ST6GALNAC6,ENSG00000160408,17224
10429,SHKBP1,ENSG00000160410,32084
10430,RDH13,ENSG00000160439,32698
10431,ZER1,ENSG00000160445,17265
10432,ZDHHC12,ENSG00000160446,17263
10433,PKN3,ENSG00000160447,17262
10434,SPTBN4,ENSG00000160460,32083
10435,BRSK1,ENSG00000160469,32713
10436,COX6B2,ENSG00000160471,32718
10437,TMEM190,ENSG00000160472,32721
10438,NLRP4,ENSG00000160505,32753
10439,PLPP7,ENSG00000160539,17331
10440,TAOK1,ENSG00000160551,28737
10441,MED27,ENSG00000160563,17340
10442,DEDD2,ENSG00000160570,32144
10443,SIK3,ENSG00000160584,20678
10444,MPZL3,ENSG00000160588,20703
10445,JAML,ENSG00000160593,20702
10446,NEK8,ENSG00000160602,28710
10447,TLCD1,ENSG00000160606,28709
10448,PCSK7,ENSG00000160613,20683
10449,SAFB,ENSG00000160633,31093
10450,CD3G,ENSG00000160654,20707
10451,S100A1,ENSG00000160678,2075
10452,CHTOP,ENSG00000160679,2077
10453,CXCR5,ENSG00000160683,20726
10454,ZBTB7B,ENSG00000160685,2127
10455,FLAD1,ENSG00000160688,2125
10456,SHC1,ENSG00000160691,2123
10457,VPS11,ENSG00000160695,20741
10458,NLRX1,ENSG00000160703,20748
10459,ADAR,ENSG00000160710,2115
10460,IL6R,ENSG00000160712,2106
10461,UBE2Q1,ENSG00000160714,2110
10462,CHRNB2,ENSG00000160716,2113
10463,CRTC2,ENSG00000160741,2088
10464,ANO10,ENSG00000160746,6330
10465,FDPS,ENSG00000160752,2150
10466,RUSC1,ENSG00000160753,2152
10468,PAQR6,ENSG00000160781,2181
10469,PMF1,ENSG00000160783,2179
10470,SLC25A44,ENSG00000160785,2178
10471,LMNA,ENSG00000160789,2176
10472,CCR5,ENSG00000160791,6377
10473,NBEAL2,ENSG00000160796,6393
10474,CCDC12,ENSG00000160799,6392
10475,PTH1R,ENSG00000160801,6391
10476,UBQLN4,ENSG00000160803,2172
10477,MYL3,ENSG00000160808,6390
10478,PPP1R35,ENSG00000160813,13970
10479,GPATCH4,ENSG00000160818,2196
10480,LRRC71,ENSG00000160838,2218
10482,FCRL3,ENSG00000160856,2226
10483,AZGP1,ENSG00000160862,13942
10484,FGFR4,ENSG00000160867,11074
10485,CYP3A4,ENSG00000160868,13935
10486,CYP3A7,ENSG00000160870,13934
10487,NACC1,ENSG00000160877,31399
10488,CYP11B1,ENSG00000160882,16087
10489,HK3,ENSG00000160883,11070
10490,LY6K,ENSG00000160886,16074
10491,IER2,ENSG00000160888,31403
10492,ZNF394,ENSG00000160908,13927
10493,CPSF4,ENSG00000160917,13924
10494,LY6E,ENSG00000160932,16090
10495,VPS28,ENSG00000160948,16164
10496,TONSL,ENSG00000160949,16165
10497,PTGER1,ENSG00000160951,31443
10498,PWWP3A,ENSG00000160953,30920
10499,RECQL4,ENSG00000160957,16175
10500,LRRC14,ENSG00000160959,16177
10501,ZNF333,ENSG00000160961,31450
10502,PPP1R16A,ENSG00000160972,16171
10503,FOXH1,ENSG00000160973,16170
10504,ORAI2,ENSG00000160991,14027
10505,ALKBH4,ENSG00000160993,14028
10507,SH2B2,ENSG00000160999,14023
10508,MRNIP,ENSG00000161010,11145
10509,SQSTM1,ENSG00000161011,11144
10510,MGAT4B,ENSG00000161013,11143
10511,RPL8,ENSG00000161016,16186
10512,MAML1,ENSG00000161021,11141
10513,PGLYRP2,ENSG00000161031,31474
10514,LRWD1,ENSG00000161036,14029
10515,FBXL13,ENSG00000161040,14042
10516,NAPEPLD,ENSG00000161048,14047
10517,SCGB3A1,ENSG00000161055,11157
10518,PSMC2,ENSG00000161057,14050
10519,CELF5,ENSG00000161082,31011
10520,MFSD12,ENSG00000161091,31018
10523,YDJC,ENSG00000161179,34558
10524,CCDC116,ENSG00000161180,34559
10525,DVL3,ENSG00000161202,7629
10526,AP2M1,ENSG00000161203,7630
10527,ABCF3,ENSG00000161204,7631
10528,PCYT1A,ENSG00000161217,7795
10529,FBXO27,ENSG00000161243,32028
10530,DMKN,ENSG00000161249,31873
10531,U2AF1L4,ENSG00000161265,31892
10532,BDH1,ENSG00000161267,7829
10533,NPHS1,ENSG00000161270,31902
10534,THAP8,ENSG00000161277,31916
10535,COX7A1,ENSG00000161281,31923
10536,ZNF382,ENSG00000161298,31938
10538,LRRC56,ENSG00000161328,18943
10539,PLXDC1,ENSG00000161381,28991
10540,PGAP3,ENSG00000161395,29009
10541,IKZF3,ENSG00000161405,29013
10542,GRIN2C,ENSG00000161509,29770
10543,FDXR,ENSG00000161513,29771
10544,SAP30BP,ENSG00000161526,29807
10545,ACOX1,ENSG00000161533,29823
10546,PRPSAP1,ENSG00000161542,29837
10547,CYGB,ENSG00000161544,29842
10548,SRSF2,ENSG00000161547,29858
10549,ZNF577,ENSG00000161551,32570
10550,TMEM143,ENSG00000161558,32373
10555,KLHL10,ENSG00000161594,29120
10557,HCRT,ENSG00000161610,29137
10558,ALDH16A1,ENSG00000161618,32443
10559,DCD,ENSG00000161634,21852
10560,ITGA5,ENSG00000161638,21844
10561,SIGLEC11,ENSG00000161640,32476
10562,ZNF385A,ENSG00000161642,21843
10563,MPP3,ENSG00000161647,29202
10564,CD300LG,ENSG00000161649,29203
10565,IZUMO2,ENSG00000161652,32483
10566,NAGS,ENSG00000161653,29211
10567,LSM12,ENSG00000161654,29213
10568,ASB16,ENSG00000161664,29218
10569,EMC10,ENSG00000161671,32494
10570,JOSD2,ENSG00000161677,32497
10571,SHANK1,ENSG00000161681,32503
10572,FAM171A2,ENSG00000161682,29232
10573,DBF4B,ENSG00000161692,29241
10574,PLCD3,ENSG00000161714,29257
10575,FMNL3,ENSG00000161791,21674
10576,AQP5,ENSG00000161798,21686
10577,RACGAP1,ENSG00000161800,21688
10578,OR7G1,ENSG00000161807,31223
10579,LARP4,ENSG00000161813,21699
10581,RAVER1,ENSG00000161847,31274
10582,KRT84,ENSG00000161849,21749
10583,KRT82,ENSG00000161850,21751
10584,SYCE2,ENSG00000161860,31386
10585,SPC24,ENSG00000161888,31300
10586,IP6K3,ENSG00000161896,11806
10587,LEMD2,ENSG00000161904,11807
10588,ALOX15,ENSG00000161905,28213
10589,TREML1,ENSG00000161911,11916
10590,ZNF653,ENSG00000161914,31320
10591,MED11,ENSG00000161920,28218
10592,CXCL16,ENSG00000161921,28220
10593,SCIMP,ENSG00000161929,28253
10595,BCL6B,ENSG00000161940,28292
10596,ASGR2,ENSG00000161944,28296
10597,TNFSF13,ENSG00000161955,28333
10598,SENP3,ENSG00000161956,28334
10599,FGF11,ENSG00000161958,28325
10600,EIF4A1,ENSG00000161960,28335
10601,RPL26,ENSG00000161970,28382
10602,CCDC42,ENSG00000161973,28386
10603,POLR3K,ENSG00000161980,26432
10604,SNRNP25,ENSG00000161981,26433
10605,PRR35,ENSG00000161992,26460
10606,WDR90,ENSG00000161996,26468
10607,JMJD8,ENSG00000161999,26474
10608,CCDC78,ENSG00000162004,26481
10609,MSLNL,ENSG00000162006,26485
10610,SSTR5,ENSG00000162009,26501
10611,SPSB3,ENSG00000162032,26549
10612,MEIOB,ENSG00000162039,26554
10613,HS3ST6,ENSG00000162040,26558
10614,TEDC2,ENSG00000162062,26602
10615,CCNF,ENSG00000162063,26598
10616,TBC1D24,ENSG00000162065,26605
10617,AMDHD2,ENSG00000162066,26608
10618,NTN3,ENSG00000162068,26604
10619,BICDL2,ENSG00000162069,26647
10620,PAQR4,ENSG00000162073,26637
10621,FLYWCH2,ENSG00000162076,26632
10622,ZG16B,ENSG00000162078,26628
10623,ZNF75A,ENSG00000162086,26667
10624,ADCY9,ENSG00000162104,26688
10625,SHANK2,ENSG00000162105,20184
10626,CLPB,ENSG00000162129,20222
10627,NEU3,ENSG00000162139,20279
10628,CYB561A3,ENSG00000162144,19823
10630,ASRGL1,ENSG00000162174,19856
10631,GNG3,ENSG00000162188,19879
10632,UBXN1,ENSG00000162191,19876
10633,LBHD1,ENSG00000162194,19873
10634,TTC9C,ENSG00000162222,19881
10635,TAF6L,ENSG00000162227,19885
10636,NXF1,ENSG00000162231,19889
10637,STX5,ENSG00000162236,19890
10638,SLC25A45,ENSG00000162241,19998
10639,RPL29,ENSG00000162244,6536
10640,ITIH3,ENSG00000162267,6564
10642,SYVN1,ENSG00000162298,19986
10643,ZFPL1,ENSG00000162300,19978
10644,RPS6KA4,ENSG00000162302,19949
10645,LRP5,ENSG00000162337,20134
10646,TPCN2,ENSG00000162341,20149
10647,FGF19,ENSG00000162344,20163
10648,CYP4A22,ENSG00000162365,1029
10649,PDZK1IP1,ENSG00000162366,1031
10650,TAL1,ENSG00000162367,1032
10651,CMPK1,ENSG00000162368,1035
10652,BEND5,ENSG00000162373,1052
10653,ELAVL4,ENSG00000162374,1057
10654,COA7,ENSG00000162377,1096
10655,ZYG11B,ENSG00000162378,1097
10656,SLC1A7,ENSG00000162383,1104
10657,CZIB,ENSG00000162384,1108
10658,MAGOH,ENSG00000162385,1110
10659,ACOT11,ENSG00000162390,1140
10660,FAM151A,ENSG00000162391,1141
10661,PARS2,ENSG00000162396,1145
10663,BSND,ENSG00000162399,1156
10664,USP24,ENSG00000162402,1158
10665,PLPP3,ENSG00000162407,1166
10666,NOL9,ENSG00000162408,184
10667,PRKAA2,ENSG00000162409,1167
10668,KLHL21,ENSG00000162413,187
10669,ZSWIM5,ENSG00000162415,984
10670,GMEB1,ENSG00000162419,662
10671,SLC45A1,ENSG00000162426,215
10672,SELENON,ENSG00000162430,572
10673,AK4,ENSG00000162433,1240
10674,JAK1,ENSG00000162434,1237
10675,RAVER2,ENSG00000162437,1236
10676,CTRC,ENSG00000162438,351
10677,LZIC,ENSG00000162441,241
10678,RBP7,ENSG00000162444,245
10679,KNCN,ENSG00000162456,1017
10680,FBLIM1,ENSG00000162458,367
10681,TMEM82,ENSG00000162460,366
10682,SLC25A34,ENSG00000162461,364
10683,AKR7A3,ENSG00000162482,435
10684,DRAXIN,ENSG00000162490,281
10685,PDPN,ENSG00000162493,336
10686,LRRC38,ENSG00000162494,334
10687,DHRS3,ENSG00000162496,300
10688,MATN1,ENSG00000162510,680
10689,LAPTM5,ENSG00000162511,683
10690,SDC3,ENSG00000162512,687
10691,PEF1,ENSG00000162517,699
10692,SYNC,ENSG00000162520,735
10693,RBBP4,ENSG00000162521,734
10695,TSSK3,ENSG00000162526,728
10696,TMCO4,ENSG00000162542,443
10697,UBXN10,ENSG00000162543,455
10698,CAMK2N1,ENSG00000162545,464
10699,ALPL,ENSG00000162551,482
10700,WNT4,ENSG00000162552,495
10701,TTLL10,ENSG00000162571,41
10702,SCNN1D,ENSG00000162572,50
10703,MXRA8,ENSG00000162576,58
10704,FAAP20,ENSG00000162585,97
10705,MEGF6,ENSG00000162591,134
10706,CCDC27,ENSG00000162592,141
10707,IL23R,ENSG00000162594,1259
10708,DIRAS3,ENSG00000162595,1266
10709,C1orf87,ENSG00000162598,1196
10710,NFIA,ENSG00000162599,1200
10711,OMA1,ENSG00000162600,1177
10712,MYSM1,ENSG00000162601,1180
10713,TM2D1,ENSG00000162604,1205
10714,USP1,ENSG00000162607,1210
10715,FUBP1,ENSG00000162613,1346
10716,NEXN,ENSG00000162614,1345
10717,DNAJB4,ENSG00000162616,1347
10718,ADGRL4,ENSG00000162618,1355
10719,LRRIQ3,ENSG00000162620,1308
10720,LRRC53,ENSG00000162621,1313
10721,TYW3,ENSG00000162623,1318
10722,LHX8,ENSG00000162624,1322
10723,SNX7,ENSG00000162627,1526
10724,B3GALT2,ENSG00000162630,2675
10725,NTNG1,ENSG00000162631,1580
10727,HENMT1,ENSG00000162639,1591
10728,AKNAD1,ENSG00000162641,1597
10729,C1orf52,ENSG00000162642,1398
10731,GBP2,ENSG00000162645,1433
10732,ATXN7L2,ENSG00000162650,1615
10733,GBP4,ENSG00000162654,1436
10734,ZNF326,ENSG00000162664,1450
10735,HFM1,ENSG00000162669,1462
10736,BRINP3,ENSG00000162670,2653
10737,GFI1,ENSG00000162676,1473
10738,KCNT2,ENSG00000162687,2685
10739,AGL,ENSG00000162688,1533
10740,VCAM1,ENSG00000162692,1551
10741,EXTL2,ENSG00000162694,1552
10742,SLC30A7,ENSG00000162695,1554
10743,ZNF281,ENSG00000162702,2717
10744,ARPC5,ENSG00000162704,2607
10745,CADM3,ENSG00000162706,2260
10746,NLRP3,ENSG00000162711,3354
10747,ZNF496,ENSG00000162714,3351
10748,TRIM58,ENSG00000162722,3370
10749,SLAMF9,ENSG00000162723,2281
10750,OR2M5,ENSG00000162727,3380
10751,KCNJ9,ENSG00000162728,2286
10752,IGSF8,ENSG00000162729,2287
10753,DDR2,ENSG00000162733,2366
10754,PEA15,ENSG00000162734,2292
10755,PEX19,ENSG00000162735,2295
10756,NCSTN,ENSG00000162736,2297
10757,VANGL2,ENSG00000162738,2299
10758,SLAMF6,ENSG00000162739,2300
10759,OLFML2B,ENSG00000162745,2354
10760,FCRLB,ENSG00000162746,2350
10761,FCGR3B,ENSG00000162747,2346
10762,SLC9C2,ENSG00000162753,2490
10763,KLHDC9,ENSG00000162755,2319
10764,C1orf74,ENSG00000162757,2902
10765,LMX1A,ENSG00000162761,2379
10766,LRRC52,ENSG00000162763,2384
10767,FLVCR1,ENSG00000162769,2955
10769,ATF3,ENSG00000162772,2946
10770,RBM15,ENSG00000162775,1649
10771,DENND2D,ENSG00000162777,1671
10772,AXDND1,ENSG00000162779,2545
10773,TDRD5,ENSG00000162782,2549
10774,IER5,ENSG00000162783,2572
10775,SNED1,ENSG00000162804,5912
10776,BPNT1,ENSG00000162813,3004
10777,SPATA17,ENSG00000162814,2982
10778,C1orf115,ENSG00000162817,3011
10779,BROX,ENSG00000162819,3037
10780,NBPF20,ENSG00000162825,1834
10781,ACP6,ENSG00000162836,1870
10782,WDR64,ENSG00000162843,3290
10783,KIF26B,ENSG00000162849,3325
10784,TFB2M,ENSG00000162851,3334
10785,CNST,ENSG00000162852,3335
10786,PPP1R21,ENSG00000162869,3974
10787,KLHDC8A,ENSG00000162873,2821
10788,PM20D1,ENSG00000162877,2835
10789,PKDCC,ENSG00000162878,3896
10790,OXER1,ENSG00000162881,3902
10791,HAAO,ENSG00000162882,3903
10792,B3GALNT2,ENSG00000162885,3238
10794,MAPKAPK2,ENSG00000162889,2854
10795,IL20,ENSG00000162891,2857
10796,IL24,ENSG00000162892,2858
10797,FCMR,ENSG00000162894,2859
10798,PIGR,ENSG00000162896,2860
10799,FCAMR,ENSG00000162897,2861
10800,CAPN2,ENSG00000162909,3049
10801,MRPL55,ENSG00000162910,3115
10802,OBSCN-AS1,ENSG00000162913,3121
10803,WDR26,ENSG00000162923,3058
10804,REL,ENSG00000162924,4046
10805,PUS10,ENSG00000162927,4048
10806,PEX13,ENSG00000162928,4049
10808,TRIM17,ENSG00000162931,3131
10809,RFTN2,ENSG00000162944,5377
10810,DISC1,ENSG00000162946,3184
10811,CAPN13,ENSG00000162949,3791
10812,LRRTM1,ENSG00000162951,4299
10813,MEMO1,ENSG00000162959,3802
10814,DPY30,ENSG00000162961,3803
10815,TYW5,ENSG00000162971,5395
10816,MAIP1,ENSG00000162972,5396
10817,KCNF1,ENSG00000162975,3556
10818,SLC66A3,ENSG00000162976,3559
10819,ARL5A,ENSG00000162980,5005
10820,LRATD1,ENSG00000162981,3584
10821,KCNJ3,ENSG00000162989,5024
10822,NEUROD1,ENSG00000162992,5262
10823,CLHC1,ENSG00000162994,4011
10824,FRZB,ENSG00000162998,5271
10825,DUSP19,ENSG00000162999,5273
10826,CFAP36,ENSG00000163001,4017
10827,NUP35,ENSG00000163002,5275
10828,CCDC138,ENSG00000163006,4670
10830,ZSWIM2,ENSG00000163012,5296
10831,FBXO41,ENSG00000163013,4202
10832,ACTG2,ENSG00000163017,4217
10833,WDCP,ENSG00000163026,3671
10834,SMC6,ENSG00000163029,3611
10835,VSNL1,ENSG00000163032,3610
10836,CCDC74A,ENSG00000163040,4889
10838,ANKRD30BL,ENSG00000163046,4898
10839,COQ8A,ENSG00000163050,3096
10840,SLC16A14,ENSG00000163053,5735
10841,TEKT4,ENSG00000163060,4465
10842,EN1,ENSG00000163064,4774
10844,SGCB,ENSG00000163069,8297
10845,SPATA18,ENSG00000163071,8299
10846,NOSTRIN,ENSG00000163072,5115
10847,CFAP221,ENSG00000163075,4785
10848,CCDC140,ENSG00000163081,5678
10849,SGPP2,ENSG00000163082,5680
10850,INHBB,ENSG00000163083,4793
10851,XIRP2,ENSG00000163092,5107
10852,BBS5,ENSG00000163093,5122
10854,SMARCAD1,ENSG00000163104,8645
10855,HPGDS,ENSG00000163106,8646
10856,PDLIM5,ENSG00000163110,8648
10858,PDHA2,ENSG00000163114,8654
10859,STPG2,ENSG00000163116,8658
10860,RPRD2,ENSG00000163125,1933
10861,ANKRD23,ENSG00000163126,4506
10862,CTSS,ENSG00000163131,1944
10863,MSX1,ENSG00000163132,7946
10864,PACRGL,ENSG00000163138,8100
10865,BNIPL,ENSG00000163141,1955
10866,C1QTNF7,ENSG00000163145,8063
10867,TNFAIP8L2,ENSG00000163154,1962
10868,LYSMD1,ENSG00000163155,1964
10869,SCNM1,ENSG00000163156,1963
10870,TMOD4,ENSG00000163157,1965
10871,VPS72,ENSG00000163159,1966
10872,ERCC3,ENSG00000163161,4830
10873,RNF149,ENSG00000163162,4577
10874,IWS1,ENSG00000163166,4836
10875,BOLA3,ENSG00000163170,4223
10876,CDC42EP3,ENSG00000163171,3852
10877,S100A11,ENSG00000163191,2006
10878,LCE3D,ENSG00000163202,2020
10879,SMCP,ENSG00000163206,2039
10880,IVL,ENSG00000163207,2040
10881,SPRR3,ENSG00000163209,2045
10882,DHX57,ENSG00000163214,3872
10883,SPRR2D,ENSG00000163216,2047
10884,BMP10,ENSG00000163217,4141
10885,PGLYRP4,ENSG00000163218,2058
10886,ARHGAP25,ENSG00000163219,4138
10887,S100A9,ENSG00000163220,2059
10888,S100A12,ENSG00000163221,2060
10889,TGFA,ENSG00000163235,4166
10890,TDRD10,ENSG00000163239,2109
10891,CCNYL1,ENSG00000163249,5492
10892,FZD5,ENSG00000163251,5494
10893,CRYGC,ENSG00000163254,5498
10894,DCAF16,ENSG00000163257,8090
10896,NPPC,ENSG00000163273,5769
10897,GNPDA2,ENSG00000163281,8261
10898,ALPP,ENSG00000163283,5772
10899,GABRG1,ENSG00000163285,8265
10900,ALPG,ENSG00000163286,5774
10901,GABRB1,ENSG00000163288,8271
10902,PAQR3,ENSG00000163291,8536
10903,NIPAL1,ENSG00000163293,8282
10904,ALPI,ENSG00000163295,5776
10905,ANTXR2,ENSG00000163297,8544
10906,HELQ,ENSG00000163312,8572
10907,MRPS18C,ENSG00000163319,8573
10908,CGGBP1,ENSG00000163320,6775
10909,ABRAXAS1,ENSG00000163322,8574
10910,GPR155,ENSG00000163328,5179
10911,DAPL1,ENSG00000163331,5050
10912,PMVK,ENSG00000163344,2118
10913,PBXIP1,ENSG00000163346,2120
10914,CLDN1,ENSG00000163347,7714
10915,PYGO2,ENSG00000163348,2121
10916,HIPK1,ENSG00000163349,1723
10917,LENEP,ENSG00000163352,2126
10918,DCST2,ENSG00000163354,2128
10919,DCST1,ENSG00000163357,2129
10920,COL6A3,ENSG00000163359,5841
10921,INAVA,ENSG00000163362,2724
10922,YY1AP1,ENSG00000163374,2159
10923,KBTBD8,ENSG00000163376,6684
10924,TAFA4,ENSG00000163377,6690
10925,EOGT,ENSG00000163378,6691
10926,LMOD3,ENSG00000163380,6696
10927,NAXE,ENSG00000163382,2195
10929,POGLUT1,ENSG00000163389,6975
10930,SLC22A15,ENSG00000163393,1747
10931,CCKAR,ENSG00000163394,8135
10932,IGFN1,ENSG00000163395,2731
10933,ATP1A1,ENSG00000163399,1752
10934,SLC15A2,ENSG00000163406,7011
10935,EIF4E3,ENSG00000163412,6711
10936,PROK2,ENSG00000163421,6713
10937,TEX55,ENSG00000163424,6968
10938,LRRC58,ENSG00000163428,6991
10939,FSTL1,ENSG00000163430,6993
10940,LMOD1,ENSG00000163431,2749
10941,ELF3,ENSG00000163435,2753
10942,PDCL2,ENSG00000163440,8340
10943,TMEM183A,ENSG00000163444,2771
10944,TMEM169,ENSG00000163449,5556
10945,IGFBP7,ENSG00000163453,8363
10946,TRIM46,ENSG00000163462,2138
10947,KRTCAP2,ENSG00000163463,2137
10948,CXCR1,ENSG00000163464,5588
10949,ARPC2,ENSG00000163466,5589
10950,TSACC,ENSG00000163467,2187
10951,CCT3,ENSG00000163468,2186
10952,TMEM79,ENSG00000163472,2183
10953,SSR2,ENSG00000163479,2171
10954,RNF25,ENSG00000163481,5608
10955,STK36,ENSG00000163482,5609
10956,ADORA1,ENSG00000163485,2774
10958,NEK10,ENSG00000163491,6178
10959,CCDC141,ENSG00000163492,5248
10960,FEV,ENSG00000163497,5621
10961,CRYBA2,ENSG00000163499,5622
10962,IHH,ENSG00000163501,5625
10963,CIP2A,ENSG00000163507,6874
10964,EOMES,ENSG00000163508,6182
10965,CWC22,ENSG00000163510,5252
10966,AZI2,ENSG00000163512,6187
10967,TGFBR2,ENSG00000163513,6196
10968,RETNLB,ENSG00000163515,6876
10969,ANKZF1,ENSG00000163516,5636
10970,HDAC11,ENSG00000163517,6082
10971,FCRL4,ENSG00000163518,2225
10972,TRAT1,ENSG00000163519,6877
10973,FBLN2,ENSG00000163520,6083
10974,GLB1L,ENSG00000163521,5637
10975,STT3B,ENSG00000163527,6199
10976,CHCHD4,ENSG00000163528,6087
10977,DPPA2,ENSG00000163530,6884
10978,NFASC,ENSG00000163531,2813
10979,FCRL1,ENSG00000163534,2229
10980,SGO2,ENSG00000163535,5401
10981,SERPINI1,ENSG00000163536,7477
10982,CLASP2,ENSG00000163539,6220
10983,SUCLG1,ENSG00000163541,4308
10984,NUAK2,ENSG00000163545,2820
10985,SPTA1,ENSG00000163554,2250
10986,PRKCI,ENSG00000163558,7506
10987,MNDA,ENSG00000163563,2256
10988,PYHIN1,ENSG00000163564,2257
10989,IFI16,ENSG00000163565,2258
10990,AIM2,ENSG00000163568,2259
10991,EFHB,ENSG00000163576,6147
10992,EIF5A2,ENSG00000163577,7517
10993,SLC2A2,ENSG00000163581,7519
10994,RPL22L1,ENSG00000163584,7516
10995,FABP1,ENSG00000163586,4368
10996,PPM1L,ENSG00000163590,7451
10997,ICA1L,ENSG00000163596,5441
10998,CTLA4,ENSG00000163599,5450
10999,ICOS,ENSG00000163600,5451
11000,RYBP,ENSG00000163602,6723
11001,PPP4R2,ENSG00000163605,6728
11002,CD200R1,ENSG00000163606,6915
11003,GTPBP8,ENSG00000163607,6917
11004,NEPRO,ENSG00000163608,6918
11005,SPICE1,ENSG00000163611,6926
11006,CCDC191,ENSG00000163617,6936
11007,CADPS,ENSG00000163618,6648
11008,NKX6-1,ENSG00000163623,8579
11009,CDS1,ENSG00000163624,8580
11010,WDFY3,ENSG00000163625,8581
11011,COX18,ENSG00000163626,8459
11012,PTPN13,ENSG00000163629,8588
11013,SYNPR,ENSG00000163630,6650
11014,ALB,ENSG00000163631,8462
11015,C3orf49,ENSG00000163632,6653
11016,C4orf36,ENSG00000163633,8590
11017,THOC7,ENSG00000163634,6654
11018,ATXN7,ENSG00000163635,6657
11019,PSMD6,ENSG00000163636,6661
11020,PRICKLE2,ENSG00000163637,6666
11021,ADAMTS9,ENSG00000163638,6671
11022,PPM1K,ENSG00000163644,8609
11023,ERICH6,ENSG00000163645,7343
11024,CLRN1,ENSG00000163646,7351
11025,GMPS,ENSG00000163655,7398
11026,TIPARP,ENSG00000163659,7407
11027,CCNL1,ENSG00000163660,7413
11028,PTX3,ENSG00000163661,7418
11029,HESX1,ENSG00000163666,6606
11030,DCLK3,ENSG00000163673,6231
11031,SLMAP,ENSG00000163681,6618
11032,RPL9,ENSG00000163682,8207
11033,SMIM14,ENSG00000163683,8212
11034,RPP14,ENSG00000163684,6624
11035,ABHD6,ENSG00000163686,6623
11036,DNASE1L3,ENSG00000163687,6622
11038,RBM47,ENSG00000163694,8224
11039,APBB2,ENSG00000163697,8228
11040,IL17RE,ENSG00000163701,6030
11041,IL17RC,ENSG00000163702,6031
11042,CRELD1,ENSG00000163703,6032
11043,PRRT3,ENSG00000163704,6034
11044,FANCD2OS,ENSG00000163705,6040
11045,PCOLCE2,ENSG00000163710,7268
11046,U2SURP,ENSG00000163714,7272
11047,MTMR14,ENSG00000163719,6017
11048,TTC14,ENSG00000163728,7584
11049,CXCL3,ENSG00000163734,8476
11050,CXCL5,ENSG00000163735,8474
11051,PPBP,ENSG00000163736,8473
11052,PF4,ENSG00000163737,8472
11053,MTHFD2L,ENSG00000163738,8479
11054,CXCL1,ENSG00000163739,8471
11055,RCHY1,ENSG00000163743,8497
11056,PLSCR2,ENSG00000163746,7289
11057,CCDC158,ENSG00000163749,8518
11058,CPA3,ENSG00000163751,7311
11059,GYG1,ENSG00000163754,7313
11060,HPS3,ENSG00000163755,7316
11061,TM4SF18,ENSG00000163762,7320
11062,TOPBP1,ENSG00000163781,7173
11063,RYK,ENSG00000163785,7180
11064,SNRK,ENSG00000163788,6328
11065,TCF23,ENSG00000163792,3732
11066,DNAJC5G,ENSG00000163793,3737
11067,UCN,ENSG00000163794,3739
11068,ZNF513,ENSG00000163795,3746
11069,SLC4A1AP,ENSG00000163798,3758
11070,PLB1,ENSG00000163803,3769
11071,SPDYA,ENSG00000163806,3773
11072,KIAA1143,ENSG00000163807,6351
11073,KIF15,ENSG00000163808,6352
11074,TGM4,ENSG00000163810,6354
11075,WDR43,ENSG00000163811,3776
11076,ZDHHC3,ENSG00000163812,6356
11077,CDCP1,ENSG00000163814,6359
11078,CLEC3B,ENSG00000163815,6358
11079,SLC6A20,ENSG00000163817,6366
11080,LZTFL1,ENSG00000163818,6367
11081,FYCO1,ENSG00000163820,6370
11082,CCR1,ENSG00000163823,6374
11083,RTP3,ENSG00000163825,6381
11084,LRRC2,ENSG00000163827,6382
11085,ELP6,ENSG00000163832,6401
11086,FBXO40,ENSG00000163833,7006
11087,DTX3L,ENSG00000163840,7023
11088,ZNF148,ENSG00000163848,7051
11089,NMNAT3,ENSG00000163864,7234
11090,SMIM12,ENSG00000163866,762
11091,ZMYM6,ENSG00000163867,771
11092,TPRA1,ENSG00000163870,7091
11093,YEATS2,ENSG00000163872,7616
11094,GRIK3,ENSG00000163873,808
11095,ZC3H12A,ENSG00000163874,812
11096,MEAF6,ENSG00000163875,813
11097,SNIP1,ENSG00000163877,814
11098,DNALI1,ENSG00000163879,815
11099,POLR2H,ENSG00000163882,7641
11100,KLF15,ENSG00000163884,7071
11101,CFAP100,ENSG00000163885,7073
11102,CAMK2N2,ENSG00000163888,7635
11103,LIPH,ENSG00000163898,7660
11104,TMEM41A,ENSG00000163900,7658
11105,RPN1,ENSG00000163902,7110
11106,SENP2,ENSG00000163904,7661
11107,HEYL,ENSG00000163909,854
11108,IFT122,ENSG00000163913,7131
11109,RHO,ENSG00000163914,7132
11110,IGF2BP2-AS1,ENSG00000163915,7663
11111,RFC4,ENSG00000163918,7681
11112,RPL39L,ENSG00000163923,7687
11113,BAP1,ENSG00000163930,6550
11114,TKT,ENSG00000163931,6573
11115,PRKCD,ENSG00000163932,6571
11116,RFT1,ENSG00000163933,6570
11117,SFMBT1,ENSG00000163935,6569
11118,GNL3,ENSG00000163938,6559
11119,PBRM1,ENSG00000163939,6558
11120,UVSSA,ENSG00000163945,7886
11121,TASOR,ENSG00000163946,6600
11122,ARHGEF3,ENSG00000163947,6601
11123,SLBP,ENSG00000163950,7894
11124,LRPAP1,ENSG00000163956,7929
11125,ZDHHC19,ENSG00000163958,7793
11126,SLC51A,ENSG00000163959,7794
11127,UBXN7,ENSG00000163960,7800
11128,RNF168,ENSG00000163961,7802
11129,PIGX,ENSG00000163964,7810
11130,MELTF,ENSG00000163975,7820
11131,OTOP1,ENSG00000163982,7936
11132,S100P,ENSG00000163993,7966
11133,ABLIM2,ENSG00000163995,7985
11134,EXO5,ENSG00000164002,882
11135,CLDN19,ENSG00000164007,921
11136,C1orf50,ENSG00000164008,923
11137,ERMAP,ENSG00000164010,927
11138,ZNF691,ENSG00000164011,929
11139,AIMP1,ENSG00000164022,8740
11140,SGMS2,ENSG00000164023,8747
11141,METAP1,ENSG00000164024,8669
11142,DNAJB14,ENSG00000164031,8686
11144,EMCN,ENSG00000164035,8691
11145,SLC9B1,ENSG00000164037,8710
11146,SLC9B2,ENSG00000164038,8711
11147,BDH2,ENSG00000164039,8712
11148,PGRMC2,ENSG00000164040,8888
11149,CDC25A,ENSG00000164045,6407
11150,CAMP,ENSG00000164047,6408
11151,ZNF589,ENSG00000164048,6409
11152,FBXW12,ENSG00000164049,6412
11153,PLXNB1,ENSG00000164050,6413
11154,CCDC51,ENSG00000164051,6414
11155,ATRIP,ENSG00000164053,6417
11156,SHISA5,ENSG00000164054,6419
11157,SPRY1,ENSG00000164056,8862
11158,BSN,ENSG00000164061,6463
11159,APEH,ENSG00000164062,6465
11160,INTU,ENSG00000164066,8880
11161,RNF123,ENSG00000164068,6467
11162,HSPA4L,ENSG00000164070,8882
11163,MFSD8,ENSG00000164073,8885
11164,ABHD18,ENSG00000164074,8886
11165,CAMKV,ENSG00000164076,6475
11166,MON1A,ENSG00000164077,6479
11167,MST1R,ENSG00000164078,6476
11168,RAD54L2,ENSG00000164080,6518
11169,TEX264,ENSG00000164081,6519
11170,GRM2,ENSG00000164082,6521
11171,DUSP7,ENSG00000164086,6538
11172,POC1A,ENSG00000164087,6539
11173,PPM1M,ENSG00000164088,6545
11174,ETNPPL,ENSG00000164089,8758
11175,WDR82,ENSG00000164091,6546
11176,PITX2,ENSG00000164093,8777
11177,C4orf3,ENSG00000164096,8825
11178,PRSS12,ENSG00000164099,8818
11179,NDST3,ENSG00000164100,8816
11180,HMGB2,ENSG00000164104,9215
11181,SAP30,ENSG00000164105,9217
11182,SCRG1,ENSG00000164106,9218
11183,HAND2,ENSG00000164107,9223
11184,MAD2L1,ENSG00000164109,8834
11185,ANXA5,ENSG00000164111,8842
11187,ADAD1,ENSG00000164113,8851
11188,MAP9,ENSG00000164114,9107
11189,GUCY1A1,ENSG00000164116,9110
11190,FBXO8,ENSG00000164117,9231
11191,CEP44,ENSG00000164118,9232
11192,HPGD,ENSG00000164120,9234
11193,ASB5,ENSG00000164122,9246
11195,TMEM144,ENSG00000164124,9133
11196,GASK1B,ENSG00000164125,9129
11197,NPY1R,ENSG00000164128,9153
11198,NPY5R,ENSG00000164129,9154
11199,NAA15,ENSG00000164134,8953
11200,IL15,ENSG00000164136,8980
11202,ARFIP1,ENSG00000164144,9080
11203,ICE1,ENSG00000164151,9462
11204,HHIP,ENSG00000164161,9000
11205,ANAPC10,ENSG00000164162,9001
11206,ABCE1,ENSG00000164163,9003
11207,OTUD4,ENSG00000164164,9004
11208,LSM6,ENSG00000164167,9017
11209,TMEM184C,ENSG00000164168,9030
11210,PRMT9,ENSG00000164169,9031
11211,ITGA2,ENSG00000164171,9809
11212,MOCS2,ENSG00000164172,9812
11213,SLC45A2,ENSG00000164175,9668
11214,EDIL3,ENSG00000164176,10111
11215,TMEM161B,ENSG00000164180,10135
11216,ELOVL7,ENSG00000164181,9882
11217,NDUFAF2,ENSG00000164182,9886
11218,ZNF474,ENSG00000164185,10363
11219,LMBRD2,ENSG00000164187,9690
11220,RANBP3L,ENSG00000164188,9694
11221,NIPBL,ENSG00000164190,9701
11222,RNF180,ENSG00000164197,9902
11223,ADGRV1,ENSG00000164199,10156
11224,SLC25A46,ENSG00000164209,10278
11225,STARD4,ENSG00000164211,10286
11226,PGGT1B,ENSG00000164219,10314
11227,F2RL2,ENSG00000164220,10037
11228,CCDC112,ENSG00000164221,10316
11229,ANKRD33B,ENSG00000164236,9531
11230,CMBL,ENSG00000164237,9522
11231,C5orf63,ENSG00000164241,10406
11232,PRRC1,ENSG00000164244,10411
11233,F2RL1,ENSG00000164251,10040
11234,AGGF1,ENSG00000164252,10043
11235,WDR41,ENSG00000164253,10048
11236,PRDM9,ENSG00000164256,9606
11237,NDUFS4,ENSG00000164258,9816
11238,SCGB3A2,ENSG00000164265,10754
11239,SPINK1,ENSG00000164266,10753
11240,HTR4,ENSG00000164270,10768
11241,ESM1,ENSG00000164283,9826
11242,GRPEL2,ENSG00000164284,10779
11243,CDC20B,ENSG00000164287,9832
11244,ARSK,ENSG00000164291,10192
11245,RHOBTB3,ENSG00000164292,10197
11246,GPX8,ENSG00000164294,9833
11247,TIGD6,ENSG00000164296,10792
11248,SPZ1,ENSG00000164299,10073
11249,SERINC5,ENSG00000164300,10071
11250,ENPP6,ENSG00000164303,9297
11251,CAGE1,ENSG00000164304,11296
11252,CASP3,ENSG00000164305,9307
11253,PRIMPOL,ENSG00000164306,9308
11254,ERAP1,ENSG00000164307,10212
11255,ERAP2,ENSG00000164308,10216
11256,CMYA5,ENSG00000164309,10064
11257,EGFLAM,ENSG00000164318,9713
11258,CFAP97,ENSG00000164323,9320
11259,TMEM174,ENSG00000164325,9993
11260,CARTPT,ENSG00000164326,9977
11261,RICTOR,ENSG00000164327,9725
11262,TENT2,ENSG00000164329,10063
11263,EBF1,ENSG00000164330,10893
11264,ANKRA2,ENSG00000164331,10003
11265,UBLCP1,ENSG00000164332,10900
11266,FAM170A,ENSG00000164334,10353
11267,UTP15,ENSG00000164338,10004
11268,TLR3,ENSG00000164342,9334
11269,KLKB1,ENSG00000164344,9337
11270,NSA2,ENSG00000164346,10016
11271,GFM2,ENSG00000164347,10015
11272,TERT,ENSG00000164362,9411
11273,SLC6A18,ENSG00000164363,9409
11274,CCDC127,ENSG00000164366,9380
11275,FOXQ1,ENSG00000164379,11208
11276,LINC01600,ENSG00000164385,11222
11278,ACSL6,ENSG00000164398,10437
11279,IL3,ENSG00000164399,10440
11280,CSF2,ENSG00000164400,10441
11281,SEPTIN8,ENSG00000164402,10461
11282,SHROOM1,ENSG00000164403,10464
11283,GDF9,ENSG00000164404,10465
11284,UQCRQ,ENSG00000164405,10466
11285,LEAP2,ENSG00000164406,10467
11286,GJB7,ENSG00000164411,12283
11287,SLC35A1,ENSG00000164414,12287
11288,GRIK2,ENSG00000164418,12362
11289,CGAS,ENSG00000164430,12193
11290,FABP7,ENSG00000164434,12526
11291,TLX3,ENSG00000164438,10983
11292,TXLNB,ENSG00000164440,12677
11293,CITED2,ENSG00000164442,12679
11294,CALHM4,ENSG00000164451,12491
11295,TBXT,ENSG00000164458,12919
11296,CREBRF,ENSG00000164463,11007
11297,DCBLD1,ENSG00000164465,12503
11298,SFXN1,ENSG00000164466,11039
11299,SAMD3,ENSG00000164483,12569
11300,TMEM200A,ENSG00000164484,12570
11301,IL22RA2,ENSG00000164485,12652
11302,DACT2,ENSG00000164488,12967
11303,PDSS2,ENSG00000164494,12392
11305,STXBP5,ENSG00000164506,12734
11307,IL31RA,ENSG00000164509,9842
11308,ANKRD55,ENSG00000164512,9847
11309,RAET1E,ENSG00000164520,12767
11310,PI16,ENSG00000164530,11871
11311,TBX20,ENSG00000164532,13395
11312,DAGLB,ENSG00000164535,13129
11314,STK17A,ENSG00000164543,13487
11315,TRA2A,ENSG00000164548,13258
11317,GALNT10,ENSG00000164574,10846
11318,SAP30L,ENSG00000164576,10849
11319,RPS14,ENSG00000164587,10803
11320,HCN1,ENSG00000164588,9790
11321,MYOZ3,ENSG00000164591,10809
11322,COG5,ENSG00000164597,14085
11323,NEUROD6,ENSG00000164600,13368
11324,BMT2,ENSG00000164603,14122
11325,GPR85,ENSG00000164604,14124
11326,SLU7,ENSG00000164609,10914
11327,RP9,ENSG00000164610,13382
11328,PTTG1,ENSG00000164611,10915
11329,CAMLG,ENSG00000164615,10498
11330,BMPER,ENSG00000164619,13388
11331,RELL2,ENSG00000164620,10693
11332,KCNK5,ENSG00000164626,11895
11333,KIF6,ENSG00000164627,11898
11334,ZNF12,ENSG00000164631,13138
11335,SLC29A4,ENSG00000164638,13102
11336,TEX47,ENSG00000164645,13828
11337,STEAP1,ENSG00000164647,13832
11338,CDCA7L,ENSG00000164649,13239
11339,SP8,ENSG00000164651,13234
11340,MIOS,ENSG00000164654,13147
11342,USP49,ENSG00000164663,11933
11343,SYTL3,ENSG00000164674,12846
11344,IQUB,ENSG00000164675,14192
11345,HEY1,ENSG00000164683,15545
11346,ZNF704,ENSG00000164684,15559
11347,FABP5,ENSG00000164687,15567
11348,SHH,ENSG00000164690,14665
11349,TAGAP,ENSG00000164691,12853
11350,COL1A2,ENSG00000164692,13881
11351,FNDC1,ENSG00000164694,12857
11352,CHMP4C,ENSG00000164695,15577
11353,SLC13A4,ENSG00000164707,14331
11354,PGAM2,ENSG00000164708,13497
11355,BRI3,ENSG00000164713,13909
11356,LMTK2,ENSG00000164715,13906
11357,SLC35G3,ENSG00000164729,28874
11358,CTSB,ENSG00000164733,14875
11359,SOX17,ENSG00000164736,15327
11360,DLC1,ENSG00000164741,14899
11361,ADCY1,ENSG00000164742,13528
11362,C8orf48,ENSG00000164743,14902
11363,SUN3,ENSG00000164744,13550
11364,C7orf57,ENSG00000164746,13551
11365,HNF4G,ENSG00000164749,15523
11366,PEX2,ENSG00000164751,15531
11367,RAD21,ENSG00000164754,15857
11368,SLC30A8,ENSG00000164756,15860
11369,MED30,ENSG00000164758,15863
11370,TNFRSF11B,ENSG00000164761,15868
11371,SBSPON,ENSG00000164764,15492
11372,PHKG1,ENSG00000164776,13611
11373,EN2,ENSG00000164778,14658
11374,KCNV1,ENSG00000164794,15834
11375,CSMD3,ENSG00000164796,15844
11376,SPIDR,ENSG00000164808,15269
11377,ORC5,ENSG00000164815,14054
11378,DEFA5,ENSG00000164816,14773
11379,DNAAF5,ENSG00000164818,13037
11380,DEFA4,ENSG00000164821,14769
11381,DEFA6,ENSG00000164822,14767
11382,OSGIN2,ENSG00000164823,15626
11383,DEFB1,ENSG00000164825,14766
11384,SUN1,ENSG00000164828,13038
11385,OXR1,ENSG00000164830,15811
11386,TMEM74,ENSG00000164841,15824
11387,GPR146,ENSG00000164849,13046
11388,GPER1,ENSG00000164850,13050
11389,UNCX,ENSG00000164853,13053
11390,TMEM184A,ENSG00000164855,13061
11391,NOS3,ENSG00000164867,14593
11392,SPAG11B,ENSG00000164871,14780
11393,MICALL2,ENSG00000164877,13055
11394,CA3,ENSG00000164879,15597
11395,INTS1,ENSG00000164880,13058
11396,CDK5,ENSG00000164885,14598
11397,SLC4A2,ENSG00000164889,14599
11398,SLC7A13,ENSG00000164893,15608
11399,FASTK,ENSG00000164896,14601
11400,TMUB1,ENSG00000164897,14602
11401,FMC1,ENSG00000164898,14358
11402,GBX1,ENSG00000164900,14604
11403,PHAX,ENSG00000164902,10401
11404,ALDH7A1,ENSG00000164904,10400
11405,FOXK1,ENSG00000164916,13093
11406,COX6C,ENSG00000164919,15734
11407,OSR2,ENSG00000164920,15727
11408,YWHAZ,ENSG00000164924,15751
11409,BAALC,ENSG00000164929,15785
11410,FZD6,ENSG00000164930,15788
11411,CTHRC1,ENSG00000164932,15790
11412,SLC25A32,ENSG00000164933,15792
11413,DCAF13,ENSG00000164934,15793
11414,DCSTAMP,ENSG00000164935,15799
11415,TP53INP1,ENSG00000164938,15688
11416,INTS8,ENSG00000164941,15684
11417,VIRMA,ENSG00000164944,15677
11418,FREM1,ENSG00000164946,16310
11419,GEM,ENSG00000164949,15674
11420,PDP1,ENSG00000164951,15670
11421,TMEM67,ENSG00000164953,15668
11422,WASHC5,ENSG00000164961,15942
11423,RPP25L,ENSG00000164967,16472
11424,FAM219A,ENSG00000164970,16466
11426,SNAPC3,ENSG00000164975,16314
11427,MYORG,ENSG00000164976,16464
11428,NUDT2,ENSG00000164978,16463
11429,TMEM65,ENSG00000164983,15927
11430,PSIP1,ENSG00000164985,16315
11431,CCDC171,ENSG00000164989,16316
11432,UBAP1,ENSG00000165006,16461
11433,DIRAS2,ENSG00000165023,16808
11434,SYK,ENSG00000165025,16809
11435,NIPSNAP3B,ENSG00000165028,16977
11436,ABCA1,ENSG00000165029,16978
11437,NFIL3,ENSG00000165030,16819
11438,LETM2,ENSG00000165046,15192
11439,METTL2B,ENSG00000165055,14237
11440,PRKACG,ENSG00000165059,16658
11441,FXN,ENSG00000165060,16659
11442,ZMAT4,ENSG00000165061,15222
11443,NKX6-3,ENSG00000165066,15234
11444,TMEM71,ENSG00000165071,15998
11445,MAMDC2,ENSG00000165072,16671
11446,PRSS37,ENSG00000165076,14394
11447,CPA6,ENSG00000165078,15453
11448,C8orf34,ENSG00000165084,15458
11449,TMC1,ENSG00000165091,16688
11450,ALDH1A1,ENSG00000165092,16690
11451,KDM1B,ENSG00000165097,11400
11452,HGSNAT,ENSG00000165102,15260
11453,RASEF,ENSG00000165105,16738
11454,GKAP1,ENSG00000165113,16746
11455,KIF27,ENSG00000165115,16749
11457,HNRNPK,ENSG00000165119,16751
11458,SSMEM1,ENSG00000165120,14272
11459,SVEP1,ENSG00000165124,17016
11460,TRPV6,ENSG00000165125,14485
11461,LLCFC1,ENSG00000165131,14489
11462,ANKS6,ENSG00000165138,16926
11463,FBP1,ENSG00000165140,16862
11465,ZHX1,ENSG00000165156,15911
11466,CFAP47,ENSG00000165164,35515
11467,CYBB,ENSG00000165168,35522
11468,DYNLT3,ENSG00000165169,35523
11469,METTL27,ENSG00000165171,13719
11470,MID1IP1,ENSG00000165175,35535
11471,SHOC1,ENSG00000165181,17028
11472,CXorf58,ENSG00000165182,35466
11473,KIAA1958,ENSG00000165185,17035
11474,PTCHD1,ENSG00000165186,35460
11475,RNF183,ENSG00000165188,17050
11476,ASB11,ENSG00000165192,35398
11477,PCDH19,ENSG00000165194,35925
11478,PIGA,ENSG00000165195,35399
11479,VEGFD,ENSG00000165197,35400
11480,OR1Q1,ENSG00000165202,17138
11481,OR1K1,ENSG00000165204,17146
11482,STRBP,ENSG00000165209,17155
11483,CLDN3,ENSG00000165215,13717
11484,GAPVD1,ENSG00000165219,17184
11485,CARD19,ENSG00000165233,16839
11486,WNK2,ENSG00000165238,16842
11487,ATP7A,ENSG00000165240,35881
11488,ZNF367,ENSG00000165244,16889
11489,NLGN4Y,ENSG00000165246,36500
11490,HDX,ENSG00000165259,35901
11491,NDUFB6,ENSG00000165264,16419
11492,AQP7,ENSG00000165269,16434
11493,NOL6,ENSG00000165271,16437
11494,AQP3,ENSG00000165272,16436
11495,TRMT10B,ENSG00000165275,16553
11496,VCP,ENSG00000165280,16492
11497,PIGO,ENSG00000165282,16494
11498,STOML2,ENSG00000165283,16496
11499,BRWD3,ENSG00000165288,35893
11500,SLITRK5,ENSG00000165300,23434
11501,MELK,ENSG00000165304,16535
11502,ARMC3,ENSG00000165309,17769
11503,OTUD1,ENSG00000165312,17775
11504,ARHGAP12,ENSG00000165322,17843
11505,FAT3,ENSG00000165323,20439
11506,DEUP1,ENSG00000165325,20447
11507,HECTD2,ENSG00000165338,18402
11508,SLC7A3,ENSG00000165349,35815
11509,FBXO33,ENSG00000165355,24151
11510,INTS6L,ENSG00000165359,36220
11511,GPR101,ENSG00000165370,36244
11512,CLDN2,ENSG00000165376,36019
11513,LRFN5,ENSG00000165379,24157
11514,LRRC18,ENSG00000165383,17994
11516,SPTSSA,ENSG00000165389,24089
11518,WRN,ENSG00000165392,15124
11520,TSHR,ENSG00000165409,24629
11521,CFL2,ENSG00000165410,24094
11522,SUGT1,ENSG00000165416,23273
11523,GTF2A1,ENSG00000165417,24632
11524,ZCCHC24,ENSG00000165424,18267
11525,PGM2L1,ENSG00000165434,20266
11526,PHYHIPL,ENSG00000165443,18055
11527,SLC16A9,ENSG00000165449,18060
11528,FOLR2,ENSG00000165457,20218
11529,INPPL1,ENSG00000165458,20219
11530,PHOX2A,ENSG00000165462,20220
11531,MBL2,ENSG00000165471,18034
11532,GJB2,ENSG00000165474,22927
11533,CRYL1,ENSG00000165475,22929
11534,REEP3,ENSG00000165476,18090
11535,HEPACAM,ENSG00000165478,20849
11536,SKA3,ENSG00000165480,22940
11537,MICU2,ENSG00000165487,22946
11538,DDIAS,ENSG00000165490,20372
11539,PCF11,ENSG00000165494,20377
11540,PKNOX2,ENSG00000165495,20857
11541,RPL10L,ENSG00000165496,24184
11542,LRR1,ENSG00000165501,24192
11543,RPL36AL,ENSG00000165502,24193
11544,DNAAF2,ENSG00000165506,24196
11545,DEPP1,ENSG00000165507,17944
11546,MAGEC3,ENSG00000165509,36270
11548,ZNF22,ENSG00000165512,17946
11549,KLHDC2,ENSG00000165516,24201
11550,EML5,ENSG00000165521,24681
11551,NEMF,ENSG00000165525,24202
11552,RPUSD4,ENSG00000165526,20881
11553,ARF6,ENSG00000165527,24205
11554,TTC8,ENSG00000165533,24683
11555,TMEM63C,ENSG00000165548,24596
11556,NGB,ENSG00000165553,24599
11557,NOXRED1,ENSG00000165555,24604
11558,CDX2,ENSG00000165556,23016
11559,AMER2,ENSG00000165566,22980
11560,AKR1E2,ENSG00000165568,17576
11561,KBTBD6,ENSG00000165572,23131
11562,SSX5,ENSG00000165583,35617
11563,SSX3,ENSG00000165584,35620
11564,OTX2,ENSG00000165588,24306
11565,FAAH2,ENSG00000165591,35764
11566,DRGX,ENSG00000165606,18003
11567,NUDT5,ENSG00000165609,17664
11568,DACT1,ENSG00000165617,24332
11569,OXGR1,ENSG00000165621,23484
11570,UCMA,ENSG00000165623,17673
11571,BEND7,ENSG00000165626,17678
11572,ATP5F1C,ENSG00000165629,17628
11573,PRPF18,ENSG00000165630,17680
11574,TAF3,ENSG00000165632,17629
11575,VSTM4,ENSG00000165633,17997
11576,VDAC2,ENSG00000165637,18229
11577,SOHLH1,ENSG00000165643,17412
11578,COMTD1,ENSG00000165644,18230
11579,SLC18A2,ENSG00000165646,18707
11580,PDZD8,ENSG00000165650,18709
11581,ZNF503,ENSG00000165655,18233
11583,ABRAXAS2,ENSG00000165660,18797
11584,QSOX2,ENSG00000165661,17422
11585,FAM204A,ENSG00000165669,18721
11586,NSD1,ENSG00000165671,11075
11587,PRDX3,ENSG00000165672,18731
11588,ENOX2,ENSG00000165675,36172
11589,GHITM,ENSG00000165678,18306
11590,CLEC1B,ENSG00000165682,21217
11591,SNAPC4,ENSG00000165684,17429
11592,TMEM52B,ENSG00000165685,21224
11593,PMPCA,ENSG00000165688,17431
11594,ENTR1,ENSG00000165689,17430
11595,FRMD7,ENSG00000165694,36181
11596,AK8,ENSG00000165695,17348
11597,SPACA9,ENSG00000165698,17350
11598,TSC1,ENSG00000165699,17351
11599,GFI1B,ENSG00000165702,17352
11600,HPRT1,ENSG00000165704,36194
11601,BORCS5,ENSG00000165714,21274
11602,DIPK1B,ENSG00000165716,17442
11603,ZMYND19,ENSG00000165724,17508
11604,STOX1,ENSG00000165730,18117
11605,RET,ENSG00000165731,17907
11606,DDX21,ENSG00000165732,18120
11607,BMS1,ENSG00000165733,17904
11608,STK32C,ENSG00000165752,18867
11609,JCAD,ENSG00000165757,17823
11610,OR4K2,ENSG00000165762,23711
11611,FUNDC2,ENSG00000165775,36429
11612,PIP4P1,ENSG00000165782,23736
11613,METTL17,ENSG00000165792,23760
11614,SLC39A2,ENSG00000165794,23762
11615,NDRG2,ENSG00000165795,23763
11616,RNASE7,ENSG00000165799,23768
11617,ARHGEF40,ENSG00000165801,23770
11618,NSMF,ENSG00000165802,17504
11619,ZNF219,ENSG00000165804,23771
11620,C12orf50,ENSG00000165805,22231
11621,CASP7,ENSG00000165806,18671
11622,PPP1R36,ENSG00000165807,24394
11623,BTNL9,ENSG00000165810,11168
11624,CCDC186,ENSG00000165813,18679
11625,VWA2,ENSG00000165816,18681
11626,METTL3,ENSG00000165819,23783
11627,SALL2,ENSG00000165821,23784
11628,PRAP1,ENSG00000165828,18894
11629,TRUB1,ENSG00000165832,18687
11630,ERICH6B,ENSG00000165837,23187
11631,CYP2C19,ENSG00000165841,18441
11632,ZFYVE1,ENSG00000165861,24493
11634,HSPA12A,ENSG00000165868,18699
11635,FRAT1,ENSG00000165879,18470
11636,UBTD1,ENSG00000165886,18479
11637,ANKRD2,ENSG00000165887,18480
11638,E2F7,ENSG00000165891,22173
11639,ARHGAP42,ENSG00000165895,20498
11640,ISCA2,ENSG00000165898,24537
11641,OTOGL,ENSG00000165899,22195
11642,LARGE2,ENSG00000165905,19581
11643,PACSIN3,ENSG00000165912,19607
11644,TTC7B,ENSG00000165914,24705
11645,SLC39A13,ENSG00000165915,19617
11646,PSMC3,ENSG00000165916,19618
11647,RAPSN,ENSG00000165917,19619
11648,AGBL2,ENSG00000165923,19629
11649,TC2N,ENSG00000165929,24723
11650,CPSF2,ENSG00000165934,24728
11651,SMCO2,ENSG00000165935,21435
11652,MOAP1,ENSG00000165943,24740
11653,IFI27L1,ENSG00000165948,24756
11654,IFI27,ENSG00000165949,24757
11655,SERPINA12,ENSG00000165953,24766
11656,CLMN,ENSG00000165959,24779
11657,PDZRN4,ENSG00000165966,21536
11658,SLC6A5,ENSG00000165970,19375
11659,CCDC38,ENSG00000165972,22316
11660,NELL1,ENSG00000165973,19376
11661,PTER,ENSG00000165983,17708
11662,C1QL3,ENSG00000165985,17709
11663,CACNB2,ENSG00000165995,17731
11664,HACD1,ENSG00000165996,17722
11665,ARL5B,ENSG00000165997,17736
11666,SMCO4,ENSG00000166002,20448
11667,CEP295,ENSG00000166004,20449
11668,KCNC2,ENSG00000166006,22148
11670,TAF1D,ENSG00000166012,20451
11671,ABTB2,ENSG00000166016,19479
11672,R3HCC1L,ENSG00000166024,18492
11673,AMOTL1,ENSG00000166025,20469
11674,HTRA1,ENSG00000166033,18765
11675,LIPC,ENSG00000166035,25724
11676,CEP57,ENSG00000166037,20483
11677,TCP11L2,ENSG00000166046,22427
11678,PASD1,ENSG00000166049,36328
11679,SPRED1,ENSG00000166068,25374
11680,TMCO5A,ENSG00000166069,25370
11681,GPR176,ENSG00000166073,25395
11682,JAM3,ENSG00000166086,20954
11683,IL25,ENSG00000166090,23957
11684,CMTM5,ENSG00000166091,23958
11685,GLB1L3,ENSG00000166105,20960
11686,ADAMTS15,ENSG00000166106,20927
11687,SVOP,ENSG00000166111,22462
11688,SPATA19,ENSG00000166118,20949
11689,GPT2,ENSG00000166123,27305
11690,AMN,ENSG00000166126,24905
11691,RAB8B,ENSG00000166128,25796
11692,IKBIP,ENSG00000166130,22341
11693,RPUSD2,ENSG00000166133,25428
11694,HIF1AN,ENSG00000166135,18528
11695,NDUFB8,ENSG00000166136,18527
11696,ZFYVE19,ENSG00000166140,25437
11697,PPP1R14D,ENSG00000166143,25438
11698,SPINT1,ENSG00000166145,25440
11699,FBN1,ENSG00000166147,25593
11700,AVPR1A,ENSG00000166148,22017
11701,C16orf78,ENSG00000166152,27337
11702,DEPDC4,ENSG00000166153,22351
11704,LRTM2,ENSG00000166159,21008
11705,OPN1MW2,ENSG00000166160,36393
11706,BRD7,ENSG00000166164,27351
11707,CKB,ENSG00000166165,24918
11708,TRMT61A,ENSG00000166166,24920
11709,BTRC,ENSG00000166167,18550
11710,POLL,ENSG00000166169,18552
11711,BAG5,ENSG00000166170,24922
11712,DPCD,ENSG00000166171,18551
11713,LARP6,ENSG00000166173,25920
11714,API5,ENSG00000166181,19526
11715,ASPG,ENSG00000166183,24939
11716,ZNF319,ENSG00000166188,27499
11717,HPS6,ENSG00000166189,18562
11718,SENP8,ENSG00000166192,25933
11719,NOLC1,ENSG00000166197,18565
11720,ALKBH3,ENSG00000166199,19537
11721,COPS2,ENSG00000166200,25607
11722,GABRB3,ENSG00000166206,25253
11723,SPIC,ENSG00000166211,22363
11724,TBATA,ENSG00000166220,18150
11725,SGPL1,ENSG00000166224,18151
11726,FRS2,ENSG00000166225,22100
11727,CCT2,ENSG00000166226,22101
11728,PCBD1,ENSG00000166228,18152
11729,ARIH1,ENSG00000166233,25945
11731,CLMP,ENSG00000166250,20801
11732,SCN3B,ENSG00000166257,20805
11733,COX11,ENSG00000166260,29472
11734,ZNF202,ENSG00000166261,20807
11735,FAM227B,ENSG00000166262,25609
11736,STXBP4,ENSG00000166263,29474
11737,CYYR1,ENSG00000166265,33999
11738,CUL5,ENSG00000166266,20558
11739,MYRFL,ENSG00000166268,22106
11740,WBP1L,ENSG00000166272,18583
11741,BORCS7,ENSG00000166275,18586
11742,C2,ENSG00000166278,11724
11743,PLEKHF1,ENSG00000166289,31755
11744,TMEM100,ENSG00000166292,29480
11745,ANAPC16,ENSG00000166295,18169
11746,SMPD1,ENSG00000166311,19157
11747,APBB1,ENSG00000166313,19158
11748,SYNPO2L,ENSG00000166317,18201
11749,NUDT13,ENSG00000166321,18183
11750,C11orf65,ENSG00000166323,20564
11751,TRIM44,ENSG00000166326,19498
11752,CCDC182,ENSG00000166329,29503
11753,ILK,ENSG00000166333,19166
11754,TAF10,ENSG00000166337,19167
11755,TPP1,ENSG00000166340,19169
11756,DCHS1,ENSG00000166341,19171
11757,NETO1,ENSG00000166342,30743
11758,MSS51,ENSG00000166343,18194
11759,CYB5A,ENSG00000166347,30754
11760,USP54,ENSG00000166348,18197
11761,RAG1,ENSG00000166349,19510
11762,POTED,ENSG00000166351,33901
11764,WDR88,ENSG00000166359,31801
11765,OR10A5,ENSG00000166363,19179
11766,OR2D2,ENSG00000166368,19182
11767,ATP9B,ENSG00000166377,30822
11768,PPFIBP2,ENSG00000166387,19192
11769,MOGAT2,ENSG00000166391,20297
11770,CYB5R2,ENSG00000166394,19194
11771,SERPINB7,ENSG00000166396,30685
11773,SERPINB8,ENSG00000166401,30690
11774,TUB,ENSG00000166402,19207
11775,RIC3,ENSG00000166405,19210
11776,LMO1,ENSG00000166407,19212
11777,IDH3A,ENSG00000166411,26066
11778,WDR72,ENSG00000166415,25676
11779,CRABP1,ENSG00000166426,26075
11780,PLD4,ENSG00000166428,24963
11781,ZMAT1,ENSG00000166432,35954
11782,XRRA1,ENSG00000166435,20276
11783,TRIM66,ENSG00000166436,19214
11784,RNF169,ENSG00000166439,20275
11785,RPL27A,ENSG00000166441,19216
11787,CDYL2,ENSG00000166446,27849
11788,TMEM130,ENSG00000166448,13913
11789,PRTG,ENSG00000166450,25693
11790,CENPN,ENSG00000166451,27854
11791,AKIP1,ENSG00000166452,19220
11792,ATMIN,ENSG00000166454,27857
11793,C16orf46,ENSG00000166455,27858
11794,TMEM41B,ENSG00000166471,19231
11795,LEO1,ENSG00000166477,25653
11796,ZNF143,ENSG00000166478,19235
11797,TMX3,ENSG00000166479,30714
11798,MFAP4,ENSG00000166482,28595
11799,WEE1,ENSG00000166483,19236
11800,MAPK7,ENSG00000166484,28594
11801,PRKCB,ENSG00000166501,27013
11802,HDGFL3,ENSG00000166503,26164
11803,NDST2,ENSG00000166507,18210
11804,MCM7,ENSG00000166508,13949
11805,CLEC3A,ENSG00000166509,27818
11806,CCDC68,ENSG00000166510,30581
11807,CLEC4E,ENSG00000166523,21177
11808,ZNF3,ENSG00000166526,13947
11809,CLEC4D,ENSG00000166527,21176
11810,ZSCAN21,ENSG00000166529,13946
11811,RIMKLB,ENSG00000166532,21182
11812,A2ML1,ENSG00000166535,21186
11813,BEAN1,ENSG00000166546,27549
11814,TK2,ENSG00000166548,27551
11815,TMED3,ENSG00000166557,26092
11816,SLC38A8,ENSG00000166558,27892
11817,SEC11C,ENSG00000166562,30637
11818,CPLX4,ENSG00000166569,30640
11819,GALR1,ENSG00000166573,30807
11820,TMEM135,ENSG00000166575,20410
11821,IQCD,ENSG00000166578,22537
11822,NDEL1,ENSG00000166579,28384
11823,CENPV,ENSG00000166582,28501
11824,CDH16,ENSG00000166589,27571
11825,RRAD,ENSG00000166592,27572
11826,CIAO2B,ENSG00000166595,27573
11827,CFAP52,ENSG00000166596,28402
11828,HSP90B1,ENSG00000166598,22398
11829,MC4R,ENSG00000166603,30654
11830,BLCAP,ENSG00000166619,33389
11831,SERPINB12,ENSG00000166634,30680
11832,CHRFAM7A,ENSG00000166664,25291
11833,ATF7IP2,ENSG00000166669,26775
11834,MMP10,ENSG00000166670,20520
11835,TVP23A,ENSG00000166676,26784
11836,BEX3,ENSG00000166681,35985
11837,TMPRSS5,ENSG00000166682,20634
11838,COG1,ENSG00000166685,29727
11839,PLEKHA7,ENSG00000166689,19313
11840,ZNF606,ENSG00000166704,32837
11841,ZCCHC18,ENSG00000166707,36006
11842,B2M,ENSG00000166710,25538
11843,ZNF592,ENSG00000166716,26185
11845,HTR3A,ENSG00000166736,20641
11846,NNMT,ENSG00000166741,20645
11847,ACSM1,ENSG00000166743,26945
11848,AP1G1,ENSG00000166747,27726
11850,SLFN5,ENSG00000166750,28876
11851,CATSPER2,ENSG00000166762,25517
11852,BMERB1,ENSG00000166780,26865
11853,MARF1,ENSG00000166783,26866
11854,SAAL1,ENSG00000166788,19331
11855,YPEL4,ENSG00000166793,19719
11856,PPIB,ENSG00000166794,25812
11857,LDHC,ENSG00000166796,19343
11858,CIAO2A,ENSG00000166797,25809
11859,LDHAL6A,ENSG00000166800,19344
11860,FAM111A,ENSG00000166801,19755
11861,PCLAF,ENSG00000166803,25814
11862,KIF7,ENSG00000166813,26238
11863,LDHD,ENSG00000166816,27772
11864,PLIN1,ENSG00000166819,26239
11865,PEX11A,ENSG00000166821,26240
11866,TMEM170A,ENSG00000166822,27782
11867,MESP1,ENSG00000166823,26243
11868,ANPEP,ENSG00000166825,26245
11869,SCNN1G,ENSG00000166828,26993
11870,RBPMS2,ENSG00000166831,25822
11871,NAV2,ENSG00000166833,19363
11872,ANKDD1A,ENSG00000166839,25826
11873,GLYATL1,ENSG00000166840,19749
11874,C18orf54,ENSG00000166845,30576
11875,DCTN5,ENSG00000166847,27006
11876,TERF2IP,ENSG00000166848,27794
11877,PLK1,ENSG00000166851,27008
11878,CLPX,ENSG00000166855,25838
11879,GPR182,ENSG00000166856,21941
11880,ZBTB39,ENSG00000166860,21942
11881,CACNG2,ENSG00000166862,34952
11882,TAC3,ENSG00000166863,21943
11883,MYO1A,ENSG00000166866,21944
11884,CHP2,ENSG00000166869,27012
11885,NEMP1,ENSG00000166881,21945
11886,OR4D6,ENSG00000166884,19762
11887,NAB2,ENSG00000166886,21946
11888,VPS39,ENSG00000166887,25481
11889,STAT6,ENSG00000166888,21947
11890,PATL1,ENSG00000166889,19770
11891,ATP23,ENSG00000166896,21992
11892,ELFN2,ENSG00000166897,34978
11893,STX3,ENSG00000166900,19773
11894,MRPL16,ENSG00000166902,19775
11895,PIP4K2C,ENSG00000166908,21968
11896,MTMR10,ENSG00000166912,25303
11897,YWHAB,ENSG00000166913,33481
11898,C15orf48,ENSG00000166920,25561
11899,SCG5,ENSG00000166922,25321
11900,GREM1,ENSG00000166923,25324
11901,NYAP1,ENSG00000166924,13975
11902,TSC22D4,ENSG00000166925,13973
11903,MS4A6E,ENSG00000166926,19789
11904,MS4A7,ENSG00000166927,19790
11905,MS4A14,ENSG00000166928,19791
11906,MS4A5,ENSG00000166930,19792
11907,DIS3L,ENSG00000166938,25853
11908,CCNDBP1,ENSG00000166946,25503
11909,EPB42,ENSG00000166947,25504
11910,TGM6,ENSG00000166948,32931
11911,SMAD3,ENSG00000166949,25869
11912,MS4A8,ENSG00000166959,19796
11913,CCDC178,ENSG00000166960,30424
11914,MS4A15,ENSG00000166961,19798
11915,MAP1A,ENSG00000166963,25513
11916,RCCD1,ENSG00000166965,26279
11917,AKTIP,ENSG00000166971,27399
11918,MAPRE2,ENSG00000166974,30434
11919,EVA1C,ENSG00000166979,34088
11920,TCP10L2,ENSG00000166984,12940
11922,MBD6,ENSG00000166987,21965
11923,CNPY4,ENSG00000166997,13953
11924,PDIA3,ENSG00000167004,25520
11925,NUDT21,ENSG00000167005,27445
11926,NAT16,ENSG00000167011,14007
11927,TERB2,ENSG00000167014,25542
11928,NKX3-1,ENSG00000167034,15023
11929,SGSM1,ENSG00000167037,34721
11931,DUSP18,ENSG00000167065,34850
11932,TEF,ENSG00000167074,35093
11933,MEI1,ENSG00000167077,35105
11934,B4GALNT2,ENSG00000167080,29376
11935,PBX3,ENSG00000167081,17189
11936,GNGT2,ENSG00000167083,29377
11938,SNRPD1,ENSG00000167088,30308
11939,TTC16,ENSG00000167094,17215
11940,SUN5,ENSG00000167098,33290
11941,SAMD14,ENSG00000167100,29411
11942,PIP5KL1,ENSG00000167103,17226
11943,BPIFB6,ENSG00000167104,33292
11944,TMEM92,ENSG00000167105,29420
11946,ACSF2,ENSG00000167107,29427
11947,GOLGA2,ENSG00000167110,17241
11948,TRUB2,ENSG00000167112,17243
11949,COQ4,ENSG00000167113,17245
11950,SLC27A4,ENSG00000167114,17246
11951,URM1,ENSG00000167118,17247
11952,CERCAM,ENSG00000167123,17250
11953,DOLPP1,ENSG00000167130,17278
11954,CCDC103,ENSG00000167131,29248
11955,ENDOG,ENSG00000167136,17267
11956,TBC1D21,ENSG00000167139,25967
11957,PRRX2,ENSG00000167157,17302
11958,UGT1A6,ENSG00000167165,5802
11959,C15orf39,ENSG00000167173,26009
11960,ISLR2,ENSG00000167178,25974
11961,SP2,ENSG00000167182,29326
11962,PRR15L,ENSG00000167183,29331
11963,COQ7,ENSG00000167186,26909
11964,GPRC5B,ENSG00000167191,26932
11965,CRK,ENSG00000167193,28114
11966,C16orf92,ENSG00000167194,27127
11967,GOLGA6C,ENSG00000167195,26012
11968,FBXO22,ENSG00000167196,26037
11969,TBC1D2B,ENSG00000167202,26062
11970,NOD2,ENSG00000167207,27360
11971,SNX20,ENSG00000167208,27359
11972,LOXHD1,ENSG00000167210,30508
11973,KATNAL2,ENSG00000167216,30513
11974,HDHD2,ENSG00000167220,30520
11976,ZNF91,ENSG00000167232,31709
11978,IGF2,ENSG00000167244,19019
11979,RNF214,ENSG00000167257,20684
11980,CDK12,ENSG00000167258,29001
11981,DPEP2,ENSG00000167261,27631
11982,DUS2,ENSG00000167264,27632
11983,POP5,ENSG00000167272,22652
11984,ENGASE,ENSG00000167280,29912
11985,RBFOX3,ENSG00000167281,29913
11986,ATP5MG,ENSG00000167283,20710
11987,CD3D,ENSG00000167286,20706
11988,TBC1D16,ENSG00000167291,29926
11989,TEPSIN,ENSG00000167302,29962
11990,MYO5B,ENSG00000167306,30550
11991,ART5,ENSG00000167311,19058
11992,ACAA2,ENSG00000167315,30548
11993,STIM1,ENSG00000167323,19065
11994,RRM1,ENSG00000167325,19067
11995,OR51E2,ENSG00000167332,19086
11996,TRIM68,ENSG00000167333,19083
11997,MMP26,ENSG00000167346,19088
11998,OR51I1,ENSG00000167359,19120
11999,OR51Q1,ENSG00000167360,19119
12000,FN3K,ENSG00000167363,30059
12001,PRRT2,ENSG00000167371,27113
12002,ZNF23,ENSG00000167377,27712
12003,IRGQ,ENSG00000167378,32185
12004,ZNF226,ENSG00000167380,32217
12006,ZNF180,ENSG00000167384,32224
12007,PPP2R3B,ENSG00000167393,35303
12008,ZNF668,ENSG00000167394,27193
12009,ZNF646,ENSG00000167395,27195
12010,VKORC1,ENSG00000167397,27197
12011,GNG8,ENSG00000167414,32316
12012,LPO,ENSG00000167419,29520
12013,CA4,ENSG00000167434,29565
12014,SMG8,ENSG00000167447,29544
12015,TPM4,ENSG00000167460,31493
12016,RAB8A,ENSG00000167461,31495
12017,GPX4,ENSG00000167468,30908
12018,MIDN,ENSG00000167470,30914
12019,JSRP1,ENSG00000167476,30968
12020,NIBAN3,ENSG00000167483,31565
12021,KLHL26,ENSG00000167487,31610
12022,GATAD2A,ENSG00000167491,31634
12023,MVD,ENSG00000167508,28012
12024,CDT1,ENSG00000167513,28024
12025,TRAPPC2L,ENSG00000167515,28027
12026,ANKRD11,ENSG00000167522,28044
12027,SPATA33,ENSG00000167523,28056
12028,RSKR,ENSG00000167524,28699
12029,PROCA1,ENSG00000167525,28705
12030,RPL13,ENSG00000167526,28052
12031,ZNF641,ENSG00000167528,21624
12032,LALBA,ENSG00000167531,21632
12033,CACNB3,ENSG00000167535,21639
12034,DHRS13,ENSG00000167536,28722
12035,TP53I13,ENSG00000167543,28740
12036,KMT2D,ENSG00000167548,21651
12037,CORO6,ENSG00000167549,28745
12038,RHEBL1,ENSG00000167550,21652
12039,TUBA1A,ENSG00000167552,21658
12040,TUBA1C,ENSG00000167553,21659
12041,ZNF610,ENSG00000167554,32593
12042,ZNF528,ENSG00000167555,32596
12043,ZNF701,ENSG00000167562,32602
12044,SERTAD3,ENSG00000167565,32080
12045,NCKAP5L,ENSG00000167566,21676
12046,RAB4B,ENSG00000167578,32092
12047,AQP2,ENSG00000167580,21683
12048,GPD1,ENSG00000167588,21691
12049,PROSER3,ENSG00000167595,31898
12050,CYP2S1,ENSG00000167600,32102
12051,AXL,ENSG00000167601,32103
12052,NFKBID,ENSG00000167604,31905
12053,TMC4,ENSG00000167608,32656
12054,ANKRD33,ENSG00000167612,21727
12055,LAIR1,ENSG00000167613,32668
12056,TTYH1,ENSG00000167614,32669
12057,LENG8,ENSG00000167615,32675
12058,CDC42EP5,ENSG00000167617,32677
12059,LAIR2,ENSG00000167618,32678
12060,TMEM145,ENSG00000167619,32151
12061,ZNF526,ENSG00000167625,32145
12062,TRAPPC9,ENSG00000167632,16038
12063,KIR3DL1,ENSG00000167633,32689
12064,NLRP7,ENSG00000167634,32694
12065,ZNF146,ENSG00000167635,31925
12066,ZNF283,ENSG00000167637,32196
12067,PPP1R14A,ENSG00000167641,31988
12068,SPINT2,ENSG00000167642,31987
12069,C19orf33,ENSG00000167644,31991
12070,YIF1B,ENSG00000167645,31990
12071,DNAAF3,ENSG00000167646,32704
12072,PSCA,ENSG00000167653,16073
12073,ATCAY,ENSG00000167654,31037
12074,LY6D,ENSG00000167656,16083
12075,DAPK3,ENSG00000167657,31039
12076,EEF2,ENSG00000167658,31040
12077,TMIGD2,ENSG00000167664,31051
12078,CHAF1A,ENSG00000167670,31060
12079,UBXN6,ENSG00000167671,31062
12080,HDGFL2,ENSG00000167674,31066
12081,PLIN4,ENSG00000167676,31067
12082,SEMA6B,ENSG00000167680,31070
12083,ZNF444,ENSG00000167685,32759
12084,NXN,ENSG00000167693,28104
12085,TLCD3A,ENSG00000167695,28097
12086,GLOD4,ENSG00000167699,28099
12087,MFSD3,ENSG00000167700,16174
12088,GPT,ENSG00000167701,16173
12089,KIFC2,ENSG00000167702,16169
12090,SLC43A2,ENSG00000167703,28120
12091,RILP,ENSG00000167705,28122
12092,SERPINF2,ENSG00000167711,28129
12093,WDR81,ENSG00000167716,28127
12094,SRR,ENSG00000167720,28148
12095,TSR1,ENSG00000167721,28149
12096,TRPV3,ENSG00000167723,28179
12097,HSD11B1L,ENSG00000167733,31096
12098,CYB5D2,ENSG00000167740,28199
12099,GGT6,ENSG00000167741,28209
12101,KLK1,ENSG00000167748,32510
12102,KLK4,ENSG00000167749,32515
12103,KLK2,ENSG00000167751,32514
12104,KLK5,ENSG00000167754,32516
12105,KLK6,ENSG00000167755,32518
12106,KLK11,ENSG00000167757,32525
12107,KLK13,ENSG00000167759,32529
12109,ZNF83,ENSG00000167766,32604
12110,KRT80,ENSG00000167767,21738
12111,KRT1,ENSG00000167768,21764
12112,ACER1,ENSG00000167769,31119
12113,OTUB1,ENSG00000167770,19921
12114,RCOR2,ENSG00000167771,19918
12115,ANGPTL4,ENSG00000167772,31201
12117,CD320,ENSG00000167775,31197
12118,SPRYD3,ENSG00000167778,21778
12119,IGFBP6,ENSG00000167779,21779
12120,SOAT2,ENSG00000167780,21780
12121,ZNF558,ENSG00000167785,31216
12122,CABP2,ENSG00000167791,20113
12123,NDUFV1,ENSG00000167792,20117
12124,CDK2AP2,ENSG00000167797,20112
12125,NUDT8,ENSG00000167799,20118
12126,TBX10,ENSG00000167800,20119
12128,PRDX2,ENSG00000167815,31375
12129,OR8J3,ENSG00000167822,19678
12130,OR5I1,ENSG00000167825,19671
12131,ZNF232,ENSG00000167840,28248
12132,MIS12,ENSG00000167842,28264
12133,CD300C,ENSG00000167850,29758
12134,CD300A,ENSG00000167851,29756
12135,TEKT1,ENSG00000167858,28284
12136,HID1,ENSG00000167861,29776
12137,MRPL58,ENSG00000167862,29779
12138,ATP5PD,ENSG00000167863,29781
12139,TMEM88,ENSG00000167874,28349
12140,EVPL,ENSG00000167880,29827
12141,SRP68,ENSG00000167881,29828
12142,MGAT5B,ENSG00000167889,29863
12143,TMC8,ENSG00000167895,29885
12144,TK1,ENSG00000167900,29888
12145,TMEM68,ENSG00000167904,15334
12146,CYP7A1,ENSG00000167910,15368
12147,GSDMA,ENSG00000167914,29019
12148,KRT24,ENSG00000167916,29044
12150,GHDC,ENSG00000167925,29138
12151,FAM234A,ENSG00000167930,26446
12152,SOST,ENSG00000167941,29198
12154,ZNF598,ENSG00000167962,26572
12155,RAB26,ENSG00000167964,26582
12156,MLST8,ENSG00000167965,26586
12157,E4F1,ENSG00000167967,26590
12158,DNASE1L2,ENSG00000167968,26592
12159,ECI1,ENSG00000167969,26593
12161,CASKIN1,ENSG00000167971,26585
12162,ABCA3,ENSG00000167972,26597
12163,KCTD5,ENSG00000167977,26619
12164,SRRM2,ENSG00000167978,26622
12165,ZNF597,ENSG00000167981,26674
12166,SDHAF2,ENSG00000167985,19827
12167,DDB1,ENSG00000167986,19821
12168,VPS37C,ENSG00000167987,19816
12169,VWCE,ENSG00000167992,19820
12170,RAB3IL1,ENSG00000167994,19843
12171,BEST1,ENSG00000167995,19844
12172,FTH1,ENSG00000167996,19845
12173,BSCL2,ENSG00000168000,19878
12174,POLR2G,ENSG00000168002,19883
12175,SLC3A2,ENSG00000168003,19896
12176,PLAAT5,ENSG00000168004,19905
12177,SPINDOC,ENSG00000168005,19916
12178,ATG16L2,ENSG00000168010,20237
12179,C2CD3,ENSG00000168014,20262
12180,TRANK1,ENSG00000168016,6233
12181,TTC21A,ENSG00000168026,6264
12182,RPSA,ENSG00000168028,6276
12183,ENTPD3,ENSG00000168032,6285
12184,CTNNB1,ENSG00000168036,6295
12185,ULK4,ENSG00000168038,6296
12186,FADD,ENSG00000168040,20175
12187,LTBP3,ENSG00000168056,20006
12188,NAALADL1,ENSG00000168060,19976
12189,SAC3D1,ENSG00000168061,19975
12190,BATF2,ENSG00000168062,19972
12191,SLC22A11,ENSG00000168065,19955
12192,SF1,ENSG00000168066,19961
12193,MAP4K2,ENSG00000168067,19963
12194,MAJIN,ENSG00000168070,19971
12195,CCDC88B,ENSG00000168071,19948
12196,SCARA3,ENSG00000168077,15066
12197,PBK,ENSG00000168078,15070
12198,SCARA5,ENSG00000168079,15071
12199,PNOC,ENSG00000168081,15076
12200,COPS6,ENSG00000168090,13948
12201,PAFAH1B2,ENSG00000168092,20680
12202,ANKS3,ENSG00000168096,26713
12203,NUDT16L1,ENSG00000168101,26712
12204,KIAA1586,ENSG00000168116,12124
12205,RAB4A,ENSG00000168118,3142
12206,OR1F1,ENSG00000168124,26661
12207,OR2B2,ENSG00000168131,11550
12208,KCNJ4,ENSG00000168135,35019
12209,SETD5,ENSG00000168137,6015
12210,VASN,ENSG00000168140,26699
12211,FAM83B,ENSG00000168143,12113
12213,THAP9,ENSG00000168152,8564
12214,OR2C1,ENSG00000168158,26669
12215,RNF187,ENSG00000168159,3135
12216,HOOK3,ENSG00000168172,15257
12217,MAPK1IP1L,ENSG00000168175,24282
12218,DDIT4,ENSG00000168209,18170
12219,RBPJ,ENSG00000168214,8134
12220,LMBRD1,ENSG00000168216,12160
12221,ZCCHC4,ENSG00000168228,8125
12222,PTGDR,ENSG00000168229,24249
12223,TTC39C,ENSG00000168234,30337
12224,GLYCTK,ENSG00000168237,6547
12226,GNG4,ENSG00000168243,3239
12227,UBTD2,ENSG00000168246,10992
12228,POLR2J3,ENSG00000168255,14034
12229,NKIRAS2,ENSG00000168256,29128
12230,DNAJC7,ENSG00000168259,29127
12232,KCNV2,ENSG00000168263,16225
12233,IRF2BP2,ENSG00000168264,3215
12234,PTF1A,ENSG00000168267,17772
12235,NT5DC2,ENSG00000168268,6556
12236,FOXI1,ENSG00000168269,10968
12239,COA6,ENSG00000168275,3209
12240,KIF5C,ENSG00000168280,4981
12241,MGAT2,ENSG00000168282,24194
12242,BMI1,ENSG00000168283,17760
12243,THAP11,ENSG00000168286,27621
12244,MMADHC,ENSG00000168288,4986
12245,PDHB,ENSG00000168291,6628
12246,PXK,ENSG00000168297,6627
12248,PCMTD1,ENSG00000168300,15299
12249,KCTD6,ENSG00000168301,6631
12250,MPLKIP,ENSG00000168303,13467
12251,ACOX2,ENSG00000168306,6632
12252,FAM107A,ENSG00000168309,6633
12253,IRF2,ENSG00000168310,9301
12254,MOBP,ENSG00000168314,6279
12255,CX3CR1,ENSG00000168329,6272
12256,PPDPFL,ENSG00000168333,15288
12257,XIRP1,ENSG00000168334,6269
12258,INSM2,ENSG00000168348,24105
12259,DEGS2,ENSG00000168350,24847
12260,SCN11A,ENSG00000168356,6261
12261,ARF4,ENSG00000168374,6613
12262,SEPTIN2,ENSG00000168385,5920
12263,FILIP1L,ENSG00000168386,6827
12264,MFSD2A,ENSG00000168389,868
12265,DTYMK,ENSG00000168393,5931
12266,TAP1,ENSG00000168394,11769
12267,ING5,ENSG00000168395,5932
12268,ATG4B,ENSG00000168397,5930
12269,BDKRB2,ENSG00000168398,24796
12270,MLKL,ENSG00000168404,27767
12271,RFWD3,ENSG00000168411,27766
12272,MTNR1A,ENSG00000168412,9341
12273,KCNG4,ENSG00000168418,27902
12274,RHOH,ENSG00000168421,8220
12275,KLHL30,ENSG00000168427,5856
12276,COG7,ENSG00000168434,26996
12277,CDC40,ENSG00000168438,12428
12278,STIP1,ENSG00000168439,19927
12279,SCNN1B,ENSG00000168447,26995
12280,HR,ENSG00000168453,14974
12281,TXNDC2,ENSG00000168454,30205
12282,RAB31,ENSG00000168461,30203
12283,REEP4,ENSG00000168476,14975
12284,TNXB,ENSG00000168477,11737
12285,LGI3,ENSG00000168481,14976
12286,SFTPC,ENSG00000168484,14977
12287,BMP1,ENSG00000168487,14978
12288,ATXN2L,ENSG00000168488,27078
12289,PHYHIP,ENSG00000168490,14981
12290,CCDC110,ENSG00000168491,9327
12291,POLR3D,ENSG00000168495,14982
12292,FEN1,ENSG00000168496,19839
12293,CAVIN2,ENSG00000168497,5340
12294,MTCL1,ENSG00000168502,30184
12295,GBX2,ENSG00000168505,5828
12296,HJV,ENSG00000168509,1854
12297,SCGB1D1,ENSG00000168515,19849
12298,HEXIM2,ENSG00000168517,29262
12299,FNTA,ENSG00000168522,15258
12300,SERINC2,ENSG00000168528,694
12301,MYL1,ENSG00000168530,5517
12302,TRAPPC11,ENSG00000168538,9292
12303,CHRM1,ENSG00000168539,19897
12304,COL3A1,ENSG00000168542,5304
12305,GFRA2,ENSG00000168546,14966
12306,ING2,ENSG00000168556,9289
12307,CDKN2AIP,ENSG00000168564,9287
12308,SNRNP48,ENSG00000168566,11300
12309,TMEM223,ENSG00000168569,19886
12310,SLC20A2,ENSG00000168575,15248
12311,CRYGA,ENSG00000168582,5500
12312,DYNLRB2,ENSG00000168589,27846
12313,TMUB2,ENSG00000168591,29220
12314,ADAM29,ENSG00000168594,9237
12315,STAT3,ENSG00000168610,29144
12316,ZSWIM1,ENSG00000168612,33521
12318,ADAM9,ENSG00000168615,15206
12319,ADAM18,ENSG00000168619,15208
12320,GDNF,ENSG00000168621,9707
12321,MUCL3,ENSG00000168631,11656
12322,WFDC13,ENSG00000168634,33512
12323,AXIN2,ENSG00000168646,29651
12324,NDUFS5,ENSG00000168653,846
12325,VWA3B,ENSG00000168658,4535
12326,ZNF30,ENSG00000168661,31842
12327,UGT3A2,ENSG00000168671,9689
12328,LRATD2,ENSG00000168672,15956
12329,LDLRAD4,ENSG00000168675,30267
12330,KCTD19,ENSG00000168676,27593
12331,SLC16A4,ENSG00000168679,1651
12332,IL7R,ENSG00000168685,9685
12333,TMEM208,ENSG00000168701,27589
12334,LRP1B,ENSG00000168702,4946
12335,WFDC12,ENSG00000168703,33488
12336,AHCYL1,ENSG00000168710,1637
12337,DNAJC21,ENSG00000168724,9680
12338,PKIG,ENSG00000168734,33472
12339,NPNT,ENSG00000168743,8736
12340,LINC01620,ENSG00000168746,33469
12341,CA7,ENSG00000168748,27569
12342,FAM178B,ENSG00000168754,4509
12343,TSPY2,ENSG00000168757,36460
12344,SEMA4C,ENSG00000168758,4508
12345,CNNM3,ENSG00000168763,4505
12346,GSTM4,ENSG00000168765,1625
12347,TET2,ENSG00000168769,8727
12348,CXXC4,ENSG00000168772,8721
12349,TCTN2,ENSG00000168778,22742
12350,SHOX2,ENSG00000168779,7423
12351,PPIP5K1,ENSG00000168781,25514
12352,TSPAN5,ENSG00000168785,8663
12354,ABHD15,ENSG00000168792,28738
12355,ZBTB5,ENSG00000168795,16547
12356,CHTF8,ENSG00000168802,27663
12357,ADAL,ENSG00000168803,25509
12358,LCMT2,ENSG00000168806,25508
12359,SNTB2,ENSG00000168807,27665
12360,IL12A,ENSG00000168811,7442
12361,ZNF507,ENSG00000168813,31784
12362,STX18,ENSG00000168818,7942
12363,NSG1,ENSG00000168824,7941
12364,ZBTB49,ENSG00000168826,7939
12365,GFM1,ENSG00000168827,7427
12366,OR13J1,ENSG00000168828,16524
12367,HTR1E,ENSG00000168830,12279
12368,FSTL5,ENSG00000168843,9147
12369,DDX19A,ENSG00000168872,27691
12370,ATOH8,ENSG00000168874,4335
12371,SOX14,ENSG00000168875,7203
12372,ANKRD49,ENSG00000168876,20462
12373,SFTPB,ENSG00000168878,4333
12374,USP39,ENSG00000168883,4331
12375,TNIP2,ENSG00000168884,7914
12376,C2orf68,ENSG00000168887,4332
12377,TMEM150A,ENSG00000168890,4330
12378,RNF181,ENSG00000168894,4329
12379,VAMP5,ENSG00000168899,4328
12380,BTNL3,ENSG00000168903,11167
12381,LRRC28,ENSG00000168904,26382
12382,MAT2A,ENSG00000168906,4325
12383,PLA2G4F,ENSG00000168907,25480
12384,ENHO,ENSG00000168913,16468
12385,ZNF608,ENSG00000168916,10387
12386,SLC35G2,ENSG00000168917,7197
12387,INPP5D,ENSG00000168918,5792
12388,LETM1,ENSG00000168924,7899
12389,CTRB1,ENSG00000168925,27776
12390,CTRB2,ENSG00000168928,27775
12391,TRIM49,ENSG00000168930,20426
12392,TMEM129,ENSG00000168936,7897
12393,PPIC,ENSG00000168938,10375
12394,SPRY3,ENSG00000168939,36444
12395,CEP120,ENSG00000168944,10379
12396,STXBP6,ENSG00000168952,24025
12397,TM4SF20,ENSG00000168955,5710
12398,MFF,ENSG00000168958,5709
12399,GRM5,ENSG00000168959,20420
12400,LGALS9,ENSG00000168961,28663
12402,CPLX1,ENSG00000168993,7867
12403,PXDC1,ENSG00000168994,11245
12404,SIGLEC7,ENSG00000168995,32533
12405,NTSR2,ENSG00000169006,3567
12406,E2F6,ENSG00000169016,3565
12407,FEM1B,ENSG00000169018,25884
12408,COMMD8,ENSG00000169019,8273
12409,ATP5ME,ENSG00000169020,7859
12410,UQCRFS1,ENSG00000169021,31745
12411,SLC49A3,ENSG00000169026,7861
12412,COL4A3,ENSG00000169031,5707
12413,MAP2K1,ENSG00000169032,25856
12414,KLK7,ENSG00000169035,32520
12415,HNRNPH1,ENSG00000169045,11136
12416,IRS1,ENSG00000169047,5702
12417,MECP2,ENSG00000169057,36390
12418,VCX3A,ENSG00000169059,35342
12419,UPF3A,ENSG00000169062,23687
12420,ZBBX,ENSG00000169064,7472
12421,ACTBL2,ENSG00000169067,9863
12422,ROR2,ENSG00000169071,16821
12423,AR,ENSG00000169083,35786
12424,DHRSX,ENSG00000169084,35320
12425,VXN,ENSG00000169085,15440
12426,HSPBAP1,ENSG00000169087,7026
12427,ASMTL,ENSG00000169093,35314
12428,SLC25A6,ENSG00000169100,35311
12429,CHST14,ENSG00000169105,25425
12430,PARM1,ENSG00000169116,8488
12431,CSNK1G1,ENSG00000169118,25813
12432,FAM110B,ENSG00000169122,15361
12434,AFAP1L2,ENSG00000169129,18683
12435,ZNF354A,ENSG00000169131,11120
12436,ATF5,ENSG00000169136,32475
12437,UBE2V2,ENSG00000169139,15275
12438,GOT1L1,ENSG00000169154,15173
12439,ZBTB43,ENSG00000169155,17199
12440,CPT1C,ENSG00000169169,32460
12441,PCSK9,ENSG00000169174,1157
12442,XPO6,ENSG00000169180,27056
12443,GSG1L,ENSG00000169181,27055
12444,MN1,ENSG00000169184,34783
12445,APEX2,ENSG00000169188,35741
12446,NSMCE1,ENSG00000169189,27044
12447,CCDC126,ENSG00000169193,13259
12448,IL13,ENSG00000169194,10456
12449,NPIPB12,ENSG00000169203,27102
12450,OR10G3,ENSG00000169208,23786
12451,RAB3B,ENSG00000169213,1080
12452,OR6F1,ENSG00000169214,3364
12453,CD2BP2,ENSG00000169217,27146
12454,RSPO1,ENSG00000169218,818
12455,RGS14,ENSG00000169220,11081
12456,TBC1D10B,ENSG00000169221,27148
12457,LMAN2,ENSG00000169223,11080
12458,GCSAML,ENSG00000169224,3356
12459,RAB24,ENSG00000169228,11077
12460,PRELID1,ENSG00000169230,11079
12461,THBS3,ENSG00000169231,2141
12462,CA5B,ENSG00000169239,35406
12463,SLC50A1,ENSG00000169241,2135
12464,EFNA1,ENSG00000169242,2134
12465,CXCL10,ENSG00000169245,8510
12466,NPIPB3,ENSG00000169246,26959
12467,SH3TC2,ENSG00000169247,10771
12468,CXCL11,ENSG00000169248,8511
12469,ZRSR2,ENSG00000169249,35408
12470,NMD3,ENSG00000169251,7453
12471,ADRB2,ENSG00000169252,10770
12472,B3GALNT1,ENSG00000169255,7452
12473,GPRIN1,ENSG00000169258,11062
12474,HSPB3,ENSG00000169271,9822
12475,KCNAB1,ENSG00000169282,7400
12476,MRPL1,ENSG00000169288,8529
12477,SHE,ENSG00000169291,2107
12478,NR0B1,ENSG00000169297,35495
12479,PGM2,ENSG00000169299,8184
12480,STK32A,ENSG00000169302,10747
12481,IL1RAPL1,ENSG00000169306,35489
12482,P2RY12,ENSG00000169313,7358
12483,C22orf15,ENSG00000169314,34687
12484,OR5AU1,ENSG00000169327,23774
12485,MINAR1,ENSG00000169330,26094
12486,PDILT,ENSG00000169340,26937
12487,UMOD,ENSG00000169344,26936
12488,GP2,ENSG00000169347,26935
12489,SLC33A1,ENSG00000169359,7396
12490,SNUPN,ENSG00000169371,26022
12491,CRADD,ENSG00000169372,22291
12492,SIN3A,ENSG00000169375,26019
12493,ARL13B,ENSG00000169379,6782
12494,RNASE2,ENSG00000169385,23759
12495,ELSPBP1,ENSG00000169393,32358
12496,RNASE3,ENSG00000169397,23755
12497,PTK2,ENSG00000169398,16045
12498,RSPH10B2,ENSG00000169402,13139
12499,PTAFR,ENSG00000169403,646
12500,PTPN9,ENSG00000169410,26021
12501,RNASE6,ENSG00000169413,23750
12502,NPR1,ENSG00000169418,2080
12503,KCNK9,ENSG00000169427,16037
12504,CXCL8,ENSG00000169429,8468
12505,SCN9A,ENSG00000169432,5105
12506,RASSF6,ENSG00000169435,8466
12507,COL22A1,ENSG00000169436,16033
12508,SDC2,ENSG00000169439,15706
12509,CD52,ENSG00000169442,595
12510,MMGT1,ENSG00000169446,36231
12511,SPRR1B,ENSG00000169469,2046
12512,SPRR1A,ENSG00000169474,2044
12513,OR4K14,ENSG00000169484,23715
12514,OR4K15,ENSG00000169488,23714
12515,TM2D2,ENSG00000169490,15205
12516,HTRA4,ENSG00000169495,15204
12517,PLEKHA2,ENSG00000169499,15202
12518,CLIC4,ENSG00000169504,552
12519,SLC38A11,ENSG00000169507,5092
12520,GPR183,ENSG00000169508,23510
12521,CRCT1,ENSG00000169509,2018
12522,CCDC8,ENSG00000169515,32306
12523,METTL15,ENSG00000169519,19419
12524,ZNF280A,ENSG00000169548,34614
12525,MUC15,ENSG00000169550,19404
12526,CT55,ENSG00000169551,36212
12527,ZEB2,ENSG00000169554,4959
12528,GJB1,ENSG00000169562,35823
12529,PCBP1,ENSG00000169564,4156
12530,HINT1,ENSG00000169567,10430
12531,DTWD2,ENSG00000169570,10348
12532,VPREB1,ENSG00000169575,34591
12533,CLIC3,ENSG00000169583,17465
12534,INO80E,ENSG00000169592,27125
12535,BNC1,ENSG00000169594,26167
12536,DFFB,ENSG00000169598,146
12537,NFU1,ENSG00000169599,4147
12538,ANTXR1,ENSG00000169604,4144
12539,GKN1,ENSG00000169605,4143
12540,CKAP2L,ENSG00000169607,4722
12541,C15orf40,ENSG00000169609,26156
12542,RAMAC,ENSG00000169612,26155
12543,PROKR1,ENSG00000169618,4137
12544,APLF,ENSG00000169621,4136
12545,BOLA2B,ENSG00000169627,27142
12546,RGPD8,ENSG00000169629,4713
12547,HIC2,ENSG00000169635,34554
12548,LUZP1,ENSG00000169641,509
12549,HEXD,ENSG00000169660,30042
12550,DRD5,ENSG00000169676,8027
12551,BUB1,ENSG00000169679,4689
12552,SPNS1,ENSG00000169682,27090
12553,LRRC45,ENSG00000169683,30017
12554,CHRNA5,ENSG00000169684,26080
12555,MT1B,ENSG00000169688,27456
12556,CENPX,ENSG00000169689,30016
12557,AGPAT2,ENSG00000169692,17441
12558,ASPSCR1,ENSG00000169696,30015
12559,GP9,ENSG00000169704,7118
12560,FASN,ENSG00000169710,30024
12561,CNBP,ENSG00000169714,7123
12562,MT1E,ENSG00000169715,27453
12563,ACTRT2,ENSG00000169717,125
12564,DUS1L,ENSG00000169718,30023
12565,GPS1,ENSG00000169727,30022
12566,RFNG,ENSG00000169733,30021
12567,DCXR,ENSG00000169738,30019
12568,ZNF32,ENSG00000169740,17922
12569,LDB2,ENSG00000169744,8080
12570,RAC3,ENSG00000169750,30018
12571,NRG4,ENSG00000169752,26038
12572,LIMS1,ENSG00000169756,4667
12573,TMEM266,ENSG00000169758,26039
12574,NLGN1,ENSG00000169760,7536
12575,TAPT1,ENSG00000169762,8075
12576,UGP2,ENSG00000169764,4077
12577,TAS2R1,ENSG00000169777,9509
12578,LINGO1,ENSG00000169783,26056
12579,PRY,ENSG00000169789,36539
12580,RBMY1F,ENSG00000169800,36534
12581,PRY2,ENSG00000169807,36531
12582,HNRNPF,ENSG00000169813,17914
12583,BTD,ENSG00000169814,6117
12584,CSGALNACT2,ENSG00000169826,17909
12585,TACR3,ENSG00000169836,8717
12586,GSX1,ENSG00000169840,23012
12587,PCDH7,ENSG00000169851,8154
12588,ROBO1,ENSG00000169855,6745
12589,ONECUT1,ENSG00000169856,25672
12590,AVEN,ENSG00000169857,25331
12591,P2RY1,ENSG00000169860,7371
12592,CTNND2,ENSG00000169862,9536
12593,TRIM56,ENSG00000169871,14003
12594,MUC17,ENSG00000169876,14002
12595,AHSP,ENSG00000169877,27227
12596,WNT10B,ENSG00000169884,21645
12597,CALML6,ENSG00000169885,88
12598,REPS2,ENSG00000169891,35418
12599,MUC3A,ENSG00000169894,13998
12600,SYAP1,ENSG00000169895,35415
12601,ITGAM,ENSG00000169896,27212
12602,PYDC1,ENSG00000169900,27211
12603,TPST1,ENSG00000169902,13670
12604,TM4SF4,ENSG00000169903,7324
12605,TOR1AIP2,ENSG00000169905,2554
12606,S100G,ENSG00000169906,35414
12607,TM4SF1,ENSG00000169908,7321
12608,OTUD3,ENSG00000169914,446
12609,OTUD7A,ENSG00000169918,25309
12610,GUSB,ENSG00000169919,13666
12611,BRD3,ENSG00000169925,17379
12612,KLF13,ENSG00000169926,25308
12613,FRMPD4,ENSG00000169933,35372
12614,ZFPM2,ENSG00000169946,15802
12615,ZNF764,ENSG00000169951,27163
12616,HSFY2,ENSG00000169953,36512
12617,ZNF747,ENSG00000169955,27161
12618,ZNF768,ENSG00000169957,27160
12619,TAS1R3,ENSG00000169962,56
12620,TMEM42,ENSG00000169964,6353
12621,MAP3K2,ENSG00000169967,4832
12622,PUSL1,ENSG00000169972,52
12623,SF3B5,ENSG00000169976,12714
12624,ZNF35,ENSG00000169981,6347
12625,TIGD4,ENSG00000169989,9079
12626,IFFO2,ENSG00000169991,429
12627,NLGN2,ENSG00000169992,28319
12628,MYO7B,ENSG00000169994,4838
12629,CHD3,ENSG00000170004,28352
12630,TMEM154,ENSG00000170006,9077
12631,MYRIP,ENSG00000170011,6281
12632,ALCAM,ENSG00000170017,6854
12633,YWHAG,ENSG00000170027,13757
12634,UBE2E3,ENSG00000170035,5255
12635,CNTROB,ENSG00000170037,28356
12636,TRAPPC1,ENSG00000170043,28355
12637,ZPLD1,ENSG00000170044,6852
12638,KCNAB3,ENSG00000170049,28354
12639,SERPINA9,ENSG00000170054,24765
12640,FAM153A,ENSG00000170074,11099
12641,GPR37L1,ENSG00000170075,2755
12642,SIMC1,ENSG00000170085,11051
12643,TMEM192,ENSG00000170088,9167
12644,NSG2,ENSG00000170091,11025
12645,SPDYE5,ENSG00000170092,13746
12646,SERPINA6,ENSG00000170099,24761
12647,ZNF778,ENSG00000170100,28042
12648,NIPA1,ENSG00000170113,25214
12649,FOXD4,ENSG00000170122,16202
12650,GPR25,ENSG00000170128,2723
12651,UBE2E1,ENSG00000170142,6161
12652,HNRNPA3,ENSG00000170144,5217
12653,SIK2,ENSG00000170145,20594
12654,RNF150,ENSG00000170153,8974
12655,CCDC144A,ENSG00000170160,28514
12656,VGLL2,ENSG00000170162,12500
12657,HOXD4,ENSG00000170166,5202
12658,CHRNB1,ENSG00000170175,28327
12659,HOXD12,ENSG00000170178,5195
12660,GYPA,ENSG00000170180,8996
12661,USP38,ENSG00000170185,8985
12662,SLC16A5,ENSG00000170190,29782
12663,NANP,ENSG00000170191,33218
12664,ANKK1,ENSG00000170209,20631
12665,ADRA1B,ENSG00000170214,10906
12667,ADPRM,ENSG00000170222,28426
12668,FABP6,ENSG00000170231,10909
12669,PWWP2A,ENSG00000170234,10908
12670,USP50,ENSG00000170236,25625
12671,USP47,ENSG00000170242,19265
12672,PDCD6IP,ENSG00000170248,6222
12673,MRGPRX1,ENSG00000170255,19355
12674,ZNF212,ENSG00000170260,14553
12675,MRAP,ENSG00000170262,34084
12676,FAM161A,ENSG00000170264,4059
12677,ZNF282,ENSG00000170265,14552
12678,GLB1,ENSG00000170266,6213
12679,GON7,ENSG00000170270,24742
12680,FAXDC2,ENSG00000170271,10853
12681,CRTAP,ENSG00000170275,6215
12682,HSPB2,ENSG00000170276,20602
12683,C7orf33,ENSG00000170279,14541
12684,CNGB3,ENSG00000170289,15613
12685,SLN,ENSG00000170290,20554
12686,ELP5,ENSG00000170291,28304
12687,CMTM8,ENSG00000170293,6205
12688,GABARAP,ENSG00000170296,28302
12689,LGALS9B,ENSG00000170298,28619
12690,STX8,ENSG00000170310,28396
12691,CDK1,ENSG00000170312,18068
12692,UBB,ENSG00000170315,28502
12693,NFRKB,ENSG00000170322,20919
12694,FABP4,ENSG00000170323,15571
12695,FRMPD2,ENSG00000170324,17983
12696,PRDM10,ENSG00000170325,20920
12697,B3GNT2,ENSG00000170340,4065
12698,FOS,ENSG00000170345,24559
12699,TMED10,ENSG00000170348,24555
12700,SETMAR,ENSG00000170364,5976
12701,SMAD1,ENSG00000170365,9007
12702,CST5,ENSG00000170367,33192
12703,CST2,ENSG00000170369,33191
12704,EMX2,ENSG00000170370,18712
12705,CST1,ENSG00000170373,33189
12706,SP7,ENSG00000170374,21793
12707,TCAF2,ENSG00000170379,14511
12708,SEMA3E,ENSG00000170381,13800
12709,LRRN2,ENSG00000170382,2809
12710,SLC30A1,ENSG00000170385,2921
12711,DCLK2,ENSG00000170390,9046
12712,ZNF804A,ENSG00000170396,5284
12713,GPRC5C,ENSG00000170412,29755
12714,TMEM182,ENSG00000170417,4598
12715,VSTM2A,ENSG00000170419,13590
12716,KRT8,ENSG00000170421,21772
12717,KRT78,ENSG00000170423,21771
12718,ADORA2B,ENSG00000170425,28494
12719,SDR9C7,ENSG00000170426,21938
12720,MGMT,ENSG00000170430,18841
12722,KRT86,ENSG00000170442,21742
12724,NFXL1,ENSG00000170448,8281
12725,KRT75,ENSG00000170454,21753
12726,DENND5B,ENSG00000170456,21482
12727,CD14,ENSG00000170458,10606
12728,DNAJC18,ENSG00000170464,10574
12729,KRT6C,ENSG00000170465,21755
12730,RIOX1,ENSG00000170468,24504
12731,SPATA24,ENSG00000170469,10573
12732,RALGAPB,ENSG00000170471,33413
12733,PYM1,ENSG00000170473,21887
12734,MZB1,ENSG00000170476,10571
12735,KRT4,ENSG00000170477,21769
12736,SLC23A1,ENSG00000170482,10570
12737,KRT74,ENSG00000170484,21759
12738,NPAS2,ENSG00000170485,4569
12739,KRT72,ENSG00000170486,21760
12740,KISS1,ENSG00000170498,2799
12741,LONRF2,ENSG00000170500,4560
12742,NUDT9,ENSG00000170502,8597
12743,HSD17B13,ENSG00000170509,8595
12744,PA2G4,ENSG00000170515,21900
12745,COX7B2,ENSG00000170516,8269
12746,ELOVL6,ENSG00000170522,8773
12747,KRT83,ENSG00000170523,21747
12748,PFKFB3,ENSG00000170525,17610
12749,TMC7,ENSG00000170537,26906
12750,ARL6IP1,ENSG00000170540,26902
12751,SERPINB9,ENSG00000170542,11227
12752,SMAGP,ENSG00000170545,21714
12753,IRX1,ENSG00000170549,9441
12754,CDH2,ENSG00000170558,30379
12755,IRX2,ENSG00000170561,9433
12756,EMB,ENSG00000170571,9792
12757,SIX2,ENSG00000170577,3929
12758,DLGAP1,ENSG00000170579,30129
12759,STAT2,ENSG00000170581,21924
12760,NUDCD2,ENSG00000170584,10929
12761,IRF2BP1,ENSG00000170604,32285
12762,OR9K2,ENSG00000170605,21858
12763,HSPA4,ENSG00000170606,10473
12764,FOXA3,ENSG00000170608,32284
12766,SLC26A5,ENSG00000170615,14051
12768,COMMD5,ENSG00000170619,16189
12769,SGCD,ENSG00000170624,10859
12770,GTSF1,ENSG00000170627,21846
12771,ZNF16,ENSG00000170631,16192
12772,ARMC10,ENSG00000170632,14046
12773,RNF34,ENSG00000170633,22676
12774,ACYP2,ENSG00000170634,3999
12775,TRABD,ENSG00000170638,35260
12777,ATF7,ENSG00000170653,21803
12778,RASA4B,ENSG00000170667,14031
12779,SOCS6,ENSG00000170677,30729
12780,CAVIN4,ENSG00000170681,16949
12781,OR10A3,ENSG00000170683,19203
12782,ZNF296,ENSG00000170684,32247
12783,HOXB9,ENSG00000170689,29358
12784,TTLL6,ENSG00000170703,29366
12786,POLH,ENSG00000170734,11990
12787,SYT9,ENSG00000170743,19189
12788,KCNS3,ENSG00000170745,3614
12789,RBMXL2,ENSG00000170748,19187
12790,KIF5B,ENSG00000170759,17844
12791,GPR37,ENSG00000170775,14208
12792,AKAP13,ENSG00000170776,26191
12793,TPD52L3,ENSG00000170777,16266
12794,CDCA4,ENSG00000170779,24966
12795,OR10A4,ENSG00000170782,19181
12796,SDR16C5,ENSG00000170786,15344
12797,DYDC1,ENSG00000170788,18290
12798,OR10A2,ENSG00000170790,19180
12799,CHCHD7,ENSG00000170791,15342
12800,HTRA3,ENSG00000170801,7989
12801,FOXN2,ENSG00000170802,3972
12803,LMOD2,ENSG00000170807,14197
12804,BFSP2,ENSG00000170819,7169
12805,FSHR,ENSG00000170820,3980
12806,USP32,ENSG00000170832,29566
12807,CEL,ENSG00000170835,17354
12808,PPM1D,ENSG00000170836,29571
12809,GPR27,ENSG00000170837,6712
12810,PSG6,ENSG00000170848,32164
12811,KBTBD2,ENSG00000170852,13379
12812,RIOX2,ENSG00000170854,6796
12813,TRIAP1,ENSG00000170855,22644
12814,LSM3,ENSG00000170860,6091
12816,KIAA0232,ENSG00000170871,7970
12817,MTSS1,ENSG00000170873,15934
12818,TMEM43,ENSG00000170876,6088
12819,RNF139,ENSG00000170881,15930
12820,RPS9,ENSG00000170889,32660
12821,PLA2G1B,ENSG00000170890,22640
12822,CYTL1,ENSG00000170891,7947
12823,TSEN34,ENSG00000170892,32658
12824,TRH,ENSG00000170893,7139
12825,GSTA4,ENSG00000170899,12090
12826,MSANTD4,ENSG00000170903,20542
12827,NDUFA3,ENSG00000170906,32650
12828,OSCAR,ENSG00000170909,32649
12829,PAQR8,ENSG00000170915,12081
12830,NUDT6,ENSG00000170917,8859
12831,OR7G3,ENSG00000170920,31224
12832,TANC2,ENSG00000170921,29601
12833,OR7G2,ENSG00000170923,31222
12834,TEX13B,ENSG00000170925,36030
12835,PKHD1,ENSG00000170927,12076
12836,OR1M1,ENSG00000170929,31221
12837,NCBP2L,ENSG00000170935,36027
12838,DNAJC24,ENSG00000170946,19440
12839,MBD3L1,ENSG00000170948,31218
12840,ZNF160,ENSG00000170949,32618
12841,PGK2,ENSG00000170950,12061
12842,OR8B12,ENSG00000170953,20831
12843,ZNF415,ENSG00000170954,32619
12844,CAVIN3,ENSG00000170955,19154
12845,CEACAM3,ENSG00000170956,32129
12846,DCDC1,ENSG00000170959,19438
12847,HAS2,ENSG00000170961,15890
12848,PDGFD,ENSG00000170962,20530
12849,PLAC1,ENSG00000170965,36197
12850,DDI1,ENSG00000170967,20532
12851,S1PR1,ENSG00000170989,1559
12852,HS6ST2,ENSG00000171004,36185
12853,OR4D5,ENSG00000171014,20812
12854,PYGO1,ENSG00000171016,25691
12855,LRRC8E,ENSG00000171017,31179
12856,PKIA,ENSG00000171033,15535
12857,XKR6,ENSG00000171044,14850
12858,TSNARE1,ENSG00000171045,16066
12859,FPR2,ENSG00000171049,32567
12860,FPR1,ENSG00000171051,32566
12861,PATE1,ENSG00000171053,20866
12862,OR13H1,ENSG00000171054,36177
12863,FEZ2,ENSG00000171055,3835
12864,SOX7,ENSG00000171056,14846
12865,C8orf74,ENSG00000171060,14845
12866,C11orf24,ENSG00000171067,20132
12867,ALK,ENSG00000171094,3781
12868,KYAT1,ENSG00000171097,17269
12869,MTM1,ENSG00000171100,36316
12870,OBP2B,ENSG00000171102,17357
12871,TRMT61B,ENSG00000171103,3775
12872,INSR,ENSG00000171105,31153
12873,MFN1,ENSG00000171109,7567
12874,GIMAP8,ENSG00000171115,14582
12875,HSFX1,ENSG00000171116,36307
12876,NRTN,ENSG00000171119,31101
12877,KCNMB3,ENSG00000171121,7564
12878,FUT3,ENSG00000171124,31103
12879,KCNG3,ENSG00000171126,3900
12881,ATP6V0E2,ENSG00000171130,14565
12882,PRKCE,ENSG00000171132,3936
12883,OR2K2,ENSG00000171133,17021
12884,JAGN1,ENSG00000171135,6029
12885,RLN3,ENSG00000171136,31421
12886,TADA3,ENSG00000171148,6023
12887,SOCS5,ENSG00000171150,3951
12888,C1GALT1C1,ENSG00000171155,36115
12890,MORN4,ENSG00000171160,18483
12891,ZNF672,ENSG00000171161,3406
12892,ZNF692,ENSG00000171163,3407
12893,NAIF1,ENSG00000171169,17231
12894,RBKS,ENSG00000171174,3761
12895,OR2M4,ENSG00000171180,3383
12896,GRIK1,ENSG00000171189,34030
12897,MUC7,ENSG00000171195,8441
12898,OPRPN,ENSG00000171199,8440
12899,SMR3B,ENSG00000171201,8439
12900,TMEM126A,ENSG00000171202,20390
12901,TMEM126B,ENSG00000171204,20389
12902,TRIM8,ENSG00000171206,18579
12903,NETO2,ENSG00000171208,27309
12904,CSN3,ENSG00000171209,8436
12905,CLDN20,ENSG00000171217,12816
12906,CDC42BPG,ENSG00000171219,19965
12907,SCAND1,ENSG00000171222,33360
12908,JUNB,ENSG00000171223,31374
12909,FAM241B,ENSG00000171224,18134
12910,TMEM37,ENSG00000171227,4782
12911,UGT2B7,ENSG00000171234,8419
12912,LRG1,ENSG00000171236,31069
12913,SHCBP1,ENSG00000171241,27298
12914,SOSTDC1,ENSG00000171243,13195
12915,NPTX1,ENSG00000171246,29944
12916,FAM98B,ENSG00000171262,25375
12918,ZNF439,ENSG00000171291,31334
12919,ZNF440,ENSG00000171295,31332
12920,GAA,ENSG00000171298,29931
12921,CANT1,ENSG00000171302,29909
12922,KCNK3,ENSG00000171303,3712
12923,ZDHHC16,ENSG00000171307,18477
12924,CHST11,ENSG00000171310,22409
12925,EXOSC1,ENSG00000171311,18476
12926,PGAM1,ENSG00000171314,18475
12927,CHD7,ENSG00000171316,15383
12928,ESCO2,ENSG00000171320,15069
12929,KRT19,ENSG00000171345,29107
12930,KRT15,ENSG00000171346,29106
12931,LURAP1,ENSG00000171357,1007
12932,KRT38,ENSG00000171360,29100
12933,CLCN5,ENSG00000171365,35682
12934,TPPP,ENSG00000171368,9393
12935,KCND3,ENSG00000171385,1690
12936,APLN,ENSG00000171388,36154
12937,KRTAP4-4,ENSG00000171396,29079
12938,KRT13,ENSG00000171401,29104
12939,XAGE3,ENSG00000171402,35715
12940,KRT9,ENSG00000171403,29109
12941,XAGE5,ENSG00000171405,35714
12942,PDE7B,ENSG00000171408,12635
12943,MRPL36,ENSG00000171421,9420
12944,ZNF581,ENSG00000171425,32742
12945,NAT1,ENSG00000171428,14936
12946,KRT20,ENSG00000171431,29054
12947,GLOD5,ENSG00000171433,35636
12948,KSR2,ENSG00000171435,22597
12949,ZNF524,ENSG00000171443,32737
12950,MCC,ENSG00000171444,10301
12951,KRT27,ENSG00000171446,29047
12952,ZBTB26,ENSG00000171448,17149
12953,CDK5R2,ENSG00000171450,5619
12954,DSEL,ENSG00000171451,30704
12955,POLR1C,ENSG00000171453,11986
12956,ASXL1,ENSG00000171456,33275
12957,OR1L6,ENSG00000171459,17143
12958,DLK2,ENSG00000171462,11983
12959,ZNF562,ENSG00000171466,31244
12960,ZNF318,ENSG00000171467,11979
12961,ZNF561,ENSG00000171469,31242
12963,WIPF2,ENSG00000171475,29029
12964,HOPX,ENSG00000171476,8357
12965,SPACA5B,ENSG00000171478,35616
12966,OR1L3,ENSG00000171481,17141
12968,NLRP5,ENSG00000171487,32756
12969,LRRC8C,ENSG00000171488,1445
12970,SPACA5,ENSG00000171489,35613
12971,RSL1D1,ENSG00000171490,26811
12972,LRRC8D,ENSG00000171492,1448
12973,MROH2B,ENSG00000171495,9743
12974,OR1L8,ENSG00000171496,17137
12975,PPID,ENSG00000171497,9139
12976,OR1N2,ENSG00000171501,17136
12977,COL24A1,ENSG00000171502,1408
12978,ETFDH,ENSG00000171503,9138
12979,OR1N1,ENSG00000171505,17135
12980,RXFP1,ENSG00000171509,9135
12981,LPAR3,ENSG00000171517,1393
12982,PTGER4,ENSG00000171522,9738
12983,TBCA,ENSG00000171530,10050
12984,NEUROD2,ENSG00000171532,29003
12985,MAP6,ENSG00000171533,20294
12986,OTP,ENSG00000171540,10049
12987,ECEL1,ENSG00000171551,5777
12988,BCL2L1,ENSG00000171552,33254
12989,FGG,ENSG00000171557,9099
12990,FGA,ENSG00000171560,9098
12991,OR2AT4,ENSG00000171561,20280
12992,FGB,ENSG00000171564,9097
12993,PLRG1,ENSG00000171566,9096
12995,ZNF584,ENSG00000171574,32862
12996,DSCAM,ENSG00000171587,34215
12997,DNAI2,ENSG00000171595,29750
12998,NMUR1,ENSG00000171596,5762
12999,CLSTN1,ENSG00000171603,237
13000,CXXC5,ENSG00000171604,10581
13001,ZNF274,ENSG00000171606,32845
13002,PIK3CD,ENSG00000171608,234
13003,PTCRA,ENSG00000171611,11956
13004,SLC25A33,ENSG00000171612,232
13005,ENC1,ENSG00000171617,10013
13006,SPSB1,ENSG00000171621,228
13007,P2RY6,ENSG00000171631,20243
13008,BPTF,ENSG00000171634,29671
13009,S100Z,ENSG00000171643,10041
13010,ZIK1,ENSG00000171649,32817
13011,GPR82,ENSG00000171657,35560
13012,GPR34,ENSG00000171659,35559
13013,PLEKHG5,ENSG00000171680,183
13014,ATF7IP,ENSG00000171681,21302
13015,LKAAEAR1,ENSG00000171695,33838
13016,RGS19,ENSG00000171700,33836
13017,TCEA2,ENSG00000171703,33834
13018,DEFB4A,ENSG00000171711,14804
13019,ANO5,ENSG00000171714,19380
13020,HDAC3,ENSG00000171720,10692
13021,SPATA46,ENSG00000171722,2359
13022,GPHN,ENSG00000171723,24415
13023,VAT1L,ENSG00000171724,27816
13024,TMEM51,ENSG00000171729,344
13025,CAMTA1,ENSG00000171735,194
13026,LGALS4,ENSG00000171747,32013
13027,LRRC34,ENSG00000171757,7495
13028,PAH,ENSG00000171759,22382
13030,GATM,ENSG00000171766,25558
13031,SYCE1,ENSG00000171772,18905
13032,NXNL1,ENSG00000171773,31560
13033,RASGRP4,ENSG00000171777,32000
13034,NHLH1,ENSG00000171786,2298
13035,SLFNL1,ENSG00000171790,898
13036,BCL2,ENSG00000171791,30672
13037,RHNO1,ENSG00000171792,21032
13038,CTPS1,ENSG00000171793,896
13039,UTF1,ENSG00000171794,18884
13040,KNDC1,ENSG00000171798,18883
13041,WDR87,ENSG00000171804,31980
13042,METTL18,ENSG00000171806,2450
13043,CFAP46,ENSG00000171811,18877
13044,COL8A2,ENSG00000171812,793
13045,PWWP2B,ENSG00000171813,18869
13046,PCDHB1,ENSG00000171815,10637
13047,ZNF540,ENSG00000171817,31972
13048,ANGPTL7,ENSG00000171819,270
13049,FBXL14,ENSG00000171823,21003
13050,EXOSC10,ENSG00000171824,265
13051,ZNF570,ENSG00000171827,31966
13052,NINJ2,ENSG00000171840,20989
13053,MLLT3,ENSG00000171843,16343
13054,FAM90A1,ENSG00000171847,21169
13055,RRM2,ENSG00000171848,3542
13056,TRAPPC12,ENSG00000171853,3460
13057,IFNB1,ENSG00000171855,16347
13058,RPS21,ENSG00000171858,33748
13059,C3AR1,ENSG00000171860,21162
13060,MRM3,ENSG00000171861,28101
13061,PTEN,ENSG00000171862,18355
13062,RPS7,ENSG00000171863,3469
13063,PRND,ENSG00000171864,32981
13064,RNASEH1,ENSG00000171865,3466
13065,PRNP,ENSG00000171867,32980
13066,KLF17,ENSG00000171872,965
13067,ADRA1D,ENSG00000171873,32977
13068,FRMD5,ENSG00000171877,25527
13069,AQP4,ENSG00000171885,30371
13070,CYP4F11,ENSG00000171903,31488
13071,TLN2,ENSG00000171914,25785
13072,LGALS9C,ENSG00000171916,28564
13073,TVP23B,ENSG00000171928,28570
13074,FBXW10,ENSG00000171931,28569
13075,OR10H3,ENSG00000171936,31481
13076,ZNF217,ENSG00000171940,33633
13077,OR10H2,ENSG00000171942,31480
13078,OR52A5,ENSG00000171944,19103
13079,SCG2,ENSG00000171951,5688
13080,ATPAF2,ENSG00000171953,28548
13081,CYP4F22,ENSG00000171954,31475
13082,FOXB1,ENSG00000171956,25753
13083,PPIH,ENSG00000171960,917
13084,DRC3,ENSG00000171962,28547
13085,ZNF57,ENSG00000171970,30997
13086,SHLD1,ENSG00000171984,33002
13087,C11orf40,ENSG00000171987,19080
13088,JMJD1C,ENSG00000171988,18088
13089,LDHAL6B,ENSG00000171989,25743
13090,SYNPO,ENSG00000171992,10806
13091,ZNF556,ENSG00000172000,30996
13092,MAL,ENSG00000172005,4467
13093,ZNF554,ENSG00000172006,30992
13094,RAB33B,ENSG00000172007,8955
13095,THOP1,ENSG00000172009,30991
13097,REG3A,ENSG00000172016,4293
13098,GAP43,ENSG00000172020,6954
13099,REG1B,ENSG00000172023,4291
13100,EPHX4,ENSG00000172031,1466
13101,LAMB2,ENSG00000172037,6448
13102,USP19,ENSG00000172046,6447
13104,ORMDL3,ENSG00000172057,29016
13105,SERF1A,ENSG00000172058,9967
13106,KLF11,ENSG00000172059,3538
13107,LRRC15,ENSG00000172061,7758
13108,SMN1,ENSG00000172062,9968
13109,EIF2AK3,ENSG00000172071,4373
13111,MOB3A,ENSG00000172081,30960
13112,KRCC1,ENSG00000172086,4366
13113,NME6,ENSG00000172113,6410
13114,CYCS,ENSG00000172115,13271
13115,CD8B,ENSG00000172116,4353
13116,SLFN12,ENSG00000172123,28881
13117,CALB2,ENSG00000172137,27709
13118,SLC9C1,ENSG00000172139,6904
13119,OR1A1,ENSG00000172146,28170
13120,OR1A2,ENSG00000172150,28169
13121,OR8I2,ENSG00000172154,19675
13122,LCE1D,ENSG00000172155,2033
13123,CCL11,ENSG00000172156,28853
13124,FRMD3,ENSG00000172159,16741
13125,SNTB1,ENSG00000172164,15886
13126,MTBP,ENSG00000172167,15885
13127,TEFM,ENSG00000172171,28780
13128,MRPL13,ENSG00000172172,15884
13129,MALT1,ENSG00000172175,30630
13130,PRL,ENSG00000172179,11426
13131,ISG20,ENSG00000172183,26218
13132,OR4C11,ENSG00000172188,19657
13133,MBOAT1,ENSG00000172197,11408
13134,OR8U1,ENSG00000172199,19688
13135,ID4,ENSG00000172201,11406
13136,OR4X2,ENSG00000172208,19635
13137,GPR22,ENSG00000172209,14086
13138,CXCR6,ENSG00000172215,6371
13139,CEBPB,ENSG00000172216,33597
13140,AZU1,ENSG00000172232,30889
13141,TPSAB1,ENSG00000172236,26512
13142,ATOH1,ENSG00000172238,8643
13143,PAIP1,ENSG00000172239,9776
13144,CLEC7A,ENSG00000172243,21222
13145,C5orf34,ENSG00000172244,9773
13146,C1QTNF4,ENSG00000172247,19627
13147,NEGR1,ENSG00000172260,1298
13148,ZNF131,ENSG00000172262,9766
13149,MACROD2,ENSG00000172264,33072
13150,DPAGT1,ENSG00000172269,20744
13151,BSG,ENSG00000172270,30874
13152,HINFP,ENSG00000172273,20746
13153,CDY1,ENSG00000172288,36557
13154,OR10V1,ENSG00000172289,19772
13155,CERS6,ENSG00000172292,5113
13156,SPTLC3,ENSG00000172296,33063
13157,COPRS,ENSG00000172301,28801
13158,TP53RK,ENSG00000172315,33544
13159,B3GALT1,ENSG00000172318,5111
13160,OR5A1,ENSG00000172320,19761
13161,CLEC12A,ENSG00000172322,21216
13162,OR5A2,ENSG00000172324,19760
13163,BPGM,ENSG00000172331,14316
13164,POP7,ENSG00000172336,13988
13165,ALG14,ENSG00000172339,1501
13166,SUCLG2,ENSG00000172340,6686
13167,STARD5,ENSG00000172345,26126
13168,CSDC2,ENSG00000172346,35100
13169,RCAN2,ENSG00000172348,12029
13170,IL16,ENSG00000172349,26124
13171,ABCG4,ENSG00000172350,20747
13172,CDY1B,ENSG00000172352,36547
13173,GNB2,ENSG00000172354,13986
13174,CFAP53,ENSG00000172361,30552
13175,OR5B12,ENSG00000172362,19739
13176,OR5B2,ENSG00000172365,19738
13177,MCRIP2,ENSG00000172366,26466
13179,C2CD2L,ENSG00000172375,20745
13180,OR9I1,ENSG00000172377,19730
13181,ARNT2,ENSG00000172379,26109
13182,GNG12,ENSG00000172380,1264
13184,PRSS27,ENSG00000172382,26620
13185,MYOZ2,ENSG00000172399,8823
13186,SYNPO2,ENSG00000172403,8822
13187,DNAJB7,ENSG00000172404,35083
13188,CLP1,ENSG00000172409,19720
13189,INSL5,ENSG00000172410,1252
13190,EFCAB3,ENSG00000172421,29589
13191,TTC36,ENSG00000172425,20715
13192,RSPH9,ENSG00000172426,11994
13193,COPS9,ENSG00000172428,5889
13194,GTPBP2,ENSG00000172432,11992
13195,FGGY,ENSG00000172456,1192
13196,OR9G4,ENSG00000172457,19699
13197,IL17D,ENSG00000172458,22933
13198,OR5AR1,ENSG00000172459,19697
13199,FUT9,ENSG00000172461,12333
13200,OR5AP2,ENSG00000172464,19696
13201,TCEAL1,ENSG00000172465,35993
13202,ZNF24,ENSG00000172466,30441
13203,HSFY1,ENSG00000172468,36510
13204,MANEA,ENSG00000172469,12331
13205,RAB40A,ENSG00000172476,35988
13206,MAB21L4,ENSG00000172478,5908
13207,AGXT,ENSG00000172482,5907
13208,OR8J1,ENSG00000172487,19687
13209,OR5T3,ENSG00000172489,19682
13210,AFF1,ENSG00000172493,8592
13211,ACOT12,ENSG00000172497,10088
13212,FIBP,ENSG00000172500,20029
13213,CARNS1,ENSG00000172508,20102
13214,OR10H5,ENSG00000172519,31483
13215,BANP,ENSG00000172530,27997
13216,PPP1CA,ENSG00000172531,20100
13217,HCFC1,ENSG00000172534,36386
13218,FAM170B,ENSG00000172538,17999
13219,CTSW,ENSG00000172543,20028
13220,NIPAL4,ENSG00000172548,10877
13221,MUCL1,ENSG00000172551,21854
13222,SNTG2,ENSG00000172554,3436
13223,FNDC9,ENSG00000172568,10873
13224,PDE3A,ENSG00000172572,21355
13225,RASGRP1,ENSG00000172575,25376
13226,KLHL6,ENSG00000172578,7613
13227,CHCHD1,ENSG00000172586,18207
13228,MRPL52,ENSG00000172590,23928
13229,SMPDL3A,ENSG00000172594,12527
13230,RND1,ENSG00000172602,21641
13231,RAD9A,ENSG00000172613,20095
13232,EFEMP2,ENSG00000172638,20027
13233,OR10AD1,ENSG00000172640,21620
13234,AGAP5,ENSG00000172650,18203
13237,WASHC2C,ENSG00000172661,17953
13238,TMEM134,ENSG00000172663,20109
13239,ZMAT3,ENSG00000172667,7561
13240,ZFAND4,ENSG00000172671,17952
13241,THEMIS,ENSG00000172673,12558
13242,MOS,ENSG00000172680,15340
13243,ZNF738,ENSG00000172687,31671
13244,MS4A10,ENSG00000172689,19799
13245,SLFN11,ENSG00000172716,28878
13247,CCL19,ENSG00000172724,16481
13248,CORO1B,ENSG00000172725,20106
13249,FUT10,ENSG00000172728,15137
13250,LRRC20,ENSG00000172731,18144
13251,MUS81,ENSG00000172732,20026
13252,PURG,ENSG00000172733,15123
13253,TMEM217,ENSG00000172738,11875
13254,OR4D9,ENSG00000172742,19765
13255,ZNF596,ENSG00000172748,14703
13256,COL6A5,ENSG00000172752,7144
13257,CFL1,ENSG00000172757,20024
13258,TMCC1,ENSG00000172765,7135
13259,NAA16,ENSG00000172766,23136
13260,OR5B3,ENSG00000172769,19737
13261,EFCAB12,ENSG00000172771,7129
13262,OR10W1,ENSG00000172772,19735
13265,RAB43,ENSG00000172780,7119
13266,FADS6,ENSG00000172782,29772
13268,HOXC5,ENSG00000172789,21825
13269,RAB37,ENSG00000172794,29764
13270,DCP2,ENSG00000172795,10300
13271,SNX32,ENSG00000172803,20025
13272,RPL38,ENSG00000172809,29746
13273,CYP7B1,ENSG00000172817,15419
13274,OVOL1,ENSG00000172818,20021
13275,RARG,ENSG00000172819,21785
13276,CES4A,ENSG00000172824,27576
13277,CES3,ENSG00000172828,27575
13278,SSH3,ENSG00000172830,20093
13279,CES2,ENSG00000172831,27574
13280,PDP2,ENSG00000172840,27570
13281,SP3,ENSG00000172845,5170
13282,LSM2,ENSG00000172850,11715
13283,KRT2,ENSG00000172867,21763
13284,DMXL1,ENSG00000172869,10350
13285,METAP1D,ENSG00000172878,5152
13286,ZNF621,ENSG00000172888,6289
13287,EGFL7,ENSG00000172889,17440
13288,NADSYN1,ENSG00000172890,20192
13289,DHCR7,ENSG00000172893,20190
13290,LVRN,ENSG00000172901,10327
13291,NBEA,ENSG00000172915,23087
13292,RNASEH2C,ENSG00000172922,20018
13293,MYEOV,ENSG00000172927,20153
13294,ANKRD13D,ENSG00000172932,20092
13295,MRGPRF,ENSG00000172935,20147
13296,MYD88,ENSG00000172936,6250
13297,MRGPRD,ENSG00000172938,20144
13298,OXSR1,ENSG00000172939,6251
13299,SLC22A13,ENSG00000172940,6252
13300,PHF8,ENSG00000172943,35731
13301,LCLAT1,ENSG00000172954,3790
13302,ADH6,ENSG00000172955,8674
13303,XKR3,ENSG00000172967,34419
13304,FRG2C,ENSG00000172969,6737
13305,KAT5,ENSG00000172977,20017
13306,SH3RF3,ENSG00000172985,4673
13307,GXYLT2,ENSG00000172986,6727
13308,HPSE2,ENSG00000172987,18498
13309,DCAKD,ENSG00000172992,29255
13310,ARPP21,ENSG00000172995,6228
13311,TADA2B,ENSG00000173011,7976
13312,CCDC96,ENSG00000173013,7975
13313,GRK2,ENSG00000173020,20091
13314,RELA,ENSG00000173039,20015
13315,EVC2,ENSG00000173040,7950
13316,ZNF680,ENSG00000173041,13649
13317,HECTD4,ENSG00000173064,22522
13318,FAM222B,ENSG00000173065,28716
13319,BNC2,ENSG00000173068,16318
13321,RXFP4,ENSG00000173080,2166
13322,HPSE,ENSG00000173083,8571
13323,COQ2,ENSG00000173085,8570
13325,CCDC63,ENSG00000173093,22501
13326,HSPA6,ENSG00000173110,2343
13327,TRMT112,ENSG00000173113,19945
13328,LRRN3,ENSG00000173114,14112
13329,KDM2A,ENSG00000173120,20089
13330,ACSM6,ENSG00000173124,18445
13331,ADCK5,ENSG00000173137,16160
13332,MRPL57,ENSG00000173141,22941
13333,NOC3L,ENSG00000173145,18436
13334,ESRRA,ENSG00000173153,19944
13335,RHOD,ENSG00000173156,20088
13336,ADAMTS20,ENSG00000173157,21555
13337,COMMD1,ENSG00000173163,4063
13338,RAPH1,ENSG00000173166,5448
13339,MTX1,ENSG00000173171,2142
13340,ADCY5,ENSG00000173175,7033
13341,PARP14,ENSG00000173193,7025
13342,CYSLTR1,ENSG00000173198,35885
13343,PARP15,ENSG00000173200,7024
13344,CKS1B,ENSG00000173207,2124
13345,ABCD2,ENSG00000173208,21524
13347,ABLIM3,ENSG00000173210,10774
13348,MAB21L3,ENSG00000173212,1749
13350,MFSD4B,ENSG00000173214,12440
13351,VANGL1,ENSG00000173218,1743
13352,GLRX,ENSG00000173221,10198
13353,IQCB1,ENSG00000173226,7009
13354,SYT12,ENSG00000173227,20087
13355,GOLGB1,ENSG00000173230,7008
13356,C11orf86,ENSG00000173237,20086
13357,LIPM,ENSG00000173239,18362
13358,GPR151,ENSG00000173250,10741
13359,DMRT2,ENSG00000173253,16217
13360,ZNF483,ENSG00000173258,17023
13361,PLAC8L1,ENSG00000173261,10732
13362,SLC2A14,ENSG00000173262,21156
13363,GPR137,ENSG00000173264,19941
13364,SNCG,ENSG00000173267,18332
13365,MMRN2,ENSG00000173269,18331
13366,MZT2A,ENSG00000173272,4887
13367,TNKS,ENSG00000173273,14831
13368,ZNF449,ENSG00000173275,36217
13369,ZBTB21,ENSG00000173276,34241
13370,PPP1R3B,ENSG00000173281,14822
13371,OR10K1,ENSG00000173285,2243
13372,GPR148,ENSG00000173302,4874
13373,STOX2,ENSG00000173320,9295
13374,MAP3K11,ENSG00000173327,20012
13375,TRIB1,ENSG00000173334,15946
13376,CST9,ENSG00000173335,33182
13377,KCNK7,ENSG00000173338,20011
13378,SFT2D3,ENSG00000173349,4843
13380,C1QB,ENSG00000173369,502
13381,C1QA,ENSG00000173372,500
13382,NDNF,ENSG00000173376,8838
13383,IQCF1,ENSG00000173389,6527
13384,OLR1,ENSG00000173391,21223
13385,GLIPR1L1,ENSG00000173401,22152
13386,DAG1,ENSG00000173402,6461
13387,INSM1,ENSG00000173404,33133
13388,DAB1,ENSG00000173406,1173
13389,ARV1,ENSG00000173409,3172
13390,NAA20,ENSG00000173418,33127
13392,RNASE8,ENSG00000173431,23769
13393,SAA1,ENSG00000173432,19338
13394,MICOS10,ENSG00000173436,439
13395,EHBP1L1,ENSG00000173442,20010
13396,THAP2,ENSG00000173451,22126
13397,TMEM196,ENSG00000173452,13223
13398,RNF26,ENSG00000173456,20753
13399,PPP1R14B,ENSG00000173457,19936
13400,RNASE11,ENSG00000173464,23741
13401,ZNRD2,ENSG00000173465,20008
13402,AGR3,ENSG00000173467,13205
13403,SMARCC1,ENSG00000173473,6403
13404,ZNF417,ENSG00000173480,32833
13405,PTPRM,ENSG00000173482,30172
13406,FKBP2,ENSG00000173486,19934
13407,VEGFB,ENSG00000173511,19933
13408,PEAK1,ENSG00000173517,26052
13409,TNFRSF10D,ENSG00000173530,15009
13410,MST1,ENSG00000173531,6466
13411,TNFRSF10C,ENSG00000173535,15008
13412,GMPPB,ENSG00000173540,6469
13413,MOB1B,ENSG00000173542,8451
13414,ZNF622,ENSG00000173545,9561
13415,CSPG4,ENSG00000173546,26029
13416,SNX33,ENSG00000173548,26028
13418,NABP1,ENSG00000173559,5338
13420,ADGRF3,ENSG00000173567,3705
13421,NLRP13,ENSG00000173572,32754
13422,CHD2,ENSG00000173575,26307
13423,XCR1,ENSG00000173578,6372
13424,CCDC106,ENSG00000173581,32743
13425,CCR9,ENSG00000173585,6369
13426,CEP83,ENSG00000173588,22301
13427,SULT1B1,ENSG00000173597,8426
13428,NUDT4,ENSG00000173598,22286
13429,PC,ENSG00000173599,20084
13430,UGT2A1,ENSG00000173610,8424
13431,SCAI,ENSG00000173611,17179
13432,GPRC6A,ENSG00000173612,12497
13433,NMNAT1,ENSG00000173614,243
13434,LRFN4,ENSG00000173621,20085
13435,TRAPPC3L,ENSG00000173626,12489
13436,APOBEC4,ENSG00000173627,2609
13437,SLC19A1,ENSG00000173638,34364
13438,HSPB7,ENSG00000173641,374
13439,RCE1,ENSG00000173653,20083
13440,UQCRH,ENSG00000173660,1010
13441,TAS1R1,ENSG00000173662,185
13442,HES3,ENSG00000173673,175
13443,EIF1AX,ENSG00000173674,35440
13444,SPDYE2B,ENSG00000173678,14038
13445,OR1L1,ENSG00000173679,17140
13446,BCLAF3,ENSG00000173681,35438
13447,PSMD1,ENSG00000173692,5753
13448,ADGRG2,ENSG00000173698,35434
13449,SPATA3,ENSG00000173699,5750
13450,MUC13,ENSG00000173702,7047
13451,SUSD5,ENSG00000173705,6217
13452,HEG1,ENSG00000173706,7048
13453,WFIKKN2,ENSG00000173714,29446
13455,TOMM20,ENSG00000173726,3231
13458,AGFG1,ENSG00000173744,5712
13459,STAT5B,ENSG00000173757,29139
13460,CD7,ENSG00000173762,30035
13461,TOPAZ1,ENSG00000173769,6336
13462,CNP,ENSG00000173786,29126
13463,JUP,ENSG00000173801,29116
13464,HAP1,ENSG00000173805,29115
13465,TDRD12,ENSG00000173809,31794
13466,EIF1,ENSG00000173812,29113
13467,ENDOV,ENSG00000173818,29942
13468,RNF213,ENSG00000173821,29938
13469,TIGD3,ENSG00000173825,19996
13470,KCNH6,ENSG00000173826,29611
13472,PLK3,ENSG00000173846,977
13473,NET1,ENSG00000173848,17588
13474,DPY19L1,ENSG00000173852,13393
13476,PHOSPHO1,ENSG00000173868,29379
13477,ZNF791,ENSG00000173875,31357
13479,PHC3,ENSG00000173889,7505
13480,GPR160,ENSG00000173890,7504
13481,CBX2,ENSG00000173894,29918
13482,SPTBN2,ENSG00000173898,20081
13483,GOLIM4,ENSG00000173905,7480
13484,KRT28,ENSG00000173908,29048
13485,RBM4B,ENSG00000173914,20080
13487,HOXB2,ENSG00000173917,29347
13488,C1QTNF1,ENSG00000173918,29911
13490,SWSAP1,ENSG00000173928,31314
13491,SLCO4C1,ENSG00000173930,10240
13492,RBM4,ENSG00000173933,20079
13494,XXYLT1,ENSG00000173950,7774
13495,UBXN2A,ENSG00000173960,3669
13496,RAX2,ENSG00000173976,31034
13497,LRRC63,ENSG00000173988,23195
13498,TCAP,ENSG00000173991,29007
13499,CCS,ENSG00000173992,20077
13500,NRROS,ENSG00000174004,7809
13501,CEP19,ENSG00000174007,7811
13502,KLHL15,ENSG00000174010,35467
13503,FBXO45,ENSG00000174013,7806
13505,TENT5D,ENSG00000174016,35892
13506,GNG5,ENSG00000174021,1385
13507,SLC25A30,ENSG00000174032,23184
13509,CD34,ENSG00000174059,2879
13510,CTSF,ENSG00000174080,20075
13513,MSRB3,ENSG00000174099,22049
13515,LEMD3,ENSG00000174106,22047
13518,TLR10,ENSG00000174123,8196
13519,TLR1,ENSG00000174125,8197
13520,TLR6,ENSG00000174130,8198
13521,FAM174A,ENSG00000174132,10236
13522,RGMB,ENSG00000174136,10228
13523,FAM53A,ENSG00000174137,7893
13524,NWD2,ENSG00000174145,8179
13525,CYB561D1,ENSG00000174151,1616
13526,GSTA3,ENSG00000174156,12089
13527,ZDHHC24,ENSG00000174165,20072
13528,TRMT10C,ENSG00000174173,6839
13529,SELP,ENSG00000174175,2445
13530,CTU2,ENSG00000174177,28017
13533,MGA,ENSG00000174197,25465
13535,ARL13A,ENSG00000174225,35933
13536,SNX31,ENSG00000174226,15747
13537,PIGG,ENSG00000174227,7853
13538,PRPF8,ENSG00000174231,28123
13539,ADCY6,ENSG00000174233,21637
13540,REP15,ENSG00000174236,21439
13541,PITPNA,ENSG00000174238,28119
13542,DDX23,ENSG00000174243,21640
13543,ZNF80,ENSG00000174255,6942
13544,ZNHIT2,ENSG00000174276,19983
13545,EVX2,ENSG00000174279,5193
13546,ZBTB4,ENSG00000174282,28328
13547,TNK1,ENSG00000174292,28316
13548,ZHX3,ENSG00000174306,33437
13549,PHLDA3,ENSG00000174307,2738
13550,DIRC1,ENSG00000174325,5303
13551,SLC16A11,ENSG00000174326,28294
13552,SLC16A13,ENSG00000174327,28293
13553,GLIS1,ENSG00000174332,1121
13554,OR2Y1,ENSG00000174339,11160
13555,CHRNA9,ENSG00000174343,8223
13556,PODN,ENSG00000174348,1102
13557,SLC6A19,ENSG00000174358,9408
13559,EXO1,ENSG00000174371,3291
13560,RALGAPA1,ENSG00000174373,24106
13562,LIG4,ENSG00000174405,23583
13563,MIR1-1HG,ENSG00000174407,33757
13564,TRHR,ENSG00000174417,15826
13565,GTF2IRD2B,ENSG00000174428,13738
13566,ABRA,ENSG00000174429,15813
13567,ATP2A2,ENSG00000174437,22489
13568,ZWILCH,ENSG00000174442,25860
13569,RPL4,ENSG00000174444,25859
13570,SNAPC5,ENSG00000174446,25858
13571,STARD6,ENSG00000174448,30575
13572,GOLGA6L2,ENSG00000174450,25221
13573,VWC2L,ENSG00000174453,5534
13574,C12orf76,ENSG00000174456,22486
13575,ZCCHC12,ENSG00000174460,36080
13576,CNTNAP2,ENSG00000174469,14535
13577,GALNTL6,ENSG00000174473,9211
13578,LINGO2,ENSG00000174482,16410
13579,BBS1,ENSG00000174483,20070
13580,DENND4A,ENSG00000174485,25848
13581,IGDCC3,ENSG00000174498,25841
13582,GCSAM,ENSG00000174500,6902
13583,ANKRD36C,ENSG00000174501,4483
13584,SLC26A9,ENSG00000174502,2836
13585,MFSD4A,ENSG00000174514,2827
13586,PELI3,ENSG00000174516,20067
13587,TTC9B,ENSG00000174521,32070
13588,MYO1H,ENSG00000174527,22470
13589,TMEM81,ENSG00000174529,2815
13590,MRPL11,ENSG00000174547,20066
13591,KLK15,ENSG00000174562,32511
13592,IL20RB,ENSG00000174564,7201
13593,GOLT1A,ENSG00000174567,2800
13594,AKIRIN1,ENSG00000174574,845
13595,NPAS4,ENSG00000174576,20065
13596,MSL2,ENSG00000174579,7192
13597,ZNF497,ENSG00000174586,32855
13599,TRAM1L1,ENSG00000174599,8810
13600,CMKLR1,ENSG00000174600,22449
13601,ANGEL2,ENSG00000174606,2958
13602,UGT8,ENSG00000174607,8802
13603,KY,ENSG00000174611,7187
13604,IQCK,ENSG00000174628,26930
13605,SLCO2A1,ENSG00000174640,7178
13606,ZNF266,ENSG00000174652,31234
13607,OR7D4,ENSG00000174667,31227
13608,SLC29A2,ENSG00000174669,20063
13609,BRSK2,ENSG00000174672,18987
13610,B4GAT1,ENSG00000174684,20061
13611,TMEM167A,ENSG00000174695,10106
13612,LEP,ENSG00000174697,14231
13613,SH3PXD2B,ENSG00000174705,10993
13614,RESF1,ENSG00000174718,21491
13615,LARP7,ENSG00000174720,8792
13616,FGFBP3,ENSG00000174721,18406
13617,NR1D2,ENSG00000174738,6164
13618,PABPC5,ENSG00000174740,35916
13619,BRMS1,ENSG00000174744,20060
13620,RPL15,ENSG00000174748,6163
13621,FAM241A,ENSG00000174749,8783
13622,HRAS,ENSG00000174775,18942
13623,WDR49,ENSG00000174776,7475
13624,SRP72,ENSG00000174780,8354
13625,PCP2,ENSG00000174788,31166
13626,RIN1,ENSG00000174791,20058
13627,ODAPH,ENSG00000174792,8499
13628,THAP6,ENSG00000174796,8498
13629,CEP135,ENSG00000174799,8346
13630,FZD4,ENSG00000174804,20408
13631,CD248,ENSG00000174807,20057
13632,BTC,ENSG00000174808,8486
13633,PDZK1,ENSG00000174827,1837
13634,ADGRE1,ENSG00000174837,31145
13635,DENND6A,ENSG00000174839,6615
13636,PDE12,ENSG00000174840,6612
13637,GLMN,ENSG00000174842,1471
13638,DNAH12,ENSG00000174844,6610
13639,YIF1A,ENSG00000174851,20054
13640,CNIH2,ENSG00000174871,20053
13641,AMY1B,ENSG00000174876,1572
13642,NLRP6,ENSG00000174885,18919
13643,NDUFA11,ENSG00000174886,31106
13644,RSRC1,ENSG00000174891,7424
13645,CATSPERD,ENSG00000174898,31098
13646,SLC66A1L,ENSG00000174899,7419
13647,RAB1B,ENSG00000174903,20050
13648,OR9G1,ENSG00000174914,19698
13649,PTDSS2,ENSG00000174915,18937
13650,MICOS13,ENSG00000174917,31095
13651,C3orf33,ENSG00000174928,7395
13652,OR5M3,ENSG00000174937,19691
13653,SEZ6L2,ENSG00000174938,27118
13654,ASPHD1,ENSG00000174939,27119
13656,KCTD13,ENSG00000174943,27120
13657,P2RY14,ENSG00000174944,7354
13658,AMZ1,ENSG00000174945,13081
13659,GPR171,ENSG00000174946,7353
13660,GPR149,ENSG00000174948,7382
13661,CD164L2,ENSG00000174950,623
13662,FUT1,ENSG00000174951,32396
13663,DHX36,ENSG00000174953,7381
13664,OR5J2,ENSG00000174957,19680
13665,ZIC4,ENSG00000174963,7295
13666,OR10AG1,ENSG00000174970,19672
13667,OR4S2,ENSG00000174982,19659
13668,FBXW8,ENSG00000174989,22588
13669,CA5A,ENSG00000174990,27996
13670,ZG16,ENSG00000174992,27107
13671,KLC2,ENSG00000174996,20046
13672,SLC22A1,ENSG00000175003,12874
13673,TEX36,ENSG00000175018,18805
13674,CTBP2,ENSG00000175029,18801
13675,CHST2,ENSG00000175040,7275
13676,ZDHHC14,ENSG00000175048,12830
13677,ATR,ENSG00000175054,7262
13678,UBE2C,ENSG00000175063,33516
13679,DSG4,ENSG00000175065,30396
13680,GK5,ENSG00000175066,7260
13681,VCPIP1,ENSG00000175073,15442
13682,RTP1,ENSG00000175077,7689
13683,DES,ENSG00000175084,5647
13684,PDIK1L,ENSG00000175087,585
13685,SPSB4,ENSG00000175093,7246
13686,RAG2,ENSG00000175097,19511
13687,TRAF6,ENSG00000175104,19509
13688,ZNF654,ENSG00000175105,6776
13689,TVP23C,ENSG00000175106,28482
13690,MRPS22,ENSG00000175110,7222
13691,PACS1,ENSG00000175115,20044
13692,WFDC5,ENSG00000175121,33487
13693,MARCKSL1,ENSG00000175130,726
13694,SH3BP5L,ENSG00000175137,3405
13695,OR2T1,ENSG00000175143,3390
13696,YPEL2,ENSG00000175155,29546
13697,CADM2,ENSG00000175161,6764
13698,PSMD2,ENSG00000175166,7637
13699,FAM182B,ENSG00000175170,33223
13700,PPM1E,ENSG00000175175,29537
13701,FAM131A,ENSG00000175182,7639
13702,CSRP2,ENSG00000175183,22171
13703,INHBC,ENSG00000175189,21957
13704,PARL,ENSG00000175193,7619
13705,DDIT3,ENSG00000175197,21963
13706,PCCA,ENSG00000175198,23527
13707,HIGD2B,ENSG00000175202,25950
13708,DCTN2,ENSG00000175203,21966
13709,NPPA,ENSG00000175206,287
13710,ZNF408,ENSG00000175213,19597
13711,CTDSP2,ENSG00000175215,21988
13712,CKAP5,ENSG00000175216,19599
13713,ARHGAP1,ENSG00000175220,19596
13714,MED16,ENSG00000175221,30893
13715,ATG13,ENSG00000175224,19595
13716,GAL3ST3,ENSG00000175229,20040
13717,C1orf127,ENSG00000175262,260
13718,CHST1,ENSG00000175264,19568
13719,GOLGA8A,ENSG00000175265,25344
13720,VWA3A,ENSG00000175267,26974
13721,TP53I11,ENSG00000175274,19554
13722,CENPS,ENSG00000175279,252
13723,DOLK,ENSG00000175283,17272
13724,PHYHD1,ENSG00000175287,17271
13725,CATSPER1,ENSG00000175294,20039
13726,CCNE2,ENSG00000175305,15685
13727,PHYKPL,ENSG00000175309,11113
13728,ANKS4B,ENSG00000175311,26957
13729,CST6,ENSG00000175315,20038
13730,GRAMD2A,ENSG00000175318,25935
13731,ZNF519,ENSG00000175322,30284
13732,LSM1,ENSG00000175324,15183
13733,PROP1,ENSG00000175325,11106
13734,ISX,ENSG00000175329,34918
13735,BANF1,ENSG00000175334,20037
13736,APOF,ENSG00000175336,21925
13737,CHRNA7,ENSG00000175344,25310
13738,TMEM9B,ENSG00000175348,19223
13739,NRIP3,ENSG00000175352,19225
13740,PTPN2,ENSG00000175354,30261
13741,SCUBE2,ENSG00000175356,19227
13742,EIF1AD,ENSG00000175376,20036
13743,SMAD2,ENSG00000175387,30526
13744,EIF3F,ENSG00000175390,19205
13746,ZNF25,ENSG00000175395,17891
13747,OR10P1,ENSG00000175398,21873
13748,ARL10,ENSG00000175414,11055
13749,CLTB,ENSG00000175416,11058
13750,PCSK1,ENSG00000175426,10209
13751,LPL,ENSG00000175445,14950
13752,RFESD,ENSG00000175449,10194
13753,CCDC14,ENSG00000175455,7040
13754,TBC1D10C,ENSG00000175463,20101
13755,SART1,ENSG00000175467,20035
13756,PPP2R2D,ENSG00000175470,18860
13757,MCTP1,ENSG00000175471,10187
13758,POLD4,ENSG00000175482,20096
13759,OR52W1,ENSG00000175485,19148
13760,LRRC25,ENSG00000175489,31595
13761,DPP10,ENSG00000175497,4758
13762,CLCF1,ENSG00000175505,20098
13763,GPR152,ENSG00000175514,20107
13764,UBQLNL,ENSG00000175518,19124
13765,UBQLN3,ENSG00000175520,19123
13766,PNLIP,ENSG00000175535,18695
13767,LIPT2,ENSG00000175536,20271
13768,KCNE3,ENSG00000175538,20269
13769,CABP4,ENSG00000175544,20108
13770,ALG10B,ENSG00000175548,21517
13771,DRAP1,ENSG00000175550,20033
13772,LONRF3,ENSG00000175556,36082
13773,UCP3,ENSG00000175564,20261
13774,UCP2,ENSG00000175567,20259
13775,C11orf68,ENSG00000175573,20032
13776,PAAF1,ENSG00000175575,20256
13777,MRPL48,ENSG00000175581,20254
13778,RAB6A,ENSG00000175582,20251
13779,P2RY2,ENSG00000175591,20241
13780,FOSL1,ENSG00000175592,20031
13781,ERCC4,ENSG00000175595,26836
13782,SUGCT,ENSG00000175600,13468
13783,CCDC85B,ENSG00000175602,20030
13785,TMEM70,ENSG00000175606,15506
13786,OR4B1,ENSG00000175619,19634
13787,RPS6KB2,ENSG00000175634,20103
13788,RMI2,ENSG00000175643,26793
13789,PRM1,ENSG00000175646,26798
13790,TOM1L2,ENSG00000175662,28545
13791,TEX26,ENSG00000175664,23050
13792,ZNF77,ENSG00000175691,30999
13793,GPR156,ENSG00000175697,6990
13794,KDF1,ENSG00000175707,613
13795,B3GNTL1,ENSG00000175711,30065
13796,RBMXL3,ENSG00000175718,36066
13797,MLXIP,ENSG00000175727,22697
13799,NR2F1,ENSG00000175745,10176
13801,AURKAIP1,ENSG00000175756,59
13802,TTLL11,ENSG00000175764,17121
13803,EIF4E1B,ENSG00000175766,11064
13804,TOMM5,ENSG00000175768,16551
13805,LINC02694,ENSG00000175779,25380
13806,SLC35E3,ENSG00000175782,22088
13807,PRIMA1,ENSG00000175785,24748
13808,ZNF169,ENSG00000175787,16855
13809,RUVBL1,ENSG00000175792,7100
13810,SFN,ENSG00000175793,607
13811,MSRA,ENSG00000175806,14835
13812,CBLL2,ENSG00000175809,35456
13813,CCDC168,ENSG00000175820,23547
13814,CTDNEP1,ENSG00000175826,28303
13815,ETV4,ENSG00000175832,29195
13816,SWI5,ENSG00000175854,17242
13817,GAPT,ENSG00000175857,9871
13818,BAIAP2,ENSG00000175866,29956
13819,CALCB,ENSG00000175868,19301
13820,CREG2,ENSG00000175874,4578
13821,TMEM270,ENSG00000175877,13720
13822,HOXD8,ENSG00000175879,5200
13823,ZDHHC21,ENSG00000175893,16308
13824,TSPEAR,ENSG00000175894,34316
13825,PLEKHF2,ENSG00000175895,15693
13826,A2M,ENSG00000175899,21194
13827,ARL4D,ENSG00000175906,29192
13829,DOK7,ENSG00000175920,7928
13830,LRRN1,ENSG00000175928,5973
13831,UBE2O,ENSG00000175931,29839
13832,ORAI3,ENSG00000175938,27185
13833,KLHL38,ENSG00000175946,15917
13834,UNC119B,ENSG00000175970,22659
13835,DENND2C,ENSG00000175984,1730
13836,PLEKHD1,ENSG00000175985,24451
13837,ASCL3,ENSG00000176009,19222
13838,TUBB6,ENSG00000176014,30250
13839,LYSMD3,ENSG00000176018,10155
13840,AMIGO3,ENSG00000176020,6468
13841,B3GALT6,ENSG00000176022,45
13842,ZNF613,ENSG00000176024,32574
13843,C11orf16,ENSG00000176029,19221
13845,TMPRSS7,ENSG00000176040,6900
13846,NUPR1,ENSG00000176046,27067
13847,JAKMIP2,ENSG00000176049,10751
13848,MBLAC2,ENSG00000176055,10153
13849,TPRN,ENSG00000176058,17484
13850,KCNE5,ENSG00000176076,36041
13851,ZNF683,ENSG00000176083,597
13852,SLC35A4,ENSG00000176087,10605
13853,CRYBG2,ENSG00000176092,596
13854,IP6K1,ENSG00000176095,6470
13855,SSNA1,ENSG00000176101,17483
13856,CSTF3,ENSG00000176102,19461
13857,YES1,ENSG00000176105,30091
13858,CHMP6,ENSG00000176108,29951
13859,DLEU1,ENSG00000176124,23242
13860,UFSP1,ENSG00000176125,13996
13862,MC5R,ENSG00000176136,30282
13863,TMEM39A,ENSG00000176142,6974
13864,TCP11L1,ENSG00000176148,19459
13865,GPX2,ENSG00000176153,24399
13866,CCDC57,ENSG00000176155,30025
13867,HSF5,ENSG00000176160,29529
13868,FOXG1,ENSG00000176165,24043
13869,SPHK1,ENSG00000176170,29838
13870,BNIP3,ENSG00000176171,18861
13871,ENTHD1,ENSG00000176177,35067
13872,MYPOP,ENSG00000176182,32286
13873,CIDEA,ENSG00000176194,30248
13874,OR11H4,ENSG00000176198,23722
13875,OR4D11,ENSG00000176200,19764
13876,LRRTM4,ENSG00000176204,4280
13877,ATAD5,ENSG00000176208,28777
13878,SMIM19,ENSG00000176209,15250
13879,OR11H6,ENSG00000176219,23721
13880,ZNF404,ENSG00000176222,32197
13881,RTTN,ENSG00000176225,30727
13882,OR4K17,ENSG00000176230,23718
13883,OR10H4,ENSG00000176231,31489
13884,RPP38-DT,ENSG00000176236,17700
13885,OR51B6,ENSG00000176239,19117
13886,ACBD7,ENSG00000176244,17699
13887,OR4L1,ENSG00000176246,23717
13888,ANAPC2,ENSG00000176248,17482
13889,OR4K13,ENSG00000176253,23716
13890,HMGB4,ENSG00000176256,758
13891,ZBTB8OS,ENSG00000176261,733
13892,OR4F21,ENSG00000176269,14702
13893,SLC35G1,ENSG00000176273,18429
13895,OR4K5,ENSG00000176281,23712
13896,ZNF135,ENSG00000176293,32841
13897,OR4N2,ENSG00000176294,23708
13898,OR4M1,ENSG00000176299,23710
13899,FOXR1,ENSG00000176302,20730
13900,COX8A,ENSG00000176340,19920
13902,TAC4,ENSG00000176358,29398
13903,ZSCAN2,ENSG00000176371,26177
13904,PRR18,ENSG00000176381,12922
13905,B3GNT4,ENSG00000176383,22700
13906,CDC26,ENSG00000176386,17048
13907,HSD11B2,ENSG00000176387,27597
13908,CRLF3,ENSG00000176390,28773
13909,RNPEP,ENSG00000176393,2751
13910,EID2,ENSG00000176396,32054
13911,DMRTA1,ENSG00000176399,16374
13912,EID2B,ENSG00000176401,32052
13913,GJC3,ENSG00000176402,13940
13914,RIMS2,ENSG00000176406,15797
13915,KCMF1,ENSG00000176407,4313
13916,DNAJC30,ENSG00000176410,13713
13917,SPRYD4,ENSG00000176422,21929
13918,VPS37D,ENSG00000176428,13712
13919,CLEC14A,ENSG00000176435,24139
13920,SYNE3,ENSG00000176438,24782
13921,CLK2,ENSG00000176444,2147
13922,LPCAT4,ENSG00000176454,25343
13923,SLCO3A1,ENSG00000176463,26291
13924,ZNF575,ENSG00000176472,32180
13925,WDR25,ENSG00000176473,24858
13926,SGF29,ENSG00000176476,27069
13927,PLAAT3,ENSG00000176485,19910
13928,DIRAS1,ENSG00000176490,30986
13929,OR5AN1,ENSG00000176495,19759
13931,PHLDB3,ENSG00000176531,32178
13932,PRR15,ENSG00000176532,13339
13933,GNG7,ENSG00000176533,30981
13934,OR4C5,ENSG00000176540,19639
13935,USF3,ENSG00000176542,6929
13936,OR4C3,ENSG00000176547,19638
13937,OR4S1,ENSG00000176555,19637
13938,CNTD1,ENSG00000176563,29171
13939,DCAF4L2,ENSG00000176566,15618
13940,OR4X1,ENSG00000176567,19636
13941,CNBD1,ENSG00000176571,15616
13943,KBTBD11,ENSG00000176595,14732
13944,B3GNT5,ENSG00000176597,7612
13945,MAP3K19,ENSG00000176601,4918
13947,LMNB2,ENSG00000176619,30978
13948,RMDN1,ENSG00000176623,15611
13949,MEX3C,ENSG00000176624,30564
13950,HORMAD2,ENSG00000176635,34825
13951,RNF152,ENSG00000176641,30662
13952,MYO1D,ENSG00000176658,28822
13954,FOXL1,ENSG00000176678,27962
13955,TGIF2LY,ENSG00000176679,36455
13956,LRRC37A,ENSG00000176681,29291
13957,FOXC2,ENSG00000176692,27961
13958,OR4F17,ENSG00000176695,30855
13959,BDNF,ENSG00000176697,19415
13960,CCDC121,ENSG00000176714,3755
13961,ACSF3,ENSG00000176715,28035
13962,BOK,ENSG00000176720,5927
13963,ZNF843,ENSG00000176723,27218
13964,RBIS,ENSG00000176731,15592
13965,PFN4,ENSG00000176732,3676
13966,OR51V1,ENSG00000176742,19105
13967,MAGEB6,ENSG00000176746,35479
13968,CDK5R1,ENSG00000176749,28821
13970,TCERG1L,ENSG00000176769,18855
13971,NCKAP5,ENSG00000176771,4905
13972,MAGEB18,ENSG00000176774,35477
13973,DEFB104A,ENSG00000176782,14801
13974,RUFY1,ENSG00000176783,11134
13975,OR52E2,ENSG00000176787,19101
13976,BASP1,ENSG00000176788,9566
13977,DEFB103A,ENSG00000176797,14803
13978,OR51L1,ENSG00000176798,19099
13979,LRRC37A3,ENSG00000176809,29643
13980,VSIG10,ENSG00000176834,22603
13981,IRX5,ENSG00000176842,27419
13982,METRNL,ENSG00000176845,30067
13983,FAM91A1,ENSG00000176853,15919
13984,WSB2,ENSG00000176871,22601
13986,GRIN1,ENSG00000176884,17479
13987,SOX11,ENSG00000176887,3481
13988,TYMS,ENSG00000176890,30088
13989,OR51G2,ENSG00000176893,19095
13990,PXMP2,ENSG00000176894,22885
13991,OR51A7,ENSG00000176895,19094
13992,TCEANC,ENSG00000176896,35386
13993,OR51T1,ENSG00000176900,19093
13994,PNMA1,ENSG00000176903,24514
13996,TCIM,ENSG00000176907,15217
13997,MAMSTR,ENSG00000176909,32393
13998,TYMSOS,ENSG00000176912,30085
13999,ANKLE2,ENSG00000176915,22887
14000,C8G,ENSG00000176919,17459
14001,FUT2,ENSG00000176920,32392
14002,OR51S1,ENSG00000176922,19092
14003,OR51F2,ENSG00000176925,19091
14004,EFCAB5,ENSG00000176927,28752
14005,GCNT4,ENSG00000176928,10021
14007,MUC20,ENSG00000176945,7784
14008,THAP4,ENSG00000176946,5929
14009,NFATC2IP,ENSG00000176953,27087
14010,LY6H,ENSG00000176956,16093
14011,FIBIN,ENSG00000176971,19406
14012,FAM89B,ENSG00000176973,20009
14013,SHMT1,ENSG00000176974,28560
14014,DPP7,ENSG00000176978,17478
14015,TRIM60,ENSG00000176979,9165
14017,SEC24C,ENSG00000176986,18205
14018,FMR1NB,ENSG00000176988,36293
14019,SMCR8,ENSG00000176994,28559
14020,MTHFR,ENSG00000177000,285
14021,DEFB104B,ENSG00000177023,14781
14022,C19orf18,ENSG00000177025,32836
14023,DEAF1,ENSG00000177030,18953
14024,MTX3,ENSG00000177034,10068
14025,TMEM80,ENSG00000177042,18956
14026,SIX5,ENSG00000177045,32276
14027,IFNW1,ENSG00000177047,16348
14028,FBXO46,ENSG00000177051,32274
14029,ZDHHC13,ENSG00000177054,19358
14030,SLC38A9,ENSG00000177058,9840
14031,ACER2,ENSG00000177076,16338
14032,WDR73,ENSG00000177082,26180
14033,POLE,ENSG00000177084,22884
14034,PHETA2,ENSG00000177096,35118
14035,SCN4B,ENSG00000177098,20700
14036,DSCAML1,ENSG00000177103,20690
14037,RHOG,ENSG00000177105,19063
14038,EPS8L2,ENSG00000177106,18955
14039,ZDHHC22,ENSG00000177108,24597
14040,ANO6,ENSG00000177119,21567
14041,ZBTB34,ENSG00000177125,17200
14042,FAM9B,ENSG00000177138,35355
14043,CETN1,ENSG00000177143,30083
14044,NUDT4B,ENSG00000177144,1890
14045,FAM210A,ENSG00000177150,30280
14046,OR2T35,ENSG00000177151,3401
14047,TALDO1,ENSG00000177156,18958
14048,ULK1,ENSG00000177169,22859
14049,OR14C36,ENSG00000177174,3387
14050,RIMKLA,ENSG00000177181,913
14051,CLVS1,ENSG00000177182,15388
14052,OR2M7,ENSG00000177186,3386
14053,RPS6KA3,ENSG00000177189,35442
14054,B3GNT8,ENSG00000177191,32116
14055,PUS1,ENSG00000177192,22861
14056,CHD9,ENSG00000177200,27393
14057,OR2T12,ENSG00000177201,3385
14058,SPACA4,ENSG00000177202,32385
14059,OR2T33,ENSG00000177212,3384
14060,GATD1,ENSG00000177225,18959
14061,LINC01561,ENSG00000177234,18742
14062,TRIM72,ENSG00000177238,27210
14063,MAN1B1,ENSG00000177239,17477
14064,DEFB103B,ENSG00000177243,14779
14065,DEFB4B,ENSG00000177257,14778
14066,KCNA3,ENSG00000177272,1661
14067,OR2AJ1,ENSG00000177275,3373
14068,FZD8,ENSG00000177283,17877
14069,GJD4,ENSG00000177291,17876
14070,FBXO39,ENSG00000177294,28283
14071,CLDN22,ENSG00000177300,9285
14072,KCNA2,ENSG00000177301,1659
14073,TOP3A,ENSG00000177302,28558
14074,CASKIN2,ENSG00000177303,29800
14075,ZBTB38,ENSG00000177311,7251
14076,BEND2,ENSG00000177324,35425
14079,CCDC71,ENSG00000177352,6449
14080,C10orf71,ENSG00000177354,18002
14081,LRRN4CL,ENSG00000177363,19877
14082,TIMM22,ENSG00000177370,28107
14083,HIC1,ENSG00000177374,28142
14084,PPFIA3,ENSG00000177380,32428
14085,MAGEF1,ENSG00000177383,7648
14086,UMODL1,ENSG00000177398,34243
14087,SAMD9L,ENSG00000177409,13867
14088,UBE2U,ENSG00000177414,1234
14089,PAWR,ENSG00000177425,22189
14090,TGIF1,ENSG00000177426,30127
14091,MIEF2,ENSG00000177427,28556
14092,NAP1L5,ENSG00000177432,8619
14093,NIM1K,ENSG00000177453,9767
14094,CD19,ENSG00000177455,27086
14095,ERICH5,ENSG00000177459,15718
14096,OR2T8,ENSG00000177462,3372
14097,NR2C2,ENSG00000177463,6105
14098,GPR4,ENSG00000177464,32268
14099,ACOT4,ENSG00000177465,24510
14100,OLIG3,ENSG00000177468,12654
14101,CAVIN1,ENSG00000177469,29145
14102,OR2G3,ENSG00000177476,3361
14103,ARIH2,ENSG00000177479,6435
14104,RBM44,ENSG00000177483,5851
14105,ZBTB33,ENSG00000177485,36109
14106,OR2G2,ENSG00000177489,3360
14107,ZBED2,ENSG00000177494,6893
14108,VCX2,ENSG00000177504,35348
14109,IRX3,ENSG00000177508,27409
14110,ST8SIA3,ENSG00000177511,30607
14111,RPRM,ENSG00000177519,5019
14112,OR2B11,ENSG00000177535,3355
14113,SLC25A22,ENSG00000177542,18963
14114,RABEP2,ENSG00000177548,27085
14115,NHLH2,ENSG00000177551,1745
14116,ATOX1,ENSG00000177556,10832
14117,FAM187B,ENSG00000177558,31856
14118,TBL1XR1,ENSG00000177565,7546
14119,SAMD12,ENSG00000177570,15865
14120,CD163,ENSG00000177575,21149
14121,C18orf32,ENSG00000177576,30541
14122,PIDD1,ENSG00000177595,18965
14124,ZNF491,ENSG00000177599,31331
14125,RPLP2,ENSG00000177600,18966
14126,HASPIN,ENSG00000177602,28191
14127,JUN,ENSG00000177606,1182
14128,CSTF2T,ENSG00000177613,18030
14129,PGBD5,ENSG00000177614,3158
14130,C12orf54,ENSG00000177627,21628
14132,ACAD9,ENSG00000177646,7115
14133,IL17RA,ENSG00000177663,34429
14134,PNPLA2,ENSG00000177666,18967
14135,MBOAT4,ENSG00000177669,15107
14136,TEX44,ENSG00000177673,5764
14137,AGTRAP,ENSG00000177674,282
14138,CD163L1,ENSG00000177675,21148
14139,SRRM3,ENSG00000177679,13755
14140,THAP5,ENSG00000177683,14101
14141,DEFB114,ENSG00000177684,12065
14142,CRACR2B,ENSG00000177685,18969
14143,SUMO4,ENSG00000177688,12751
14144,MAGEB10,ENSG00000177689,35486
14145,DNAJC28,ENSG00000177692,34112
14146,OR4F4,ENSG00000177693,26428
14147,NAALADL2,ENSG00000177694,7538
14148,CD151,ENSG00000177697,18970
14149,POLR2L,ENSG00000177700,18971
14150,FAM20C,ENSG00000177706,13025
14151,NECTIN3,ENSG00000177707,6890
14152,SLC35G5,ENSG00000177710,14861
14153,ANXA2R,ENSG00000177721,9763
14154,TMEM94,ENSG00000177728,29799
14155,FLII,ENSG00000177731,28555
14156,SOX12,ENSG00000177732,32891
14157,HNRNPA0,ENSG00000177733,10538
14158,YIPF7,ENSG00000177752,8259
14160,MYOZ1,ENSG00000177791,18200
14161,TMEM78,ENSG00000177800,3140
14162,KCNJ10,ENSG00000177807,2283
14163,CHID1,ENSG00000177830,18974
14164,ZNF620,ENSG00000177842,6288
14165,TMEM187,ENSG00000177854,36388
14166,SVBP,ENSG00000177868,926
14167,ZNF619,ENSG00000177873,6287
14168,CCDC184,ENSG00000177875,21618
14169,AP3S1,ENSG00000177879,10325
14170,GRB2,ENSG00000177885,29795
14171,ZBTB41,ENSG00000177888,2694
14172,UBE2N,ENSG00000177889,22287
14173,ARL6IP6,ENSG00000177917,5015
14174,ZNF354C,ENSG00000177932,11128
14175,CAPZA3,ENSG00000177938,21345
14176,MAMDC4,ENSG00000177943,17454
14179,BET1L,ENSG00000177951,18912
14180,RPS27,ENSG00000177954,2096
14181,RIC8A,ENSG00000177963,18916
14182,IMP3,ENSG00000177971,26025
14183,ASB8,ENSG00000177981,21616
14184,LCN15,ENSG00000177984,17447
14186,DPY19L2,ENSG00000177990,22019
14187,SPATA31E1,ENSG00000177992,16783
14188,C2orf73,ENSG00000177994,4002
14189,GPR150,ENSG00000178015,10193
14190,TSPYL6,ENSG00000178021,4001
14191,LRRC75B,ENSG00000178026,34715
14192,DMAP1,ENSG00000178028,967
14193,ADAMTSL1,ENSG00000178031,16326
14194,CALHM5,ENSG00000178033,12490
14195,IMPDH2,ENSG00000178035,6443
14196,ALS2CL,ENSG00000178038,6387
14197,MLF1,ENSG00000178053,7426
14199,NDUFAF3,ENSG00000178057,6442
14200,C2orf69,ENSG00000178074,5394
14201,GRAMD1C,ENSG00000178075,6933
14202,STAP2,ENSG00000178078,31053
14203,HTR3C,ENSG00000178084,7623
14204,TSSK6,ENSG00000178093,31636
14205,BOLA1,ENSG00000178096,1916
14206,PDE4DIP,ENSG00000178104,1891
14207,DDX10,ENSG00000178105,20567
14208,GOLGA8Q,ENSG00000178115,25295
14209,PPP1R42,ENSG00000178125,15447
14210,NDUFV2,ENSG00000178127,30188
14211,DALRD3,ENSG00000178149,6441
14212,ZNF114,ENSG00000178150,32370
14213,ZNF518B,ENSG00000178163,8032
14214,AMER3,ENSG00000178171,4876
14215,SPINK6,ENSG00000178172,10761
14216,ZNF366,ENSG00000178175,9983
14217,LCORL,ENSG00000178177,8092
14218,PARD6G,ENSG00000178184,30850
14219,ZNF454,ENSG00000178187,11124
14220,SH2B1,ENSG00000178188,27081
14221,ZC3H12D,ENSG00000178199,12752
14222,VN1R1,ENSG00000178201,32809
14223,POGLUT3,ENSG00000178202,20565
14225,PLEC,ENSG00000178209,16137
14226,SH2D4B,ENSG00000178217,18295
14227,RNF212,ENSG00000178222,7877
14228,PRSS36,ENSG00000178226,27204
14229,ZNF543,ENSG00000178229,32800
14230,TMEM151B,ENSG00000178233,12014
14231,GALNT11,ENSG00000178234,14624
14232,SLITRK1,ENSG00000178235,23414
14234,WDR6,ENSG00000178252,6440
14235,PRM3,ENSG00000178257,26796
14236,TNP2,ENSG00000178279,26795
14237,SPAG11A,ENSG00000178287,14802
14238,GEN1,ENSG00000178295,3612
14239,TMPRSS9,ENSG00000178297,30976
14240,AQP11,ENSG00000178301,20333
14241,TMEM11,ENSG00000178307,28635
14242,ZNF354B,ENSG00000178338,11121
14243,KCNG2,ENSG00000178342,30839
14244,SHISA3,ENSG00000178343,8247
14245,OR2D3,ENSG00000178358,19183
14246,CALML3,ENSG00000178363,17591
14247,CALML5,ENSG00000178372,17589
14248,ZFAND2A,ENSG00000178381,13051
14249,PLEKHM3,ENSG00000178385,5495
14250,ZNF223,ENSG00000178386,32210
14251,HTR1A,ENSG00000178394,9901
14252,CCDC185,ENSG00000178395,3047
14253,FAM220A,ENSG00000178397,13126
14254,DNAJC22,ENSG00000178401,21666
14255,NEUROG2,ENSG00000178403,8789
14256,CEP295NL,ENSG00000178404,29906
14257,BEND3,ENSG00000178409,12391
14258,NT5DC1,ENSG00000178425,12480
14259,GLDC,ENSG00000178445,16269
14260,COX14,ENSG00000178449,21692
14261,MCMDC2,ENSG00000178460,15444
14262,TUBAL3,ENSG00000178462,17587
14263,P4HTM,ENSG00000178467,6439
14264,UCN3,ENSG00000178473,17586
14265,DTX3,ENSG00000178498,21969
14266,KLHL11,ENSG00000178502,29122
14267,AMBN,ENSG00000178522,8443
14268,CTXN1,ENSG00000178531,31186
14269,SLC25A20,ENSG00000178537,6433
14270,CA8,ENSG00000178538,15377
14271,CD28,ENSG00000178562,5449
14272,EPM2AIP1,ENSG00000178567,6235
14273,ERBB4,ENSG00000178568,5522
14274,MAF,ENSG00000178573,27835
14275,CTNNBIP1,ENSG00000178585,238
14276,OR6B3,ENSG00000178586,5888
14277,DEFB125,ENSG00000178591,32880
14278,PSAPL1,ENSG00000178597,7980
14279,OTOS,ENSG00000178602,5890
14280,GTPBP6,ENSG00000178605,35301
14281,ERN1,ENSG00000178607,29633
14282,GPR35,ENSG00000178623,5902
14284,C10orf53,ENSG00000178645,18008
14285,CSRNP3,ENSG00000178662,5096
14286,ZNF713,ENSG00000178665,13605
14287,PARP10,ENSG00000178685,16138
14288,DYNAP,ENSG00000178690,30577
14289,SUZ12,ENSG00000178691,28804
14290,NSUN3,ENSG00000178694,6785
14291,KCTD12,ENSG00000178695,23371
14292,DHFR2,ENSG00000178700,6784
14293,RPP25,ENSG00000178718,26006
14294,GRINA,ENSG00000178719,16139
14295,C5orf64,ENSG00000178722,9891
14296,THBD,ENSG00000178726,33165
14297,GP5,ENSG00000178732,7759
14298,LMO7DN,ENSG00000178734,23364
14299,COX5A,ENSG00000178741,26005
14300,STX19,ENSG00000178750,6783
14301,ERFE,ENSG00000178752,5857
14302,FAM219B,ENSG00000178761,26004
14303,ZHX2,ENSG00000178764,15900
14304,CPN2,ENSG00000178772,7757
14305,CPNE7,ENSG00000178773,28053
14306,C5orf46,ENSG00000178776,10755
14307,CD300LB,ENSG00000178789,29757
14308,GDPD4,ENSG00000178795,20329
14309,RIIAD1,ENSG00000178796,1986
14310,MPI,ENSG00000178802,26003
14312,TRIM73,ENSG00000178809,13744
14313,OPLAH,ENSG00000178814,16141
14314,TMEM52,ENSG00000178821,89
14315,TMEM139,ENSG00000178826,14499
14316,RNF186,ENSG00000178828,444
14317,EFCAB13,ENSG00000178852,29310
14318,MSC,ENSG00000178860,15481
14319,APOLD1,ENSG00000178878,21284
14320,RFLNA,ENSG00000178882,22756
14321,EXOSC4,ENSG00000178896,16143
14322,DPY19L3,ENSG00000178904,31786
14323,TAF7,ENSG00000178913,10660
14324,ZNF852,ENSG00000178917,6341
14325,FOXE1,ENSG00000178919,16915
14326,PFAS,ENSG00000178921,28372
14327,HYI,ENSG00000178922,948
14328,CYBC1,ENSG00000178927,30044
14329,TPRX1,ENSG00000178928,32353
14330,LGALS7B,ENSG00000178934,32012
14331,ZNF552,ENSG00000178935,32828
14332,SMIM10L2A,ENSG00000178947,36218
14333,GAK,ENSG00000178950,7870
14334,ZBTB7A,ENSG00000178951,31042
14335,TUFM,ENSG00000178952,27080
14336,ERICH3,ENSG00000178965,1314
14337,RMI1,ENSG00000178966,16753
14338,CTC1,ENSG00000178971,28371
14339,FBXO34,ENSG00000178974,24287
14340,SELENOW,ENSG00000178980,32352
14341,EIF3K,ENSG00000178982,32006
14342,MRFAP1L1,ENSG00000178988,7967
14343,SNX18,ENSG00000178996,9823
14344,EXD1,ENSG00000178997,25452
14345,AURKB,ENSG00000178999,28369
14346,TAS1R2,ENSG00000179002,427
14347,C14orf39,ENSG00000179008,24348
14348,MRFAP1,ENSG00000179010,7962
14349,C3orf38,ENSG00000179021,6777
14350,KLHDC7A,ENSG00000179023,425
14352,TMEM107,ENSG00000179029,28366
14354,RRS1,ENSG00000179041,15438
14355,EXOC3L1,ENSG00000179044,27585
14356,TRIML2,ENSG00000179046,9358
14357,RCC2,ENSG00000179051,416
14358,OR13D1,ENSG00000179055,16975
14359,IGSF22,ENSG00000179057,19351
14360,C9orf50,ENSG00000179058,17299
14361,ZFP42,ENSG00000179059,9357
14363,CCDC89,ENSG00000179071,20392
14364,FAM133A,ENSG00000179083,35919
14365,DPM3,ENSG00000179085,2136
14366,C12orf42,ENSG00000179088,22388
14367,CYC1,ENSG00000179091,16145
14368,PER1,ENSG00000179094,28364
14369,HTR1F,ENSG00000179097,6774
14370,TMTC2,ENSG00000179104,22214
14371,HES7,ENSG00000179111,28363
14372,FARSA,ENSG00000179115,31387
14373,SPTY2D1,ENSG00000179119,19349
14374,C10orf67,ENSG00000179133,17773
14375,SAMD4B,ENSG00000179134,32042
14376,CYP11B2,ENSG00000179142,16088
14377,GIMAP7,ENSG00000179144,14583
14378,ALOXE3,ENSG00000179148,28362
14379,EDC3,ENSG00000179151,25995
14380,TCAIM,ENSG00000179152,6338
14381,FUCA1,ENSG00000179163,531
14382,PXT1,ENSG00000179165,11857
14383,GGN,ENSG00000179168,31996
14384,HNRNPCL1,ENSG00000179172,309
14385,TMEM125,ENSG00000179178,936
14386,ZNF664,ENSG00000179195,22755
14387,SIGLECL1,ENSG00000179213,32536
14388,CALR,ENSG00000179218,31389
14389,MAGED1,ENSG00000179222,35700
14390,GVQW3,ENSG00000179240,20310
14391,LDLRAD3,ENSG00000179241,19502
14392,CDH4,ENSG00000179242,33729
14394,SMCO3,ENSG00000179256,21313
14395,RAD23A,ENSG00000179262,31391
14396,PCARE,ENSG00000179270,3778
14397,GADD45GIP1,ENSG00000179271,31392
14398,DAND5,ENSG00000179284,31393
14399,TMEM151A,ENSG00000179292,20055
14401,PTPN11,ENSG00000179295,22525
14402,NSUN7,ENSG00000179299,8227
14403,RTL3,ENSG00000179300,35886
14404,FAM156B,ENSG00000179304,35716
14405,WSCD1,ENSG00000179314,28269
14406,RAB39A,ENSG00000179331,20556
14407,CLK3,ENSG00000179335,25992
14408,HLA-DQB1,ENSG00000179344,11759
14409,GATA2,ENSG00000179348,7106
14410,ARID3B,ENSG00000179361,25991
14411,TMEM31,ENSG00000179363,35997
14412,PACS2,ENSG00000179364,24975
14413,ELMOD2,ENSG00000179387,8968
14414,EGR3,ENSG00000179388,14997
14415,CATSPERE,ENSG00000179397,3315
14416,GPC5,ENSG00000179399,23453
14417,VWA1,ENSG00000179403,68
14418,DNAJB8,ENSG00000179407,7104
14419,GEMIN4,ENSG00000179409,28098
14420,FJX1,ENSG00000179431,19496
14421,KLHL28,ENSG00000179454,24171
14422,MKRN3,ENSG00000179455,25222
14423,ZBTB18,ENSG00000179456,3307
14424,OR9A2,ENSG00000179468,14491
14425,C14orf28,ENSG00000179476,24169
14426,ALOX12B,ENSG00000179477,28360
14427,SLC17A8,ENSG00000179520,22353
14428,SHARPIN,ENSG00000179526,16146
14429,LBX2,ENSG00000179528,4242
14430,DNHD1,ENSG00000179532,19163
14431,SLITRK4,ENSG00000179542,36277
14432,HTR1D,ENSG00000179546,510
14433,GCC1,ENSG00000179562,14223
14434,LSMEM2,ENSG00000179564,6492
14435,RNF151,ENSG00000179580,26564
14436,CIITA,ENSG00000179583,26786
14437,ZFPM1,ENSG00000179588,28007
14438,ALOX15B,ENSG00000179593,28358
14439,PLD6,ENSG00000179598,28528
14440,GRM8,ENSG00000179603,14216
14441,CDC42EP4,ENSG00000179604,29733
14442,OR2AP1,ENSG00000179615,21872
14443,OR6C4,ENSG00000179626,21871
14444,ZBTB42,ENSG00000179627,24957
14445,LACC1,ENSG00000179630,23159
14446,MAF1,ENSG00000179632,16147
14447,TPPP2,ENSG00000179636,23764
14448,FCER1A,ENSG00000179639,2263
14449,RPRML,ENSG00000179673,29301
14450,ARL14,ENSG00000179674,7449
14451,OR6C2,ENSG00000179695,21868
14452,WDR97,ENSG00000179698,16148
14453,NLRP8,ENSG00000179709,32755
14454,PCED1B,ENSG00000179715,21585
14455,APOBEC3B,ENSG00000179750,35045
14456,SYCN,ENSG00000179751,32034
14458,PIPOX,ENSG00000179761,28726
14459,FOXS1,ENSG00000179772,33259
14460,ATOH7,ENSG00000179774,18107
14461,CDH5,ENSG00000179776,27547
14462,LRRC3B,ENSG00000179796,6177
14463,FAM216B,ENSG00000179813,23145
14464,MRGPRX4,ENSG00000179817,19335
14465,MYADM,ENSG00000179820,32641
14466,MRGPRX3,ENSG00000179826,19332
14467,MROH1,ENSG00000179832,16150
14468,SERTAD2,ENSG00000179833,4091
14470,PIK3CD-AS1,ENSG00000179840,235
14471,AKAP5,ENSG00000179841,24390
14472,NKPD1,ENSG00000179846,32253
14473,GIPC3,ENSG00000179855,31023
14474,RNF227,ENSG00000179859,28353
14475,CITED4,ENSG00000179862,893
14476,ABCA13,ENSG00000179869,13553
14477,NLRP11,ENSG00000179873,32752
14478,TIGD5,ENSG00000179886,16115
14479,PDXDC1,ENSG00000179889,26858
14481,ZNF154,ENSG00000179909,32824
14482,R3HDM2,ENSG00000179912,21955
14483,B3GNT3,ENSG00000179913,31572
14484,ITLN1,ENSG00000179914,2309
14485,NRXN1,ENSG00000179915,3983
14486,SEPHS2,ENSG00000179918,27155
14487,OR10A7,ENSG00000179919,21859
14488,GPBAR1,ENSG00000179921,5591
14489,ZNF784,ENSG00000179922,32740
14490,ZNF648,ENSG00000179930,2579
14491,C14orf119,ENSG00000179933,23944
14492,CCR8,ENSG00000179934,6274
14493,GOLGA8J,ENSG00000179938,25287
14494,BBS10,ENSG00000179941,22166
14495,FIZ1,ENSG00000179943,32736
14496,PUF60,ENSG00000179950,16130
14497,SSC5D,ENSG00000179954,32732
14498,DCTPP1,ENSG00000179958,27154
14499,ZNF771,ENSG00000179965,27153
14501,TSHZ1,ENSG00000179981,30770
14502,PSTK,ENSG00000179988,18773
14503,SOCS4,ENSG00000180008,24281
14505,OR1E1,ENSG00000180016,28174
14506,ZNF48,ENSG00000180035,27151
14508,C3orf80,ENSG00000180044,7444
14509,NKX2-6,ENSG00000180053,15024
14510,TMEM150B,ENSG00000180061,32715
14512,ANKRD18A,ENSG00000180071,16561
14513,WFDC11,ENSG00000180083,33510
14514,TMEM86B,ENSG00000180089,32710
14515,OR3A1,ENSG00000180090,28172
14516,SEPTIN1,ENSG00000180096,27152
14517,TRNAU1AP,ENSG00000180098,656
14518,EXOC3,ENSG00000180104,9386
14519,TDRD6,ENSG00000180113,12034
14521,CSNK1A1L,ENSG00000180138,23104
14522,LYNX1,ENSG00000180155,16082
14523,TH,ENSG00000180176,19024
14524,MED14,ENSG00000180182,35550
14525,FAHD1,ENSG00000180185,26553
14526,TDRP,ENSG00000180190,14711
14527,RCC1,ENSG00000180198,654
14528,WFDC9,ENSG00000180205,33508
14530,F2,ENSG00000180210,19598
14532,PRKRA,ENSG00000180228,5234
14533,ZNRF2,ENSG00000180233,13351
14534,RRH,ENSG00000180245,8770
14535,SLC9A4,ENSG00000180251,4595
14536,ZNF816,ENSG00000180257,32614
14537,PRNT,ENSG00000180259,32982
14538,FGD6,ENSG00000180263,22307
14539,ADGRD2,ENSG00000180264,17168
14540,GPR139,ENSG00000180269,26933
14541,PLD5,ENSG00000180287,3294
14542,OAZ2,ENSG00000180304,25818
14543,WFDC10A,ENSG00000180305,33509
14544,PNPLA1,ENSG00000180316,11853
14545,ALX1,ENSG00000180318,22222
14546,CCDC43,ENSG00000180329,29239
14547,KCTD4,ENSG00000180332,23179
14548,MEIOC,ENSG00000180336,29238
14549,FZD2,ENSG00000180340,29236
14550,TIGD2,ENSG00000180346,8622
14551,ITPRID1,ENSG00000180347,13370
14552,HCLS1,ENSG00000180353,7007
14553,MTURN,ENSG00000180354,13347
14554,ZNF609,ENSG00000180357,25816
14555,PAK2,ENSG00000180370,7812
14556,CCDC66,ENSG00000180376,6599
14557,DEFB124,ENSG00000180383,33243
14558,KRTAP9-7,ENSG00000180386,29090
14560,MCFD2,ENSG00000180398,3955
14561,HARBI1,ENSG00000180423,19594
14562,DEFB123,ENSG00000180424,33242
14563,C11orf71,ENSG00000180425,20647
14564,CYP8B1,ENSG00000180432,6321
14565,OR6K6,ENSG00000180433,2254
14567,SERTM1,ENSG00000180440,23097
14568,GAS1,ENSG00000180447,16774
14569,ARHGAP45,ENSG00000180448,30906
14570,OR10Q1,ENSG00000180475,19734
14571,ZNF571,ENSG00000180479,31973
14572,GLIPR1L2,ENSG00000180481,22153
14573,DEFB119,ENSG00000180483,33240
14574,MIGA1,ENSG00000180488,1343
14575,KCNE1,ENSG00000180509,34132
14577,NRIP1,ENSG00000180530,33913
14578,ZSCAN4,ENSG00000180532,32822
14579,BHLHA15,ENSG00000180535,13907
14580,RNF182,ENSG00000180537,11362
14582,TSPYL5,ENSG00000180543,15711
14583,FUT7,ENSG00000180549,17468
14585,EIF2S3B,ENSG00000180574,21236
14586,SKIDA1,ENSG00000180592,17750
14588,MB21D2,ENSG00000180611,7733
14589,GSX2,ENSG00000180613,8321
14590,SSTR2,ENSG00000180616,29726
14591,ZNF594,ENSG00000180626,28251
14592,PCGF5,ENSG00000180628,18401
14593,SLC47A2,ENSG00000180638,28606
14594,PRF1,ENSG00000180644,18148
14595,OR2A4,ENSG00000180658,12578
14596,MAB21L1,ENSG00000180660,23088
14597,YOD1,ENSG00000180667,2864
14598,TMEM64,ENSG00000180694,15633
14599,C3orf22,ENSG00000180697,7077
14600,OR10K2,ENSG00000180708,2242
14601,CHRM4,ENSG00000180720,19591
14602,SHISA2,ENSG00000180730,22988
14603,S1PR5,ENSG00000180739,31282
14604,CLRN3,ENSG00000180745,18828
14605,GPR157,ENSG00000180758,224
14606,CHST13,ENSG00000180767,7076
14607,AGTR2,ENSG00000180772,36072
14608,SLC36A4,ENSG00000180773,20445
14609,ZDHHC20,ENSG00000180776,22944
14610,ANKRD30B,ENSG00000180777,30289
14611,OR51E1,ENSG00000180785,19085
14612,ZFP3,ENSG00000180787,28247
14613,ARSJ,ENSG00000180801,8800
14614,HOXC9,ENSG00000180806,21820
14615,MAP3K15,ENSG00000180815,35436
14616,PPA1,ENSG00000180817,18142
14617,HOXC10,ENSG00000180818,21817
14618,PSMG4,ENSG00000180822,11241
14619,BHLHE22,ENSG00000180828,15418
14620,MAP6D1,ENSG00000180834,7618
14621,ZNF443,ENSG00000180855,31350
14622,LINC01559,ENSG00000180861,21296
14623,LINC01555,ENSG00000180869,1390
14624,CXCR2,ENSG00000180871,5587
14625,DEFB112,ENSG00000180872,12068
14626,GREM2,ENSG00000180875,3276
14627,C11orf42,ENSG00000180878,19150
14628,SSR4,ENSG00000180879,36378
14629,CAPS2,ENSG00000180881,22150
14630,ZNF792,ENSG00000180884,31843
14631,CUEDC1,ENSG00000180891,29506
14632,SCRIB,ENSG00000180900,16129
14633,KCTD2,ENSG00000180901,29780
14634,D2HGDH,ENSG00000180902,5934
14637,OXTR,ENSG00000180914,6004
14638,CMTR2,ENSG00000180917,27707
14639,OR56B4,ENSG00000180919,19145
14640,FAM83H,ENSG00000180921,16126
14641,GPR62,ENSG00000180929,6531
14642,OR56A1,ENSG00000180934,19144
14643,ZNF572,ENSG00000180938,15939
14645,PITPNB,ENSG00000180957,34784
14646,TCEAL8,ENSG00000180964,35980
14647,OR52E4,ENSG00000180974,19138
14648,LRRC57,ENSG00000180979,25489
14649,OR52N2,ENSG00000180988,19135
14650,MRPL14,ENSG00000180992,12006
14651,GPR137C,ENSG00000180998,24252
14652,C1orf105,ENSG00000180999,2480
14653,OR52N1,ENSG00000181001,19134
14654,BBS12,ENSG00000181004,8856
14655,ZFP82,ENSG00000181007,31931
14656,OR52N5,ENSG00000181009,19133
14658,LSMEM1,ENSG00000181016,14119
14659,NQO1,ENSG00000181019,27678
14660,OR56B1,ENSG00000181023,19131
14661,AEN,ENSG00000181026,26217
14662,FKRP,ENSG00000181027,32322
14663,TRAPPC5,ENSG00000181029,31171
14664,RPH3AL,ENSG00000181031,28085
14665,SLC25A42,ENSG00000181035,31623
14666,FCRL6,ENSG00000181036,2271
14667,METTL23,ENSG00000181038,29857
14669,SLC26A11,ENSG00000181045,29937
14670,HIGD1A,ENSG00000181061,6316
14671,CHRM2,ENSG00000181072,14340
14672,OR52N4,ENSG00000181074,19132
14673,MAPK15,ENSG00000181085,16124
14674,EHMT1,ENSG00000181090,17511
14675,ADIPOQ,ENSG00000181092,7684
14676,F2R,ENSG00000181104,10039
14677,ZNF707,ENSG00000181135,16120
14678,MUC16,ENSG00000181143,31220
14679,NPM1,ENSG00000181163,10984
14680,PJA1,ENSG00000181191,35792
14681,DHTKD1,ENSG00000181192,17662
14682,PENK,ENSG00000181195,15345
14683,C4orf50,ENSG00000181215,7953
14685,ZNF746,ENSG00000181220,14558
14686,POLR2A,ENSG00000181222,28330
14687,TMEM132C,ENSG00000181234,22809
14688,SLC25A41,ENSG00000181240,31127
14689,TLCD5,ENSG00000181264,20777
14690,OR5AK2,ENSG00000181273,19701
14691,FRAT2,ENSG00000181274,18471
14692,TMEM102,ENSG00000181284,28323
14693,TMEM132E,ENSG00000181291,28859
14694,ZNF322,ENSG00000181315,11511
14695,NME9,ENSG00000181322,7212
14696,SPEM1,ENSG00000181323,28320
14697,HEPHL1,ENSG00000181333,20455
14698,LRRC75A,ENSG00000181350,28508
14700,OR5M8,ENSG00000181371,19692
14701,CCL13,ENSG00000181374,28855
14702,CFAP65,ENSG00000181378,5624
14703,DDX60L,ENSG00000181381,9182
14704,SYNE4,ENSG00000181392,31912
14705,OGFOD3,ENSG00000181396,30040
14706,WASHC1,ENSG00000181404,16196
14707,UTS2R,ENSG00000181408,30038
14708,AATK,ENSG00000181409,29957
14709,DDN,ENSG00000181418,21647
14710,SAGE1,ENSG00000181433,36230
14711,ZNF467,ENSG00000181444,14560
14712,SOX2,ENSG00000181449,7593
14713,ZNF678,ENSG00000181450,3104
14714,TMEM45A,ENSG00000181458,6833
14716,RAP2B,ENSG00000181467,7373
14717,ZBTB2,ENSG00000181472,12786
14718,RNF135,ENSG00000181481,28786
14719,OR6T1,ENSG00000181499,20813
14720,ACBD4,ENSG00000181513,29258
14721,OR8D4,ENSG00000181518,20811
14722,SGSH,ENSG00000181523,29936
14723,MAB21L2,ENSG00000181541,9049
14724,FANCB,ENSG00000181544,35395
14725,EDDM3B,ENSG00000181552,23749
14726,SETD2,ENSG00000181555,6394
14727,EDDM3A,ENSG00000181562,23748
14729,TMIE,ENSG00000181585,6388
14730,MEX3D,ENSG00000181588,30937
14731,OR52D1,ENSG00000181609,19122
14732,MRPS23,ENSG00000181610,29505
14733,OR52H1,ENSG00000181616,19125
14734,FDCSP,ENSG00000181617,8435
14735,GPR135,ENSG00000181619,24335
14736,SLX1B,ENSG00000181625,27100
14737,ANKRD62,ENSG00000181626,30245
14738,P2RY13,ENSG00000181631,7357
14739,TNFSF15,ENSG00000181634,17074
14740,ZFP41,ENSG00000181638,16095
14741,PHLDA2,ENSG00000181649,19040
14742,ATG9B,ENSG00000181652,14594
14743,GPR88,ENSG00000181656,1548
14744,ZNF875,ENSG00000181666,31961
14746,PLAG1,ENSG00000181690,15341
14747,OR8H1,ENSG00000181693,19684
14748,OR5T1,ENSG00000181698,19683
14749,YIPF6,ENSG00000181704,35789
14750,OR5T2,ENSG00000181718,19681
14751,ZBTB20,ENSG00000181722,6945
14752,OR2Z1,ENSG00000181733,31215
14753,DIPK2A,ENSG00000181744,7281
14755,OR8K5,ENSG00000181752,19679
14756,AMIGO1,ENSG00000181754,1617
14757,OR8H3,ENSG00000181761,19677
14758,OR8H2,ENSG00000181767,19676
14759,GPR3,ENSG00000181773,624
14760,TMEM252,ENSG00000181778,16652
14762,OR5AS1,ENSG00000181785,19674
14763,ACTL9,ENSG00000181786,31214
14764,SIAH2,ENSG00000181788,7346
14765,COPG1,ENSG00000181789,7124
14766,ADGRB1,ENSG00000181790,16068
14767,OR6S1,ENSG00000181803,23744
14768,SLC9A9,ENSG00000181804,7277
14769,LSM10,ENSG00000181817,801
14770,RELL1,ENSG00000181826,8183
14771,RFX7,ENSG00000181827,25696
14772,SLC35C1,ENSG00000181830,19574
14773,TIGIT,ENSG00000181847,6943
14774,RNF41,ENSG00000181852,21912
14775,SLC2A4,ENSG00000181856,28306
14776,FTMT,ENSG00000181867,10359
14777,IBA57,ENSG00000181873,3120
14778,CLDN7,ENSG00000181885,28305
14779,ZNF329,ENSG00000181894,32843
14780,ZNF101,ENSG00000181896,31645
14781,OR4C6,ENSG00000181903,19660
14782,C5orf24,ENSG00000181904,10500
14783,LINC02724,ENSG00000181908,19952
14784,ADO,ENSG00000181915,18084
14785,COA4,ENSG00000181924,20255
14786,OR4P4,ENSG00000181927,19658
14787,PRKAG1,ENSG00000181929,21650
14789,GINS3,ENSG00000181938,27509
14790,OR4C15,ENSG00000181939,19655
14791,OR4A15,ENSG00000181958,19654
14792,OR4A16,ENSG00000181961,19653
14793,OR52K2,ENSG00000181963,19077
14794,NEUROG1,ENSG00000181965,10516
14795,CCDC149,ENSG00000181982,8119
14796,MRPS11,ENSG00000181991,26214
14797,SNRPE,ENSG00000182004,2790
14798,RTKN2,ENSG00000182010,18078
14799,PNMA8A,ENSG00000182013,32308
14800,CHST15,ENSG00000182022,18788
14801,ADIG,ENSG00000182035,33414
14802,USH1G,ENSG00000182040,29773
14803,MGAT4C,ENSG00000182050,22226
14804,TRIM49B,ENSG00000182053,19642
14805,IDH2,ENSG00000182054,26251
14806,OR52A1,ENSG00000182070,19104
14808,OR6B2,ENSG00000182083,5887
14809,TMEM259,ENSG00000182087,30902
14810,GET1,ENSG00000182093,34206
14811,TNRC18,ENSG00000182095,13103
14812,FAM181B,ENSG00000182103,20369
14813,TMEM30B,ENSG00000182107,24358
14814,DEXI,ENSG00000182108,26787
14815,ZNF716,ENSG00000182111,13626
14816,NOP10,ENSG00000182117,25341
14817,FAM89A,ENSG00000182118,3173
14818,KCNIP1,ENSG00000182132,10974
14819,TDRKH,ENSG00000182134,1993
14820,ZNF708,ENSG00000182141,31670
14821,IST1,ENSG00000182149,27728
14822,ERCC6L2,ENSG00000182150,16880
14823,MRPL41,ENSG00000182154,17506
14824,ENPP7,ENSG00000182156,29917
14825,CREB3L2,ENSG00000182158,14345
14826,P2RY8,ENSG00000182162,35315
14827,UNC5C,ENSG00000182168,8652
14828,MRGPRG,ENSG00000182170,19048
14829,TSEN54,ENSG00000182173,29801
14830,RGMA,ENSG00000182175,26308
14831,ASB18,ENSG00000182177,5830
14832,UBA7,ENSG00000182179,6473
14833,MRPS16,ENSG00000182180,18189
14834,SHISAL2A,ENSG00000182183,1095
14835,RAD51B,ENSG00000182185,24432
14836,CRYGB,ENSG00000182187,5499
14837,LDOC1,ENSG00000182195,36263
14838,ARL6IP4,ENSG00000182196,22722
14839,EXT1,ENSG00000182197,15864
14840,SHMT2,ENSG00000182199,21952
14841,MOB2,ENSG00000182208,18989
14843,HHIPL1,ENSG00000182218,24840
14844,ATP6AP2,ENSG00000182220,35546
14845,ZAR1,ENSG00000182223,8288
14846,CYB5D1,ENSG00000182224,28351
14848,BACE2,ENSG00000182240,34221
14850,UBE2E2,ENSG00000182247,6159
14851,SYNM,ENSG00000182253,26377
14852,KCNA4,ENSG00000182255,19430
14853,GABRG3,ENSG00000182256,25257
14854,PRR34,ENSG00000182257,35195
14855,NLRP10,ENSG00000182261,19204
14856,FIGN,ENSG00000182263,5087
14857,IZUMO1,ENSG00000182264,32395
14858,TMIGD1,ENSG00000182271,28763
14859,B4GALNT4,ENSG00000182272,18933
14860,AP1S2,ENSG00000182287,35409
14861,C8orf33,ENSG00000182307,16195
14862,DCAF4L1,ENSG00000182308,8241
14863,SPACA6,ENSG00000182310,32564
14864,MBD3L3,ENSG00000182315,31151
14865,ZSCAN22,ENSG00000182318,32852
14867,KCNJ14,ENSG00000182324,32378
14868,FBXL6,ENSG00000182325,16159
14869,C1S,ENSG00000182326,21137
14870,GLTPD2,ENSG00000182327,28224
14871,KIAA2012,ENSG00000182329,5430
14872,PRAMEF8,ENSG00000182330,326
14873,LIPF,ENSG00000182333,18359
14874,OR5P3,ENSG00000182334,19201
14875,DAOA,ENSG00000182346,23562
14876,ZNF804B,ENSG00000182348,13827
14878,KBTBD3,ENSG00000182359,20543
14879,YBEY,ENSG00000182362,34391
14881,CLN8,ENSG00000182372,14724
14882,PLCXD1,ENSG00000182378,35300
14883,NXPH4,ENSG00000182379,21950
14884,CACNB4,ENSG00000182389,5007
14885,IFNL1,ENSG00000182393,32037
14886,TRAPPC6B,ENSG00000182400,24145
14887,PGBD4,ENSG00000182405,25336
14888,CDY2A,ENSG00000182415,36506
14889,NPLOC4,ENSG00000182446,29981
14890,OTOL1,ENSG00000182447,7457
14891,KCNK4,ENSG00000182450,19942
14892,TEX19,ENSG00000182459,30037
14893,TSHZ2,ENSG00000182463,33625
14894,CAPN12,ENSG00000182472,32009
14895,EXOC7,ENSG00000182473,29831
14896,KPNA2,ENSG00000182481,29674
14897,XKRX,ENSG00000182489,35932
14898,BGN,ENSG00000182492,36366
14900,CEP97,ENSG00000182504,6845
14901,LHFPL1,ENSG00000182508,36058
14902,FES,ENSG00000182511,26273
14903,GLRX5,ENSG00000182512,24785
14905,TBPL2,ENSG00000182521,24290
14906,CAV3,ENSG00000182533,6003
14907,MXRA7,ENSG00000182534,29854
14908,LIMK2,ENSG00000182541,34865
14909,MFSD5,ENSG00000182544,21787
14910,RNASE10,ENSG00000182545,23739
14911,ADI1,ENSG00000182551,3463
14912,RWDD4,ENSG00000182552,9291
14913,SPNS3,ENSG00000182557,28204
14914,CLEC4G,ENSG00000182566,31173
14915,SATB1,ENSG00000182568,6142
14917,NXPH3,ENSG00000182575,29391
14918,CSF1R,ENSG00000182578,10794
14919,EPHB3,ENSG00000182580,7647
14920,VCX,ENSG00000182583,35345
14922,EPGN,ENSG00000182585,8481
14923,KRTAP11-1,ENSG00000182591,34068
14924,SNORC,ENSG00000182600,5788
14925,HS3ST4,ENSG00000182601,27033
14926,TRAK1,ENSG00000182606,6297
14928,OR2V2,ENSG00000182613,11170
14929,PLCB1,ENSG00000182621,33023
14930,SKA2,ENSG00000182628,29541
14931,RXFP3,ENSG00000182631,9667
14932,OR10G7,ENSG00000182634,20819
14933,NDN,ENSG00000182636,25225
14934,CCDC172,ENSG00000182645,18693
14936,OR4Q3,ENSG00000182652,23709
14937,NTM,ENSG00000182667,20937
14938,TTC3,ENSG00000182670,34168
14939,KCNB2,ENSG00000182674,15485
14940,PPP1R27,ENSG00000182676,29994
14941,BRICD5,ENSG00000182685,26587
14942,GALR2,ENSG00000182687,29830
14943,RESP18,ENSG00000182698,5644
14944,IGIP,ENSG00000182700,10592
14945,TSKU,ENSG00000182704,20320
14946,CMC4,ENSG00000182712,36430
14947,ANXA2,ENSG00000182718,25756
14948,RGS6,ENSG00000182732,24487
14949,HOXB4,ENSG00000182742,29352
14950,SLC35D3,ENSG00000182747,12648
14951,PAQR7,ENSG00000182749,578
14952,PAPPA,ENSG00000182752,17083
14953,MAFA,ENSG00000182759,16105
14954,NGRN,ENSG00000182768,26257
14955,GRID1,ENSG00000182771,18321
14956,RPS17,ENSG00000182774,26143
14958,HCAR2,ENSG00000182782,22712
14959,OR2T29,ENSG00000182783,3397
14960,CCDC87,ENSG00000182791,20076
14961,GSTA5,ENSG00000182793,12088
14962,C1orf116,ENSG00000182795,2862
14963,MAGEB17,ENSG00000182798,35412
14964,CRIP2,ENSG00000182809,24980
14965,DDX28,ENSG00000182810,27634
14966,KRTAP13-2,ENSG00000182816,34042
14967,FAM230E,ENSG00000182824,34464
14968,ACBD3,ENSG00000182827,3084
14970,PLCXD3,ENSG00000182836,9745
14972,VMO1,ENSG00000182853,28223
14973,OR4F15,ENSG00000182854,26427
14974,ALG12,ENSG00000182858,35249
14975,LCK,ENSG00000182866,724
14976,GALNT9,ENSG00000182870,22871
14977,COL18A1,ENSG00000182871,34361
14978,RBM10,ENSG00000182872,35594
14979,ADGRG3,ENSG00000182885,27490
14980,GLUD2,ENSG00000182890,36130
14981,TMEM95,ENSG00000182896,28315
14982,TCHHL1,ENSG00000182898,2007
14983,RPL35A,ENSG00000182899,7840
14984,RGS7,ENSG00000182901,3281
14985,SLC25A18,ENSG00000182902,34438
14986,ZNF721,ENSG00000182903,7852
14988,TSPEAR-AS2,ENSG00000182912,34318
14989,TCEAL7,ENSG00000182916,35983
14990,C11orf54,ENSG00000182919,20452
14991,CEP63,ENSG00000182923,7185
14992,WFDC10B,ENSG00000182931,33511
14993,SRPRA,ENSG00000182934,20884
14994,OTOP3,ENSG00000182938,29775
14995,EWSR1,ENSG00000182944,34802
14997,HMGN4,ENSG00000182952,11507
14998,SPATA13,ENSG00000182957,22965
14999,GJC1,ENSG00000182963,29245
15000,SOX1,ENSG00000182968,23631
15001,CNOT10,ENSG00000182973,6209
15003,MTA1,ENSG00000182979,24978
15004,ZNF662,ENSG00000182983,6322
15005,CADM1,ENSG00000182985,20653
15006,ZNF320,ENSG00000182986,32611
15007,C12orf60,ENSG00000182993,21312
15008,PYCR1,ENSG00000183010,30009
15009,NAA38,ENSG00000183011,28350
15010,SPNS2,ENSG00000183018,28207
15011,MCEMP1,ENSG00000183019,31170
15012,AP2A2,ENSG00000183020,18975
15013,SLC8A1,ENSG00000183023,3886
15014,OR1G1,ENSG00000183024,28167
15015,SLC25A21,ENSG00000183032,24124
15016,OTOP2,ENSG00000183034,29774
15017,CYLC1,ENSG00000183035,35899
15018,PCP4,ENSG00000183036,34214
15020,ABAT,ENSG00000183044,26749
15021,SLC25A10,ENSG00000183048,29991
15022,CAMK1D,ENSG00000183049,17667
15023,RGPD6,ENSG00000183054,4687
15024,LYSMD4,ENSG00000183060,26389
15025,WBP2NL,ENSG00000183066,35115
15026,IGSF5,ENSG00000183067,34213
15027,NKX2-5,ENSG00000183072,11010
15028,AFMID,ENSG00000183077,29889
15030,GAS6,ENSG00000183087,23673
15031,FREM3,ENSG00000183090,8992
15032,NEB,ENSG00000183091,5004
15033,BEGAIN,ENSG00000183092,24860
15034,GPC6,ENSG00000183098,23462
15036,ARHGEF37,ENSG00000183111,10787
15037,FAM43B,ENSG00000183114,466
15038,CSMD1,ENSG00000183117,14745
15039,CALHM3,ENSG00000183128,18602
15040,PTGDR2,ENSG00000183134,19804
15041,CEP57L1,ENSG00000183137,12414
15042,RIPPLY3,ENSG00000183145,34166
15043,PRORY,ENSG00000183146,36523
15045,GPR19,ENSG00000183150,21279
15046,GJD3,ENSG00000183153,29034
15048,RABIF,ENSG00000183155,2767
15049,TMEM119,ENSG00000183160,22455
15050,FANCF,ENSG00000183161,19389
15051,CALN1,ENSG00000183166,13694
15052,SMDT1,ENSG00000183172,35119
15053,C2CD4C,ENSG00000183186,30865
15054,CHST6,ENSG00000183196,27784
15055,POTEC,ENSG00000183206,30288
15056,RUVBL2,ENSG00000183207,32412
15057,GDPGP1,ENSG00000183208,26255
15058,CTNNA3,ENSG00000183230,18098
15059,RIMBP3C,ENSG00000183246,34556
15060,PRR36,ENSG00000183248,31177
15061,LINC01547,ENSG00000183250,34343
15062,OR51B4,ENSG00000183251,19114
15063,PTTG1IP,ENSG00000183255,34339
15064,DDX41,ENSG00000183258,11092
15065,ABHD16B,ENSG00000183260,33824
15066,OR52E8,ENSG00000183269,19137
15067,CCDC60,ENSG00000183273,22624
15068,PLGLB1,ENSG00000183281,4355
15069,DAZAP2,ENSG00000183283,21713
15070,CCBE1,ENSG00000183287,30643
15071,SELENOF,ENSG00000183291,1418
15073,OR5P2,ENSG00000183303,19200
15074,FAM9A,ENSG00000183304,35352
15075,MAGEA2B,ENSG00000183305,36342
15076,TMEM121B,ENSG00000183307,34430
15077,ZNF623,ENSG00000183309,16119
15078,OR2T34,ENSG00000183310,3398
15079,OR52L1,ENSG00000183313,19142
15080,EPHA10,ENSG00000183317,821
15081,SPDYE4,ENSG00000183318,28387
15082,CCDC125,ENSG00000183323,9955
15083,REC114,ENSG00000183324,25959
15084,BOLA2,ENSG00000183336,27099
15085,BCOR,ENSG00000183337,35544
15086,JRKL,ENSG00000183340,20488
15087,CABCOCO1,ENSG00000183346,18074
15088,GBP6,ENSG00000183347,1440
15090,SYNDIG1L,ENSG00000183379,24533
15091,FHL3,ENSG00000183386,830
15092,OR56A4,ENSG00000183389,19143
15093,PMCH,ENSG00000183395,22377
15094,TMEM89,ENSG00000183396,6424
15096,CCDC159,ENSG00000183401,31311
15097,RIPK4,ENSG00000183421,34235
15098,LRIT3,ENSG00000183423,8771
15099,NPIPA1,ENSG00000183426,26857
15100,SF3A3,ENSG00000183431,829
15101,TFDP3,ENSG00000183434,36188
15102,TRIM61,ENSG00000183439,9162
15103,GRIN2A,ENSG00000183454,26770
15105,URAD,ENSG00000183463,23017
15108,GTF2H2C,ENSG00000183474,9962
15109,ASB7,ENSG00000183475,26401
15110,SH2D7,ENSG00000183476,26064
15111,TREX2,ENSG00000183479,36364
15112,GPR132,ENSG00000183484,24967
15113,MX2,ENSG00000183486,34225
15114,EP400,ENSG00000183495,22863
15115,MEX3B,ENSG00000183496,26135
15116,TENT5C,ENSG00000183508,1773
15117,COA5,ENSG00000183513,4540
15118,UTP11,ENSG00000183520,831
15119,PSMG1,ENSG00000183527,34199
15120,PRR14L,ENSG00000183530,34876
15121,KLRC4,ENSG00000183542,21232
15122,ACSM5,ENSG00000183549,26939
15124,C10orf120,ENSG00000183559,18768
15125,IZUMO1R,ENSG00000183560,20458
15127,SERHL2,ENSG00000183569,35132
15128,PCBP3,ENSG00000183570,34368
15129,PGPEP1L,ENSG00000183571,26375
15130,SETD3,ENSG00000183576,24835
15131,TNFAIP8L3,ENSG00000183578,25633
15132,ZNRF3,ENSG00000183579,34793
15133,FBXL7,ENSG00000183580,9554
15134,TANGO2,ENSG00000183597,34506
15136,SFXN4,ENSG00000183605,18730
15137,GKN2,ENSG00000183607,4142
15138,FAM167B,ENSG00000183615,723
15139,MRPL54,ENSG00000183617,31033
15140,ZNF438,ENSG00000183621,17834
15141,HMCES,ENSG00000183624,7126
15142,CCR3,ENSG00000183625,6373
15143,DGCR6,ENSG00000183628,34467
15144,GOLGA8G,ENSG00000183629,25270
15145,PRR32,ENSG00000183631,36148
15146,TP53TG3,ENSG00000183632,27247
15147,RP1L1,ENSG00000183638,14844
15148,KRTAP8-1,ENSG00000183640,34066
15149,C15orf32,ENSG00000183643,26296
15151,ZNF530,ENSG00000183647,32818
15152,NDUFB1,ENSG00000183648,24727
15155,KLHL25,ENSG00000183655,26200
15157,TAFA1,ENSG00000183662,6688
15158,TRMT12,ENSG00000183665,15928
15159,PSG9,ENSG00000183668,32172
15163,BMP8A,ENSG00000183682,851
15164,ALYREF,ENSG00000183684,30001
15165,RFLNB,ENSG00000183688,28092
15166,EFHC2,ENSG00000183690,35571
15167,NOG,ENSG00000183691,29484
15168,MRGPRX2,ENSG00000183695,19357
15169,UPP1,ENSG00000183696,13552
15171,OR4N4,ENSG00000183706,25206
15172,IFNL2,ENSG00000183709,32036
15173,OPCML,ENSG00000183715,20944
15174,TRIM52,ENSG00000183718,11181
15175,LHFPL6,ENSG00000183722,23121
15176,CMTM4,ENSG00000183723,27560
15177,TMEM50A,ENSG00000183726,565
15179,FIGLA,ENSG00000183733,4171
15180,ASCL2,ENSG00000183734,19025
15181,TBK1,ENSG00000183735,22033
15182,CBX6,ENSG00000183741,35041
15183,MACC1,ENSG00000183742,13227
15184,ACSM2A,ENSG00000183747,26941
15186,TBL3,ENSG00000183751,26566
15187,BPY2,ENSG00000183753,36542
15188,ACP7,ENSG00000183760,32030
15189,KREMEN1,ENSG00000183762,34797
15190,TRAIP,ENSG00000183763,6474
15191,CHEK2,ENSG00000183765,34787
15192,FOXL2,ENSG00000183770,7219
15193,AIFM3,ENSG00000183773,34536
15194,KCTD16,ENSG00000183775,10723
15195,B3GALT5,ENSG00000183778,34209
15196,ZNF703,ENSG00000183779,15165
15197,SLC35F3,ENSG00000183780,3202
15198,KCTD8,ENSG00000183783,8258
15199,DOCK8-AS1,ENSG00000183784,16205
15200,TUBA8,ENSG00000183785,34451
15202,NPIPA5,ENSG00000183793,26863
15203,BPY2B,ENSG00000183795,36550
15204,EMILIN3,ENSG00000183798,33439
15205,OLFML1,ENSG00000183801,19191
15206,FAM162B,ENSG00000183807,12496
15207,RBM12B,ENSG00000183808,15665
15208,CCR4,ENSG00000183813,6212
15209,LIN9,ENSG00000183814,3087
15210,BTBD9,ENSG00000183826,11887
15211,NUDT14,ENSG00000183828,24972
15212,ANKRD45,ENSG00000183831,2492
15214,PNMA3,ENSG00000183837,36355
15215,GPR39,ENSG00000183840,4902
15216,FAM3B,ENSG00000183844,34224
15217,ZNF730,ENSG00000183850,31706
15218,KIRREL1,ENSG00000183853,2231
15219,IQGAP3,ENSG00000183856,2193
15220,CNGA2,ENSG00000183862,36331
15221,TOB2,ENSG00000183864,35095
15222,SCN5A,ENSG00000183873,6258
15223,ARSI,ENSG00000183876,10799
15224,UTY,ENSG00000183878,36495
15225,SRARP,ENSG00000183888,372
15227,TTC32,ENSG00000183891,3628
15228,LRRC55,ENSG00000183908,19702
15229,DNAH2,ENSG00000183914,28347
15230,SH2D1A,ENSG00000183918,36141
15231,SDR42E2,ENSG00000183921,26975
15233,PRKX,ENSG00000183943,35335
15234,KMT5A,ENSG00000183955,22731
15235,KCNH8,ENSG00000183960,6145
15236,SMTN,ENSG00000183963,34858
15237,NPW,ENSG00000183971,26573
15238,PP2D1,ENSG00000183977,6149
15239,COA3,ENSG00000183978,29170
15240,NPB,ENSG00000183979,30003
15241,ST6GALNAC3,ENSG00000184005,1331
15242,PTP4A2,ENSG00000184007,708
15243,ACTG1,ENSG00000184009,29977
15244,TMPRSS2,ENSG00000184012,34228
15245,DENND5A,ENSG00000184014,19229
15246,OR2T10,ENSG00000184022,3399
15247,DSCR4,ENSG00000184029,34181
15248,KRTAP20-2,ENSG00000184032,34061
15249,CTAG1B,ENSG00000184033,36419
15251,DIABLO,ENSG00000184047,22702
15252,VPS33B,ENSG00000184056,26282
15253,TBX1,ENSG00000184058,34500
15254,ADAP2,ENSG00000184060,28782
15255,UQCR10,ENSG00000184076,34820
15256,FAM120C,ENSG00000184083,35732
15257,TRIML1,ENSG00000184108,9359
15258,EIF3C,ENSG00000184110,27073
15259,CLDN5,ENSG00000184113,34495
15260,NIPSNAP1,ENSG00000184117,34813
15261,OR4F6,ENSG00000184140,26426
15262,CNTN2,ENSG00000184144,2814
15263,SPRR4,ENSG00000184148,2043
15265,OR10J5,ENSG00000184155,2267
15266,KCNQ3,ENSG00000184156,15995
15267,ADRA2C,ENSG00000184160,7935
15268,NR2C2AP,ENSG00000184162,31628
15269,C1QTNF12,ENSG00000184163,46
15270,CRELD2,ENSG00000184164,35251
15271,OR1D2,ENSG00000184166,28166
15272,SCFD2,ENSG00000184178,8309
15273,UBE2F,ENSG00000184182,5853
15274,KCNJ12,ENSG00000184185,28639
15275,GPR173,ENSG00000184194,35719
15276,PPP1R2,ENSG00000184203,7780
15277,TSPYL2,ENSG00000184205,35720
15278,GOLGA6L4,ENSG00000184206,26173
15279,PGP,ENSG00000184207,26588
15281,SNRNP35,ENSG00000184209,22733
15282,DGAT2L6,ENSG00000184210,35803
15283,IRAK1,ENSG00000184216,36389
15284,CMSS1,ENSG00000184220,6826
15285,OLIG1,ENSG00000184221,34101
15287,PCDH9,ENSG00000184226,23325
15288,ACOT1,ENSG00000184227,24507
15289,OAF,ENSG00000184232,20774
15290,ALDH1A3,ENSG00000184254,26405
15293,KCNK12,ENSG00000184261,3966
15295,POU6F1,ENSG00000184271,21711
15296,DEFB108B,ENSG00000184276,20204
15297,TM2D3,ENSG00000184277,26424
15298,TSSC4,ENSG00000184281,19030
15299,TACSTD2,ENSG00000184292,1179
15301,SIX6,ENSG00000184302,24349
15302,PRKD1,ENSG00000184304,24053
15303,CCSER1,ENSG00000184305,8633
15304,ZDHHC23,ENSG00000184307,6935
15305,MROH7,ENSG00000184313,1143
15307,S100A7A,ENSG00000184330,2062
15308,SRPK3,ENSG00000184343,36376
15309,GDF3,ENSG00000184344,21151
15310,IQCF2,ENSG00000184345,6524
15311,SLIT3,ENSG00000184347,10960
15313,EFNA5,ENSG00000184349,10261
15314,MRGPRE,ENSG00000184350,19050
15315,KRTAP19-1,ENSG00000184351,34047
15317,SPATA32,ENSG00000184361,29268
15318,PKP3,ENSG00000184363,18934
15319,MAP7D2,ENSG00000184368,35439
15320,CSF1,ENSG00000184371,1636
15321,COLEC10,ENSG00000184374,15869
15322,ACTRT3,ENSG00000184378,7491
15323,PLA2G6,ENSG00000184381,35010
15324,MAML2,ENSG00000184384,20485
15325,UMODL1-AS1,ENSG00000184385,34244
15326,PABPC1L2B,ENSG00000184388,35852
15327,A3GALT2,ENSG00000184389,752
15328,OR4N5,ENSG00000184394,23719
15329,SS18L1,ENSG00000184402,33739
15330,KCND2,ENSG00000184408,14171
15331,TOP1MT,ENSG00000184428,16100
15332,COPB2,ENSG00000184432,7229
15333,LRRC19,ENSG00000184434,16398
15334,THAP7,ENSG00000184436,34539
15335,KNTC1,ENSG00000184445,22709
15336,CCR10,ENSG00000184451,29160
15337,NCMAP,ENSG00000184454,549
15338,BPIFC,ENSG00000184459,34898
15339,WDR27,ENSG00000184465,12985
15340,TXNRD2,ENSG00000184470,34503
15341,C1QTNF8,ENSG00000184471,26502
15342,OR56A3,ENSG00000184478,19140
15343,FOXO4,ENSG00000184481,35817
15344,POU3F2,ENSG00000184486,12346
15345,PTP4A3,ENSG00000184489,16058
15346,FOXD4L1,ENSG00000184492,4741
15347,TMEM255B,ENSG00000184497,23671
15348,PROS1,ENSG00000184500,6781
15349,GAST,ENSG00000184502,29114
15350,NUTM1,ENSG00000184507,25342
15351,HDDC3,ENSG00000184508,26276
15352,BEX5,ENSG00000184515,35958
15353,ZFP1,ENSG00000184517,27774
15354,CEND1,ENSG00000184524,18962
15355,C6orf58,ENSG00000184530,12556
15356,DHRS7C,ENSG00000184544,28407
15357,DUSP8,ENSG00000184545,18990
15358,SOCS3,ENSG00000184557,29895
15359,SPEM2,ENSG00000184560,28321
15360,SLITRK6,ENSG00000184564,23426
15362,PIWIL3,ENSG00000184571,34720
15363,LPAR5,ENSG00000184574,21105
15364,XPOT,ENSG00000184575,22031
15366,PDE4B,ENSG00000184588,1247
15367,TAFA3,ENSG00000184599,1705
15368,C14orf180,ENSG00000184601,24946
15369,SNN,ENSG00000184602,26805
15370,FAM167A-AS1,ENSG00000184608,14863
15371,KCNH7,ENSG00000184611,5085
15372,NELL2,ENSG00000184613,21563
15373,KRBA2,ENSG00000184619,28380
15374,MED12,ENSG00000184634,35820
15375,ZNF93,ENSG00000184635,31654
15376,SEPTIN9,ENSG00000184640,29870
15377,PRSS55,ENSG00000184647,14843
15378,ODF4,ENSG00000184650,28379
15379,FOXD4L4,ENSG00000184659,16630
15380,CDCA2,ENSG00000184661,15045
15381,RALYL,ENSG00000184672,15587
15383,AMER1,ENSG00000184675,35773
15384,ZBTB40,ENSG00000184677,497
15387,CLDN6,ENSG00000184697,26643
15388,OR51M1,ENSG00000184698,19118
15389,SEPTIN5,ENSG00000184702,34498
15390,EIF4ENIF1,ENSG00000184708,34871
15391,LRRC26,ENSG00000184709,17480
15392,SERINC4,ENSG00000184716,25523
15393,RNLS,ENSG00000184719,18357
15394,KRTAP6-1,ENSG00000184724,34058
15395,APOBR,ENSG00000184730,27065
15396,FAM110C,ENSG00000184731,3410
15397,DDX53,ENSG00000184735,35459
15398,ATL3,ENSG00000184743,19912
15399,NDUFA12,ENSG00000184752,22305
15403,SMIM10,ENSG00000184785,36203
15405,UBE2G2,ENSG00000184787,34336
15406,SATL1,ENSG00000184788,35903
15407,OSBP2,ENSG00000184792,34851
15408,B3GALT5-AS1,ENSG00000184809,34210
15409,TRARG1,ENSG00000184811,28112
15410,PRR23B,ENSG00000184814,7223
15412,ZBTB7C,ENSG00000184828,30528
15413,APOO,ENSG00000184831,35465
15414,PRR16,ENSG00000184838,10356
15415,TMED9,ENSG00000184840,11095
15416,DRD1,ENSG00000184845,11037
15417,TMEM186,ENSG00000184857,26750
15418,SDR42E1,ENSG00000184860,27872
15419,RBM33,ENSG00000184863,14664
15420,ARMCX2,ENSG00000184867,35952
15423,BTBD6,ENSG00000184887,24974
15424,SRY,ENSG00000184895,36448
15426,RBM43,ENSG00000184898,5000
15427,SUMO3,ENSG00000184900,34338
15428,IMMP2L,ENSG00000184903,14110
15429,TCEAL2,ENSG00000184905,35955
15430,CLCNKB,ENSG00000184908,376
15432,DMRTC1B,ENSG00000184911,35844
15433,JAG2,ENSG00000184916,24971
15434,FMNL1,ENSG00000184922,29265
15435,NUTM2A,ENSG00000184923,18343
15436,PTRHD1,ENSG00000184924,3684
15437,LCN12,ENSG00000184925,17460
15438,OR6A2,ENSG00000184933,19177
15439,WT1,ENSG00000184937,19452
15440,ZFP90,ENSG00000184939,27651
15441,AQP12A,ENSG00000184945,5905
15442,FAM227A,ENSG00000184949,35024
15443,OR6C70,ENSG00000184954,21869
15444,MUC6,ENSG00000184956,18976
15445,NOC4L,ENSG00000184967,22867
15446,USP18,ENSG00000184979,34453
15447,NDUFA6,ENSG00000184983,35120
15448,CHRM5,ENSG00000184984,25332
15449,SORCS2,ENSG00000184985,7979
15450,TMEM121,ENSG00000184986,24983
15451,TMEM106A,ENSG00000184988,29189
15452,SIVA1,ENSG00000184990,24954
15453,BRI3BP,ENSG00000184992,22765
15454,IFNE,ENSG00000184995,16365
15455,SLC22A10,ENSG00000184999,19902
15456,DGAT1,ENSG00000185000,16154
15457,RFX6,ENSG00000185002,12498
15458,ROBO2,ENSG00000185008,6740
15459,AP3M1,ENSG00000185009,18218
15460,F8,ENSG00000185010,36426
15461,NT5C1B,ENSG00000185013,3619
15462,CA13,ENSG00000185015,15593
15463,UBOX5,ENSG00000185019,32950
15464,MAFF,ENSG00000185022,35012
15465,BRF1,ENSG00000185024,24973
15466,LRRC14B,ENSG00000185028,9378
15467,SEMA4B,ENSG00000185033,26253
15468,MROH2A,ENSG00000185038,5808
15469,SPDYE16,ENSG00000185040,13763
15470,CIB1,ENSG00000185043,26254
15471,ANKS1B,ENSG00000185046,22343
15472,NELFA,ENSG00000185049,7901
15473,SLC24A3,ENSG00000185052,33121
15474,SGCZ,ENSG00000185053,14905
15475,EFCAB10,ENSG00000185055,14067
15476,C5orf47,ENSG00000185056,11024
15477,KRT76,ENSG00000185069,21767
15478,FLRT2,ENSG00000185070,24652
15479,INTS5,ENSG00000185085,19871
15481,RPS27L,ENSG00000185088,25795
15482,MANEAL,ENSG00000185090,822
15484,ANO9,ENSG00000185101,18936
15485,FAF1,ENSG00000185104,1064
15486,MYADML2,ENSG00000185105,30011
15487,FAM43A,ENSG00000185112,7768
15488,NSMCE3,ENSG00000185115,25278
15489,HSF1,ENSG00000185122,16153
15490,C6orf120,ENSG00000185127,12986
15492,PURA,ENSG00000185129,10591
15494,INPP5J,ENSG00000185133,34861
15495,NPY2R,ENSG00000185149,9105
15496,MIXL1,ENSG00000185155,3086
15497,MFSD6L,ENSG00000185156,28388
15498,LRRC37B,ENSG00000185158,28805
15499,DDX51,ENSG00000185163,22866
15500,NOMO2,ENSG00000185164,26899
15501,AQP12B,ENSG00000185176,5903
15502,ZNF479,ENSG00000185177,13621
15503,SIGIRR,ENSG00000185187,18935
15504,NRBP2,ENSG00000185189,16133
15505,PRSS57,ENSG00000185198,30882
15506,IFITM2,ENSG00000185201,18923
15507,TNFAIP2,ENSG00000185215,24912
15508,ZNF445,ENSG00000185219,6340
15509,PGBD2,ENSG00000185220,3409
15510,TCEAL9,ENSG00000185222,35984
15511,MC2R,ENSG00000185231,30283
15512,RAB11B,ENSG00000185236,31203
15513,PRMT3,ENSG00000185238,19373
15514,GP1BA,ENSG00000185245,28231
15515,PRPF39,ENSG00000185246,24175
15516,MAGEA11,ENSG00000185247,36306
15517,PPIL6,ENSG00000185250,12417
15518,ZNF74,ENSG00000185252,34525
15520,KIAA0825,ENSG00000185261,10184
15521,UBALD2,ENSG00000185262,29835
15523,CDNF,ENSG00000185267,17691
15524,NOTUM,ENSG00000185269,30013
15525,KLHL33,ENSG00000185271,23732
15526,RBM11,ENSG00000185272,33905
15527,GALNT17,ENSG00000185274,13693
15528,ZBTB37,ENSG00000185278,2499
15529,NUPR2,ENSG00000185290,13613
15530,IL3RA,ENSG00000185291,35310
15531,SPPL2C,ENSG00000185294,29282
15532,CCDC137,ENSG00000185298,29985
15533,SFTPA2,ENSG00000185303,18271
15534,RGPD2,ENSG00000185304,4364
15535,ARL15,ENSG00000185305,9819
15536,C12orf56,ENSG00000185306,22030
15537,SCN10A,ENSG00000185313,6259
15538,CDK10,ENSG00000185324,28058
15540,SOCS1,ENSG00000185338,26794
15541,TCN2,ENSG00000185339,34848
15542,GAS2L1,ENSG00000185340,34803
15543,ATP6V0A2,ENSG00000185344,22744
15544,PRKN,ENSG00000185345,12889
15545,TEDC1,ENSG00000185347,24982
15546,HS6ST3,ENSG00000185352,23482
15547,HGS,ENSG00000185359,29987
15548,TNFAIP8L1,ENSG00000185361,31071
15549,OR2V1,ENSG00000185372,11169
15550,RAD51D,ENSG00000185379,28869
15551,OR7A17,ENSG00000185385,31455
15552,MAPK11,ENSG00000185386,35269
15553,SP140L,ENSG00000185404,5739
15554,MRPL30,ENSG00000185414,4550
15556,SMYD3,ENSG00000185420,3329
15558,IFNLR1,ENSG00000185436,540
15559,SH3BGR,ENSG00000185437,34208
15560,FAM174B,ENSG00000185442,26301
15561,FAM47A,ENSG00000185448,35510
15562,ZSWIM9,ENSG00000185453,32365
15563,KPNA7,ENSG00000185467,13917
15564,TMEM179B,ENSG00000185475,19888
15565,GPRIN3,ENSG00000185477,8624
15566,KRT6B,ENSG00000185479,21754
15567,PARPBP,ENSG00000185480,22376
15568,STAC3,ENSG00000185482,21954
15569,ROR1,ENSG00000185483,1231
15570,MUC1,ENSG00000185499,2139
15571,FAAP100,ENSG00000185504,29980
15572,IRF7,ENSG00000185507,18949
15573,L3MBTL1,ENSG00000185513,33449
15574,BRCC3,ENSG00000185515,36432
15575,SV2B,ENSG00000185518,26286
15576,FAM131C,ENSG00000185519,377
15577,LMNTD2,ENSG00000185522,18944
15578,SPATA45,ENSG00000185523,2953
15579,PDE6G,ENSG00000185527,29983
15580,PRKG1,ENSG00000185532,18026
15581,NR2F2,ENSG00000185551,26342
15583,DLK1,ENSG00000185559,24865
15584,TLCD2,ENSG00000185561,28125
15585,LSAMP,ENSG00000185565,6956
15586,AHNAK2,ENSG00000185567,24964
15587,OLFML2A,ENSG00000185585,17174
15588,SP1,ENSG00000185591,21794
15589,SPATA8,ENSG00000185594,26349
15590,MRPL40,ENSG00000185608,34488
15591,DBX2,ENSG00000185610,21564
15592,INKA1,ENSG00000185614,6472
15593,PDIA2,ENSG00000185615,26449
15594,PCGF3,ENSG00000185619,7862
15595,LMLN,ENSG00000185621,7841
15596,P4HB,ENSG00000185624,29995
15597,PSMD13,ENSG00000185627,18918
15598,PBX1,ENSG00000185630,2375
15599,NDUFA4L2,ENSG00000185633,21953
15600,SHC4,ENSG00000185634,25602
15601,KRT79,ENSG00000185640,21770
15602,ZFP36L1,ENSG00000185650,24439
15603,UBE2L3,ENSG00000185651,34557
15604,NTF3,ENSG00000185652,21079
15605,BRWD1,ENSG00000185658,34200
15606,SMIM23,ENSG00000185662,10988
15607,PMEL,ENSG00000185664,21890
15608,SYN3,ENSG00000185666,34900
15609,POU3F1,ENSG00000185668,832
15610,SNAI3,ENSG00000185669,28014
15611,ZBTB3,ENSG00000185670,19882
15612,LYG2,ENSG00000185674,4551
15613,MORN5,ENSG00000185681,17124
15615,PRAME,ENSG00000185686,34615
15617,MYBL1,ENSG00000185697,15441
15618,MOSMO,ENSG00000185716,26972
15619,DRG1,ENSG00000185721,34870
15620,ANKFY1,ENSG00000185722,28200
15621,YTHDF3,ENSG00000185728,15406
15622,ZNF696,ENSG00000185730,16098
15623,ADARB2,ENSG00000185736,17532
15624,NRG3,ENSG00000185737,18298
15625,SRL,ENSG00000185739,26691
15626,C11orf87,ENSG00000185742,20571
15627,IFIT1,ENSG00000185745,18376
15629,CXorf38,ENSG00000185753,35549
15630,CLDN24,ENSG00000185758,9286
15631,KCNQ5,ENSG00000185760,12182
15632,ADAMTSL5,ENSG00000185761,30934
15633,KCNIP4,ENSG00000185774,8101
15634,SPATA31A6,ENSG00000185775,16591
15635,MORF4L1,ENSG00000185787,26086
15636,NLRP9,ENSG00000185792,32749
15637,WDR53,ENSG00000185798,7805
15638,DMWD,ENSG00000185800,32280
15639,SLC52A2,ENSG00000185803,16158
15640,PIGP,ENSG00000185808,34167
15641,IKZF1,ENSG00000185811,13566
15642,PCYT2,ENSG00000185813,30004
15643,NAT8L,ENSG00000185818,7903
15644,OR6C76,ENSG00000185821,21866
15645,NPAP1,ENSG00000185823,25233
15646,BCAP31,ENSG00000185825,36372
15647,ARL17A,ENSG00000185829,29293
15648,GNB1L,ENSG00000185838,34501
15649,DNAH14,ENSG00000185842,3065
15650,CCDC190,ENSG00000185860,2368
15651,EVI2B,ENSG00000185862,28793
15652,TMEM210,ENSG00000185863,17481
15653,NPIPB4,ENSG00000185864,26967
15654,ZNF829,ENSG00000185869,31949
15655,TMPRSS11B,ENSG00000185873,8411
15656,THNSL1,ENSG00000185875,17785
15657,TRIM69,ENSG00000185880,25539
15658,ATP6V0C,ENSG00000185883,26607
15659,IFITM1,ENSG00000185885,18925
15660,PRSS38,ENSG00000185888,3109
15661,BPY2C,ENSG00000185894,36553
15662,LAMP1,ENSG00000185896,23658
15663,FFAR3,ENSG00000185897,31866
15664,TAS2R60,ENSG00000185899,14508
15665,POMK,ENSG00000185900,15259
15666,C16orf54,ENSG00000185905,27105
15667,KLHDC8B,ENSG00000185909,6450
15668,KLHL34,ENSG00000185915,35448
15669,SETD4,ENSG00000185917,34142
15670,PTCH1,ENSG00000185920,16872
15671,RTN4RL1,ENSG00000185924,28133
15672,OR4C46,ENSG00000185926,19650
15674,CALHM1,ENSG00000185933,18601
15675,KRTAP5-5,ENSG00000185940,18996
15676,NKAIN3,ENSG00000185942,15397
15678,RNPC3,ENSG00000185946,1568
15679,ZNF267,ENSG00000185947,27235
15680,IRS2,ENSG00000185950,23597
15682,FAM186A,ENSG00000185958,21698
15683,SHOX,ENSG00000185960,35306
15684,LCE3A,ENSG00000185962,2023
15685,BICD2,ENSG00000185963,16833
15686,LCE3E,ENSG00000185966,2019
15687,CCIN,ENSG00000185972,16531
15688,TMLHE,ENSG00000185973,36443
15689,GRK1,ENSG00000185974,23670
15691,DEFB128,ENSG00000185982,32883
15692,SLITRK2,ENSG00000185985,36283
15693,PLK5,ENSG00000185988,30936
15694,RASA3,ENSG00000185989,23681
15696,LRCH3,ENSG00000186001,7837
15697,LEMD1,ENSG00000186007,2823
15698,ATP4B,ENSG00000186009,23669
15699,NDUFA13,ENSG00000186010,31637
15700,ZNF566,ENSG00000186017,31932
15701,ZNF529,ENSG00000186020,31936
15702,ZNF284,ENSG00000186026,32211
15703,HTR3E,ENSG00000186038,7625
15704,DLEU7,ENSG00000186047,23245
15705,KRT73,ENSG00000186049,21762
15706,TAL2,ENSG00000186051,16986
15707,AIDA,ENSG00000186063,3036
15709,CD300LF,ENSG00000186074,29765
15710,ZPBP2,ENSG00000186075,29014
15711,KRT5,ENSG00000186081,21757
15712,NBPF6,ENSG00000186086,1589
15713,GSAP,ENSG00000186088,13771
15714,HTR3D,ENSG00000186090,7622
15715,OR4F5,ENSG00000186092,2
15716,AGBL4,ENSG00000186094,1050
15717,ARGFX,ENSG00000186103,7005
15718,CYP2R1,ENSG00000186104,19300
15719,LRRC70,ENSG00000186105,9898
15720,ANKRD46,ENSG00000186106,15746
15721,PIP5K1C,ENSG00000186111,31027
15722,OR5D14,ENSG00000186113,19664
15723,CYP4F2,ENSG00000186115,31487
15725,TEX38,ENSG00000186118,1021
15726,OR5D18,ENSG00000186119,19666
15727,ZBTB6,ENSG00000186130,17148
15728,C2orf76,ENSG00000186132,4780
15729,TAS2R42,ENSG00000186136,21260
15730,POLR3C,ENSG00000186141,1840
15731,PRR30,ENSG00000186143,3731
15732,DEFB131A,ENSG00000186146,8024
15733,UBL4B,ENSG00000186150,1642
15734,WWOX,ENSG00000186153,27819
15735,CYP4Z1,ENSG00000186160,1027
15737,BCL9L,ENSG00000186174,20728
15738,POLR1D,ENSG00000186184,23010
15739,KIF18B,ENSG00000186185,29251
15740,ZNRF1,ENSG00000186187,27770
15741,FFAR4,ENSG00000186188,18422
15742,BPIFB3,ENSG00000186190,33293
15743,BPIFB4,ENSG00000186191,33294
15744,SAPCD2,ENSG00000186193,17473
15745,EDARADD,ENSG00000186197,3248
15746,SLC51B,ENSG00000186198,25831
15747,CYP4F12,ENSG00000186204,31479
15749,LCE5A,ENSG00000186207,2017
15750,SOWAHB,ENSG00000186212,8522
15751,BLOC1S4,ENSG00000186222,7968
15752,LCE1E,ENSG00000186226,2032
15753,ZNF749,ENSG00000186230,32807
15754,KLHL32,ENSG00000186231,12340
15755,LINC02610,ENSG00000186235,5859
15756,MRTFB,ENSG00000186260,26841
15757,BTLA,ENSG00000186265,6908
15758,ZNF17,ENSG00000186272,32806
15760,KDM4D,ENSG00000186280,20472
15761,GPAT2,ENSG00000186281,4484
15762,TOR3A,ENSG00000186283,2542
15763,PABPC1L2A,ENSG00000186288,35853
15764,GABRA5,ENSG00000186297,25256
15765,PPP1CC,ENSG00000186298,22499
15766,ZNF555,ENSG00000186300,30993
15767,OR10T2,ENSG00000186306,2241
15768,NAP1L3,ENSG00000186310,35918
15769,PRELID2,ENSG00000186314,10729
15770,BACE1,ENSG00000186318,20685
15771,RGS9BP,ENSG00000186326,31790
15772,TMEM212,ENSG00000186329,7524
15773,SLC36A3,ENSG00000186334,10822
15774,SLC36A2,ENSG00000186335,10823
15775,THBS2,ENSG00000186340,12980
15776,RXRA,ENSG00000186350,17385
15777,ANKRD37,ENSG00000186352,9324
15779,NUDT17,ENSG00000186364,1841
15780,MINAR2,ENSG00000186367,10427
15781,ZNF75D,ENSG00000186376,36213
15782,CYP4X1,ENSG00000186377,1026
15783,KRT26,ENSG00000186393,29046
15784,KRT10,ENSG00000186395,29050
15785,GOLGA8R,ENSG00000186399,25292
15787,CD300E,ENSG00000186407,29762
15788,CCDC30,ENSG00000186409,916
15789,NKRF,ENSG00000186416,36094
15790,GLDN,ENSG00000186417,25638
15791,FCAR,ENSG00000186431,32691
15792,KPNA4,ENSG00000186432,7448
15793,TRDN,ENSG00000186439,12530
15794,OR6P1,ENSG00000186440,2247
15795,KRT3,ENSG00000186442,21768
15796,ZNF501,ENSG00000186446,6350
15797,ZNF197,ENSG00000186448,6345
15798,SPATA12,ENSG00000186451,6603
15799,TMPRSS12,ENSG00000186452,21702
15800,FAM228A,ENSG00000186453,3678
15801,DEFB132,ENSG00000186458,32885
15802,NAP1L2,ENSG00000186462,35855
15803,RPS23,ENSG00000186468,10096
15804,GNG2,ENSG00000186469,24242
15805,BTN3A2,ENSG00000186470,11500
15806,AKAP14,ENSG00000186471,36102
15807,PCLO,ENSG00000186472,13798
15808,KLK12,ENSG00000186474,32526
15809,RGS7BP,ENSG00000186479,9903
15810,INSIG1,ENSG00000186480,14652
15811,MYT1L,ENSG00000186487,3446
15813,ZNF396,ENSG00000186496,30442
15814,TMEM222,ENSG00000186501,619
15815,OR9Q1,ENSG00000186509,19727
15816,CLCNKA,ENSG00000186510,375
15817,OR9Q2,ENSG00000186513,19731
15818,ARHGAP30,ENSG00000186517,2316
15819,SEPTIN10,ENSG00000186522,4674
15820,FAM86B1,ENSG00000186523,14887
15821,CYP4F3,ENSG00000186529,31478
15822,SMYD4,ENSG00000186532,28131
15823,DEFB105A,ENSG00000186562,14799
15824,FOXD2,ENSG00000186564,1039
15825,GPATCH8,ENSG00000186566,29234
15826,CEACAM19,ENSG00000186567,32230
15827,DEFB107A,ENSG00000186572,14798
15828,NF2,ENSG00000186575,34814
15829,SMIM29,ENSG00000186577,11814
15830,DEFB106A,ENSG00000186579,14800
15831,SPATC1,ENSG00000186583,16140
15832,UBE2H,ENSG00000186591,14265
15833,DEFB105B,ENSG00000186599,14783
15834,HPDL,ENSG00000186603,986
15835,KATNA1,ENSG00000186625,12758
15836,FSD2,ENSG00000186628,26151
15837,ARAP1,ENSG00000186635,20231
15838,KIF24,ENSG00000186638,16462
15839,PDE2A,ENSG00000186642,20228
15840,CARMIL3,ENSG00000186648,23979
15841,PRG2,ENSG00000186652,19709
15842,PRR5,ENSG00000186654,35171
15843,ZFP91,ENSG00000186660,19744
15844,C17orf58,ENSG00000186665,29673
15845,BCDIN3D,ENSG00000186666,21678
15846,MAGEE2,ENSG00000186675,35872
15847,CYP27C1,ENSG00000186684,4829
15848,LYRM7,ENSG00000186687,10431
15849,CFAP73,ENSG00000186710,22533
15850,CCDC73,ENSG00000186714,19455
15851,BCR,ENSG00000186716,34673
15852,OR10H1,ENSG00000186723,31484
15853,MPPED1,ENSG00000186732,35151
15854,FSCN2,ENSG00000186765,29979
15855,FOXI2,ENSG00000186766,18827
15856,SPIN4,ENSG00000186767,35769
15857,ZNF732,ENSG00000186777,7847
15858,SPIN2B,ENSG00000186787,35760
15859,FOXE3,ENSG00000186790,1037
15860,HYAL3,ENSG00000186792,6494
15861,KCNK18,ENSG00000186795,18705
15862,IFNA10,ENSG00000186803,16352
15863,VSIG10L,ENSG00000186806,32540
15865,CXCR3,ENSG00000186810,35830
15866,ZNF397,ENSG00000186812,30436
15867,ZSCAN30,ENSG00000186814,30437
15868,TPCN1,ENSG00000186815,22538
15869,LILRB4,ENSG00000186818,32684
15871,TNFRSF4,ENSG00000186827,43
15872,KRT16,ENSG00000186832,29111
15873,HEXIM1,ENSG00000186834,29260
15874,SELENOV,ENSG00000186838,32051
15875,LCE1A,ENSG00000186844,2036
15876,KRT14,ENSG00000186847,29110
15877,TRABD2A,ENSG00000186854,4310
15878,KRTAP17-1,ENSG00000186860,29093
15879,PDZD7,ENSG00000186862,18538
15880,POFUT2,ENSG00000186866,34353
15881,QRFPR,ENSG00000186867,8841
15882,MAPT,ENSG00000186868,29283
15883,ERCC6L,ENSG00000186871,35838
15884,OR13F1,ENSG00000186881,16967
15885,TMEM17,ENSG00000186889,4067
15886,TNFRSF18,ENSG00000186891,42
15887,FGF3,ENSG00000186895,20165
15888,C1QL4,ENSG00000186897,21665
15889,RTN4RL2,ENSG00000186907,19711
15890,ZDHHC17,ENSG00000186908,22170
15891,SERPINA11,ENSG00000186910,24764
15892,P2RY4,ENSG00000186912,35805
15893,ZNF395,ENSG00000186918,15077
15894,ZACN,ENSG00000186919,29829
15895,KRTAP22-1,ENSG00000186924,34057
15896,KRTAP19-6,ENSG00000186925,34052
15897,KRTAP6-2,ENSG00000186930,34056
15898,OR13C8,ENSG00000186943,16971
15899,PPARA,ENSG00000186951,35201
15900,TMEM232,ENSG00000186952,10277
15901,LINC01551,ENSG00000186960,24044
15902,KRTAP19-2,ENSG00000186965,34048
15903,KRTAP19-4,ENSG00000186967,34050
15904,KRTAP15-1,ENSG00000186970,34046
15905,KRTAP13-4,ENSG00000186971,34045
15907,EFCAB6,ENSG00000186976,35154
15908,KRTAP19-5,ENSG00000186977,34051
15909,KRTAP23-1,ENSG00000186980,34041
15910,KANK3,ENSG00000186994,31200
15911,EMID1,ENSG00000186998,34799
15912,ACTL7A,ENSG00000187003,17003
15913,KRTAP21-1,ENSG00000187005,34065
15914,RHD,ENSG00000187010,564
15916,ESPN,ENSG00000187017,180
15917,PNLIPRP1,ENSG00000187021,18696
15918,PTRH1,ENSG00000187024,17213
15919,KRTAP21-2,ENSG00000187026,34064
15920,SAMD7,ENSG00000187033,7500
15921,GPR141,ENSG00000187037,13425
15922,TMPRSS6,ENSG00000187045,34968
15923,CYP4A11,ENSG00000187048,1025
15924,TMEM216,ENSG00000187049,19825
15925,RPS19BP1,ENSG00000187051,35065
15926,TMPRSS11A,ENSG00000187054,8409
15927,TMEM262,ENSG00000187066,19979
15928,C3orf70,ENSG00000187068,7654
15929,TEAD1,ENSG00000187079,19276
15930,OR2AK2,ENSG00000187080,3375
15931,DEFB106B,ENSG00000187082,14782
15932,PLCD1,ENSG00000187091,6247
15933,CCK,ENSG00000187094,6298
15934,ENTPD5,ENSG00000187097,24525
15935,MITF,ENSG00000187098,6700
15936,HEATR4,ENSG00000187105,24503
15937,NAP1L1,ENSG00000187109,22164
15938,LILRA5,ENSG00000187116,32666
15939,CMC1,ENSG00000187118,6186
15940,SLIT1,ENSG00000187122,18466
15941,LYPD6,ENSG00000187123,4985
15942,AKR1C1,ENSG00000187134,17577
15943,VSTM2B,ENSG00000187135,31753
15944,FOXD3,ENSG00000187140,1224
15945,SPATA21,ENSG00000187144,387
15947,RNF220,ENSG00000187147,970
15948,ANGPTL5,ENSG00000187151,20502
15949,SHTN1,ENSG00000187164,18701
15951,LCE4A,ENSG00000187170,2028
15952,LCE2A,ENSG00000187173,2027
15953,KRTAP12-1,ENSG00000187175,34334
15954,LCE2C,ENSG00000187180,2025
15957,ZNF546,ENSG00000187187,32065
15958,TSPYL4,ENSG00000187189,12483
15959,DAZ3,ENSG00000187191,36551
15960,MT1X,ENSG00000187193,27460
15961,GCNT1,ENSG00000187210,16708
15962,LCE2D,ENSG00000187223,2024
15963,SESTD1,ENSG00000187231,5249
15964,LCE3B,ENSG00000187238,2022
15965,FNBP1,ENSG00000187239,17309
15966,DYNC2H1,ENSG00000187240,20527
15967,KRT12,ENSG00000187242,29053
15968,MAGED4B,ENSG00000187243,35703
15969,BCAM,ENSG00000187244,32235
15970,RSBN1L,ENSG00000187257,13776
15971,NPSR1,ENSG00000187258,13392
15972,WDR86,ENSG00000187260,14614
15973,EPOR,ENSG00000187266,31315
15974,FAM9C,ENSG00000187268,35379
15975,KRTAP9-8,ENSG00000187272,29086
15976,CIDEC,ENSG00000187288,6028
15977,DCC,ENSG00000187323,30569
15978,TAF9B,ENSG00000187325,35884
15979,PCDHB13,ENSG00000187372,10657
15980,MAGI2,ENSG00000187391,13780
15981,LUZP2,ENSG00000187398,19398
15982,LHFPL3,ENSG00000187416,14055
15983,CHP1,ENSG00000187446,25453
15985,FPR3,ENSG00000187474,32569
15987,C11orf96,ENSG00000187479,19540
15988,KCNJ11,ENSG00000187486,19320
15989,CDHR4,ENSG00000187492,6471
15990,COL4A1,ENSG00000187498,23605
15992,GJA4,ENSG00000187513,767
15993,PTMA,ENSG00000187514,5765
15995,HSPA14,ENSG00000187522,17692
15996,ATP13A5,ENSG00000187527,7736
15997,SIRT7,ENSG00000187531,30005
15998,PRR27,ENSG00000187533,8433
15999,IFT140,ENSG00000187535,26534
16000,POTEG,ENSG00000187537,23702
16001,PRAMEF10,ENSG00000187545,312
16002,AGMO,ENSG00000187546,13186
16003,SBK2,ENSG00000187550,32733
16004,CYP26C1,ENSG00000187553,18417
16005,TLR5,ENSG00000187554,3043
16006,USP7,ENSG00000187555,26758
16007,NANOS3,ENSG00000187556,31414
16008,FOXD4L3,ENSG00000187559,16645
16009,NHLRC1,ENSG00000187566,11398
16010,DPPA3,ENSG00000187569,21152
16011,COX8C,ENSG00000187581,24747
16012,PLEKHN1,ENSG00000187583,26
16013,ZNF385C,ENSG00000187595,29129
16014,LINC02583,ENSG00000187600,3942
16015,MAGEH1,ENSG00000187601,35749
16016,TET3,ENSG00000187605,4221
16017,ZNF286A,ENSG00000187607,28487
16018,ISG15,ENSG00000187608,30
16019,EXD3,ENSG00000187609,17501
16020,OR5W2,ENSG00000187612,19670
16021,MYMK,ENSG00000187616,17370
16023,ZKSCAN4,ENSG00000187626,11559
16024,RGPD1,ENSG00000187627,4354
16025,DHRS4L2,ENSG00000187630,23977
16026,SAMD11,ENSG00000187634,23
16027,PERM1,ENSG00000187642,27
16028,VMAC,ENSG00000187650,31108
16029,C5orf52,ENSG00000187658,10880
16030,HAPLN4,ENSG00000187664,31630
16031,ERC2,ENSG00000187672,6596
16032,B3GLCT,ENSG00000187676,23055
16033,SPRY4,ENSG00000187678,10708
16034,ERAS,ENSG00000187682,35639
16035,TRPV2,ENSG00000187688,28505
16036,AMTN,ENSG00000187689,8442
16037,EZHIP,ENSG00000187690,35693
16039,C2orf88,ENSG00000187699,5318
16040,OR2T27,ENSG00000187701,3402
16041,TMEM203,ENSG00000187713,17485
16042,SLC18A3,ENSG00000187714,18007
16043,KBTBD12,ENSG00000187715,7098
16044,THSD4,ENSG00000187720,25924
16045,DNAJB13,ENSG00000187726,20257
16046,GABRD,ENSG00000187730,92
16047,AMY1C,ENSG00000187733,1573
16048,TCEA1,ENSG00000187735,15322
16049,NHEJ1,ENSG00000187736,5628
16050,FANCA,ENSG00000187741,28064
16051,SECISBP2,ENSG00000187742,16797
16052,OR52B6,ENSG00000187747,19126
16053,C9orf153,ENSG00000187753,16768
16054,SSX7,ENSG00000187754,35710
16055,ADH1A,ENSG00000187758,8675
16056,SEMA4D,ENSG00000187764,16798
16057,KRTAP10-8,ENSG00000187766,34327
16058,LIN28B,ENSG00000187772,12370
16059,DIPK1C,ENSG00000187773,30758
16060,DNAH17,ENSG00000187775,29898
16061,MCRS1,ENSG00000187778,21670
16062,TMEM72,ENSG00000187783,17940
16064,FANCM,ENSG00000187790,24177
16065,ZNF70,ENSG00000187792,34685
16066,CARD9,ENSG00000187796,17428
16067,PEAR1,ENSG00000187800,2217
16068,ZFP69B,ENSG00000187801,878
16069,TMEM202,ENSG00000187806,25942
16070,SOWAHD,ENSG00000187808,36096
16072,ZFP69,ENSG00000187815,880
16073,HELT,ENSG00000187821,9316
16074,RTL4,ENSG00000187823,36057
16075,TMEM220,ENSG00000187824,28427
16076,C2orf78,ENSG00000187833,4213
16078,PLSCR3,ENSG00000187838,28317
16079,EIF4EBP1,ENSG00000187840,15175
16080,P2RX2,ENSG00000187848,22883
16081,ASCL4,ENSG00000187855,22446
16082,OR6C75,ENSG00000187857,21864
16083,CCDC157,ENSG00000187860,34834
16084,TTC24,ENSG00000187862,2194
16086,PALM3,ENSG00000187867,31424
16087,GFRAL,ENSG00000187871,12116
16088,FYB2,ENSG00000187889,1168
16089,SHISA7,ENSG00000187902,32726
16090,LRRC74B,ENSG00000187905,34544
16091,DMBT1,ENSG00000187908,18766
16092,CLEC17A,ENSG00000187912,31448
16093,OR51I2,ENSG00000187918,19121
16094,LCN10,ENSG00000187922,17444
16095,LDLRAD2,ENSG00000187942,486
16096,C2orf66,ENSG00000187944,5366
16097,OVCH1,ENSG00000187950,21463
16100,COL14A1,ENSG00000187955,15883
16101,DNER,ENSG00000187957,5730
16102,CPSF4L,ENSG00000187959,29732
16103,KLHL17,ENSG00000187961,25
16104,ZCCHC13,ENSG00000187969,35865
16105,PLA2G2C,ENSG00000187980,453
16106,ZSCAN23,ENSG00000187987,11566
16108,RINL,ENSG00000187994,32018
16109,C17orf99,ENSG00000187997,29886
16110,OR7D2,ENSG00000188000,31226
16111,TPRG1,ENSG00000188001,7709
16112,SNHG28,ENSG00000188004,2274
16113,MORN2,ENSG00000188010,3874
16114,RTP5,ENSG00000188011,5943
16115,S100A3,ENSG00000188015,2069
16116,UBQLN2,ENSG00000188021,35755
16117,RILPL1,ENSG00000188026,22734
16118,C19orf67,ENSG00000188032,31426
16119,ZNF490,ENSG00000188033,31356
16120,CLCN1,ENSG00000188037,14501
16121,NRN1L,ENSG00000188038,27624
16122,NWD1,ENSG00000188039,31524
16123,ARL4C,ENSG00000188042,5819
16124,RNF133,ENSG00000188050,14187
16125,TMEM221,ENSG00000188051,31558
16126,TREML4,ENSG00000188056,11919
16127,RAB42,ENSG00000188060,659
16128,WNT7B,ENSG00000188064,35192
16130,SCGB1C1,ENSG00000188076,18913
16131,PRSS45P,ENSG00000188086,6389
16132,PLA2G4E,ENSG00000188089,25477
16133,GPR89B,ENSG00000188092,1876
16134,MESP2,ENSG00000188095,26244
16135,FAM25A,ENSG00000188100,18337
16136,EYS,ENSG00000188107,12147
16137,C6orf132,ENSG00000188112,11942
16138,DAZ1,ENSG00000188120,36543
16139,OR2AG2,ENSG00000188124,19175
16140,MAPK12,ENSG00000188130,35268
16141,TMEM215,ENSG00000188133,16423
16142,NUTM2G,ENSG00000188152,16899
16143,COL4A5,ENSG00000188153,36035
16144,KRTAP10-6,ENSG00000188155,34325
16145,AGRN,ENSG00000188157,32
16146,NHS,ENSG00000188158,35419
16147,OTOG,ENSG00000188162,19324
16149,TMPPE,ENSG00000188167,6214
16150,ZNF626,ENSG00000188171,31662
16151,HEPACAM2,ENSG00000188175,13868
16152,SMTNL2,ENSG00000188176,28211
16153,ZC3H6,ENSG00000188177,4712
16154,LAMTOR4,ENSG00000188186,13956
16155,PRKAR1B,ENSG00000188191,13034
16156,NUTM2B,ENSG00000188199,18277
16157,NCR3LG1,ENSG00000188211,19318
16158,DCUN1D3,ENSG00000188215,26950
16159,POTEE,ENSG00000188219,4882
16161,ZNF793,ENSG00000188227,31969
16162,TUBB4B,ENSG00000188229,17492
16163,AGAP4,ENSG00000188234,17954
16165,COMMD6,ENSG00000188243,23359
16166,PLA2G2A,ENSG00000188257,448
16167,IL17REL,ENSG00000188263,35254
16168,HYKK,ENSG00000188266,26078
16169,OR7A5,ENSG00000188269,31453
16170,C15orf62,ENSG00000188277,25436
16172,FAM230G,ENSG00000188280,34521
16173,RUFY4,ENSG00000188282,5586
16174,ZNF383,ENSG00000188283,31957
16175,HES4,ENSG00000188290,29
16176,IGFL1,ENSG00000188293,32300
16177,ZNF669,ENSG00000188295,3345
16178,PEAK3,ENSG00000188305,30970
16179,LRRIQ4,ENSG00000188306,7498
16180,CENPP,ENSG00000188312,16826
16181,PLSCR1,ENSG00000188313,7290
16182,C3orf62,ENSG00000188315,6454
16183,ENO4,ENSG00000188316,18700
16184,ZNF559,ENSG00000188321,31231
16185,SBK1,ENSG00000188322,27058
16186,OR6C6,ENSG00000188324,21861
16187,BSPH1,ENSG00000188334,32357
16188,OR6N2,ENSG00000188340,2255
16189,GTF2F2,ENSG00000188342,23178
16191,FOCAD,ENSG00000188352,16344
16192,PRR19,ENSG00000188368,32150
16193,ZP3,ENSG00000188372,13759
16196,IFNA2,ENSG00000188379,16360
16197,JAKMIP3,ENSG00000188385,18864
16198,PPP3R2,ENSG00000188386,16959
16199,PDCD1,ENSG00000188389,5942
16200,CLEC2A,ENSG00000188393,21213
16201,GPR21,ENSG00000188394,17153
16203,SELL,ENSG00000188404,2447
16204,MAGEB5,ENSG00000188408,35480
16205,CHM,ENSG00000188419,35907
16206,NANOS2,ENSG00000188425,32287
16207,BLOC1S5,ENSG00000188428,11303
16208,CERKL,ENSG00000188452,5261
16209,SLC24A5,ENSG00000188467,25585
16211,IER5L,ENSG00000188483,17283
16213,INSC,ENSG00000188487,19303
16214,SERPINA5,ENSG00000188488,24769
16216,LCTL,ENSG00000188501,25861
16217,NCCRP1,ENSG00000188505,32033
16218,KRTDAP,ENSG00000188508,31872
16220,COL25A1,ENSG00000188517,8759
16221,FAM83G,ENSG00000188522,28576
16222,CFAP77,ENSG00000188523,17344
16223,SRSF10,ENSG00000188529,535
16224,HBA2,ENSG00000188536,26441
16225,DUSP28,ENSG00000188542,5898
16226,CCDC9B,ENSG00000188549,25416
16227,NBR1,ENSG00000188554,29188
16228,OR2G6,ENSG00000188558,3395
16229,RALGAPA2,ENSG00000188559,33134
16230,NDOR1,ENSG00000188566,17486
16231,FBLL1,ENSG00000188573,10957
16232,NKAIN2,ENSG00000188580,12534
16233,KRTAP1-1,ENSG00000188581,29065
16234,PAQR9,ENSG00000188582,7270
16235,CFAP54,ENSG00000188596,22328
16236,CLN3,ENSG00000188603,27064
16237,FAM72B,ENSG00000188610,1808
16238,ASAH2,ENSG00000188611,18016
16239,SUMO2,ENSG00000188612,29788
16240,NANOS1,ENSG00000188613,18727
16241,HMX3,ENSG00000188620,18776
16242,IGFL3,ENSG00000188624,32294
16243,GOLGA8M,ENSG00000188626,25271
16244,ZNF177,ENSG00000188629,31232
16245,RTL6,ENSG00000188636,35168
16246,DPYD,ENSG00000188641,1518
16247,S100A16,ENSG00000188643,2072
16248,PTAR1,ENSG00000188647,16667
16249,CC2D2B,ENSG00000188649,18454
16250,RNASE9,ENSG00000188655,23740
16251,SAXO2,ENSG00000188659,26140
16252,RHCE,ENSG00000188672,566
16253,C2orf80,ENSG00000188674,5501
16254,IDO2,ENSG00000188676,15214
16255,PARVB,ENSG00000188677,35160
16257,SLC4A5,ENSG00000188687,4228
16258,UROS,ENSG00000188690,18812
16259,KRTAP24-1,ENSG00000188694,34037
16260,ZDHHC9,ENSG00000188706,36159
16262,QRFP,ENSG00000188710,17321
16264,SMIM15,ENSG00000188725,9887
16265,OSTN,ENSG00000188729,7721
16266,VWC2,ENSG00000188730,13559
16267,FAM221A,ENSG00000188732,13260
16268,TMEM120B,ENSG00000188735,22682
16269,FSIP2,ENSG00000188738,5288
16270,RBM34,ENSG00000188739,3232
16271,NOXA1,ENSG00000188747,17502
16272,TMEM198,ENSG00000188760,5656
16273,BCL2L15,ENSG00000188761,1719
16274,FZD9,ENSG00000188763,13706
16275,SPRED3,ENSG00000188766,31998
16276,OPTC,ENSG00000188770,2785
16277,PLET1,ENSG00000188771,20616
16278,ADRB3,ENSG00000188778,15174
16279,SKOR1,ENSG00000188779,25877
16280,CATSPER4,ENSG00000188782,591
16281,PRELP,ENSG00000188783,2784
16282,PLA2G2E,ENSG00000188784,447
16283,ZNF548,ENSG00000188785,32805
16284,MTF1,ENSG00000188786,826
16285,TMCO2,ENSG00000188800,872
16286,SHISA6,ENSG00000188803,28435
16287,TMEM201,ENSG00000188807,233
16288,NHLRC3,ENSG00000188811,23119
16289,HMX2,ENSG00000188816,18777
16290,SNTN,ENSG00000188817,6652
16291,ZDHHC11,ENSG00000188818,9397
16292,CALHM6,ENSG00000188820,12487
16293,CNR2,ENSG00000188822,532
16294,SLX4,ENSG00000188827,26681
16295,GLRA4,ENSG00000188828,35996
16296,ENTPD8,ENSG00000188833,17503
16297,RPL14,ENSG00000188846,6286
16298,BEND4,ENSG00000188848,8244
16299,FAM78B,ENSG00000188859,2393
16300,ZNF563,ENSG00000188868,31347
16301,TMC3,ENSG00000188869,26129
16302,FBF1,ENSG00000188878,29822
16303,KLRG2,ENSG00000188883,14361
16304,ASTL,ENSG00000188886,4486
16306,MSL1,ENSG00000188895,29026
16308,LRRK2,ENSG00000188906,21531
16309,BSX,ENSG00000188909,20798
16310,GJB3,ENSG00000188910,766
16311,INSYN2A,ENSG00000188916,18825
16312,TRMT2B,ENSG00000188917,35934
16313,HACD4,ENSG00000188921,16346
16314,CFAP126,ENSG00000188931,2337
16315,NYX,ENSG00000188937,35556
16316,FAM120AOS,ENSG00000188938,16845
16317,UTS2B,ENSG00000188958,7723
16318,C9orf152,ENSG00000188959,17013
16319,NOC2L,ENSG00000188976,24
16320,MSANTD1,ENSG00000188981,7924
16321,AADACL3,ENSG00000188984,303
16322,NELFB,ENSG00000188986,17496
16324,SLC15A5,ENSG00000188991,21330
16325,LIPI,ENSG00000188992,33904
16326,LRRC66,ENSG00000188993,8296
16327,ZNF292,ENSG00000188994,12282
16328,HUS1B,ENSG00000188996,11197
16329,KCTD21,ENSG00000188997,20349
16330,SBSN,ENSG00000189001,31874
16331,ADAT2,ENSG00000189007,12705
16332,KIR2DL4,ENSG00000189013,32688
16333,MAGEB16,ENSG00000189023,35514
16334,VHLL,ENSG00000189030,2185
16335,DUSP21,ENSG00000189037,35573
16336,ZNF567,ENSG00000189042,31942
16337,NDUFA4,ENSG00000189043,13166
16338,ANKDD1B,ENSG00000189045,10030
16339,ALKBH2,ENSG00000189046,22465
16340,RNFT1,ENSG00000189050,29557
16341,RNF222,ENSG00000189051,28383
16342,CGB5,ENSG00000189052,32418
16343,RELN,ENSG00000189056,14053
16344,FAM111B,ENSG00000189057,19753
16345,APOD,ENSG00000189058,7782
16347,GAGE2A,ENSG00000189064,35677
16348,LITAF,ENSG00000189067,26804
16349,VSTM1,ENSG00000189068,32647
16350,ARID2,ENSG00000189079,21571
16351,FAM25G,ENSG00000189090,17974
16352,SF3B3,ENSG00000189091,27697
16353,PRSS48,ENSG00000189099,9053
16354,IL1RAPL2,ENSG00000189108,36009
16355,BLOC1S3,ENSG00000189114,32255
16356,SP6,ENSG00000189120,29322
16357,ANKRD34B,ENSG00000189127,10077
16358,PLAC9,ENSG00000189129,18285
16359,FAM47B,ENSG00000189132,35513
16360,NKAPL,ENSG00000189134,11560
16361,FSCB,ENSG00000189139,24165
16362,CLDN4,ENSG00000189143,13718
16363,ZNF573,ENSG00000189144,31979
16364,GRAPL,ENSG00000189152,28582
16365,FAM47E,ENSG00000189157,8515
16366,JPT1,ENSG00000189159,29785
16367,ZNF527,ENSG00000189164,31964
16368,ZAR1L,ENSG00000189167,23061
16369,KRTAP10-12,ENSG00000189169,34335
16370,S100A13,ENSG00000189171,2074
16371,ZNF33A,ENSG00000189180,17893
16372,OR14I1,ENSG00000189181,3403
16373,KRT77,ENSG00000189182,21765
16374,PCDH18,ENSG00000189184,8931
16375,DCAF8L2,ENSG00000189186,35485
16376,ZNF600,ENSG00000189190,32608
16377,BTBD8,ENSG00000189195,1468
16378,MAOA,ENSG00000189221,35567
16379,C15orf61,ENSG00000189227,25874
16380,NUGGC,ENSG00000189233,15073
16381,TSPYL1,ENSG00000189241,12485
16382,SPANXN3,ENSG00000189252,36276
16383,TRIM64B,ENSG00000189253,20427
16384,PNRC2,ENSG00000189266,534
16385,DRICH1,ENSG00000189269,34683
16386,LINC01164,ENSG00000189275,18857
16387,GJB5,ENSG00000189280,763
16388,FHIT,ENSG00000189283,6642
16389,ALKAL2,ENSG00000189292,3414
16390,ZKSCAN3,ENSG00000189298,11564
16391,FOXR2,ENSG00000189299,35751
16392,RRP7A,ENSG00000189306,35131
16393,LIN54,ENSG00000189308,8565
16394,FAM53B,ENSG00000189319,18793
16395,FAM180A,ENSG00000189320,14333
16396,BNIP5,ENSG00000189325,11854
16397,SPANXN4,ENSG00000189326,36274
16399,S100A14,ENSG00000189334,2073
16400,KAZN,ENSG00000189337,339
16401,SLC35E2B,ENSG00000189339,82
16402,TOGARAM2,ENSG00000189350,3777
16403,NEMP2,ENSG00000189362,5324
16405,KIAA0408,ENSG00000189367,12554
16406,GSPT2,ENSG00000189369,35699
16407,TBC1D28,ENSG00000189375,28566
16408,C8orf76,ENSG00000189376,15910
16409,CXCL17,ENSG00000189377,32157
16410,OTUD6A,ENSG00000189401,35799
16411,HMGB1,ENSG00000189403,23042
16412,MMP23B,ENSG00000189409,79
16413,SH2D5,ENSG00000189410,472
16414,ZFP92,ENSG00000189420,36363
16415,NCR1,ENSG00000189430,32693
16416,GJB4,ENSG00000189433,764
16418,OR2L13,ENSG00000196071,3379
16419,BLOC1S2,ENSG00000196072,18520
16420,SYCP2,ENSG00000196074,33718
16421,ZNF724,ENSG00000196081,31707
16422,IL1RAP,ENSG00000196083,7717
16423,PTPRT,ENSG00000196090,33444
16424,MYBPC1,ENSG00000196091,22364
16425,PAX5,ENSG00000196092,16537
16426,OR5K4,ENSG00000196098,6807
16427,OR6M1,ENSG00000196099,20809
16429,SPOCK3,ENSG00000196104,9176
16430,ZNF676,ENSG00000196109,31685
16431,ZNF699,ENSG00000196110,31229
16432,TDRD7,ENSG00000196116,16906
16434,OR8A1,ENSG00000196119,20832
16436,HLA-DRB1,ENSG00000196126,11757
16437,VN1R2,ENSG00000196131,32625
16438,MYT1,ENSG00000196132,33840
16439,SERPINA3,ENSG00000196136,24771
16440,AKR1C3,ENSG00000196139,17580
16441,SPATS2L,ENSG00000196141,5398
16442,ZNF250,ENSG00000196150,16191
16443,WDSUB1,ENSG00000196151,5053
16444,ZNF79,ENSG00000196152,17207
16445,S100A4,ENSG00000196154,2068
16446,PLEKHG4,ENSG00000196155,27592
16447,KRTAP4-3,ENSG00000196156,29080
16448,FAT4,ENSG00000196159,8872
16450,COLCA1,ENSG00000196167,20584
16451,KIF19,ENSG00000196169,29752
16452,OR6K2,ENSG00000196171,2251
16453,ZNF681,ENSG00000196172,31713
16455,ACADSB,ENSG00000196177,18775
16456,STK40,ENSG00000196182,800
16457,OR10J1,ENSG00000196184,2265
16458,TMEM63A,ENSG00000196187,3075
16459,CTSE,ENSG00000196188,2839
16460,SEMA4A,ENSG00000196189,2177
16461,HRCT1,ENSG00000196196,16525
16462,MPHOSPH8,ENSG00000196199,22917
16463,GREB1,ENSG00000196208,3566
16464,SIRPB2,ENSG00000196209,32915
16465,ZNF766,ENSG00000196214,32589
16466,RYR1,ENSG00000196218,32001
16467,SRGAP3,ENSG00000196220,6006
16468,KRTAP5-3,ENSG00000196224,18994
16470,FAM217B,ENSG00000196227,33719
16471,SULT1C3,ENSG00000196228,4662
16472,TUBB,ENSG00000196230,11643
16473,LCOR,ENSG00000196233,18465
16474,SUPT5H,ENSG00000196235,32048
16475,XPNPEP3,ENSG00000196236,35082
16476,OR2T2,ENSG00000196240,3391
16477,OR2C3,ENSG00000196242,3357
16478,ZNF107,ENSG00000196247,13652
16479,OR10S1,ENSG00000196248,20814
16480,SFTA2,ENSG00000196260,11655
16481,PPIA,ENSG00000196262,13514
16482,ZNF471,ENSG00000196263,32777
16484,ZNF836,ENSG00000196267,32585
16485,ZNF493,ENSG00000196268,31672
16486,GTF2IRD2,ENSG00000196275,13735
16487,GRM7,ENSG00000196277,5992
16488,SUPT3H,ENSG00000196284,12021
16489,NIF3L1,ENSG00000196290,5408
16490,ATP2A1,ENSG00000196296,27083
16493,POM121,ENSG00000196313,13696
16494,ZBTB44,ENSG00000196323,20924
16496,GIMAP5,ENSG00000196329,14588
16498,STK31,ENSG00000196335,13262
16499,CGB7,ENSG00000196337,32420
16500,NLGN3,ENSG00000196338,35821
16501,OR8D1,ENSG00000196341,20824
16502,ADH7,ENSG00000196344,8678
16503,ZKSCAN7,ENSG00000196345,6342
16504,ZNF729,ENSG00000196350,31688
16505,CD55,ENSG00000196352,2870
16506,CPNE4,ENSG00000196353,7158
16508,ZNF565,ENSG00000196357,31924
16509,NTNG2,ENSG00000196358,17341
16510,ELAVL3,ENSG00000196361,31319
16511,WDR5,ENSG00000196363,17382
16512,LONP1,ENSG00000196365,31097
16513,C9orf163,ENSG00000196366,17434
16514,TRRAP,ENSG00000196367,13914
16515,NUDT11,ENSG00000196368,35694
16516,FUT4,ENSG00000196371,20464
16517,ASB13,ENSG00000196372,17598
16519,SLC35F1,ENSG00000196376,12506
16520,ZNF34,ENSG00000196378,16185
16521,ZNF781,ENSG00000196381,31975
16522,ZNF140,ENSG00000196387,22896
16523,INCA1,ENSG00000196388,28242
16524,ZNF774,ENSG00000196391,26259
16525,PTPN1,ENSG00000196396,33601
16527,EVL,ENSG00000196405,24844
16528,SPANXD,ENSG00000196406,36269
16529,THEM5,ENSG00000196407,2000
16530,NOXO1,ENSG00000196408,26567
16532,EPHB4,ENSG00000196411,13991
16533,PRTN3,ENSG00000196415,30890
16534,ZNF765,ENSG00000196417,32630
16535,ZNF124,ENSG00000196418,3348
16536,XRCC6,ENSG00000196419,35103
16537,S100A5,ENSG00000196420,2067
16538,C20orf204,ENSG00000196421,33832
16539,PPP1R26,ENSG00000196422,17401
16540,NBPF4,ENSG00000196427,1586
16541,TSC22D2,ENSG00000196428,7339
16542,CRYBA4,ENSG00000196431,34758
16543,ASMT,ENSG00000196433,35317
16544,NPIPB15,ENSG00000196436,27762
16545,ZNF569,ENSG00000196437,31965
16546,ARMCX4,ENSG00000196440,35945
16547,YRDC,ENSG00000196449,824
16548,ZNF777,ENSG00000196453,14557
16549,PIK3R4,ENSG00000196455,7146
16550,ZNF775,ENSG00000196456,14578
16551,ZNF605,ENSG00000196458,22892
16552,TRAPPC2,ENSG00000196459,35388
16553,RFX8,ENSG00000196460,4579
16554,MYL6B,ENSG00000196465,21908
16555,ZNF799,ENSG00000196466,31349
16556,FGF16,ENSG00000196468,35877
16557,SIAH1,ENSG00000196470,27324
16558,GK2,ENSG00000196475,8539
16559,C20orf96,ENSG00000196476,32887
16560,ESRRG,ENSG00000196482,2980
16561,IPO4,ENSG00000196497,23992
16562,NCOR2,ENSG00000196498,22759
16563,SULT1A1,ENSG00000196502,27071
16564,ARL9,ENSG00000196503,8355
16565,PRPF40A,ENSG00000196504,5014
16566,GDAP2,ENSG00000196505,1774
16567,TCEAL3,ENSG00000196507,35991
16568,ANAPC7,ENSG00000196510,22490
16569,TPK1,ENSG00000196511,14533
16570,SLC6A9,ENSG00000196517,963
16571,AFAP1,ENSG00000196526,7982
16572,NACA,ENSG00000196531,21935
16575,MYO18A,ENSG00000196535,28730
16576,OR2T3,ENSG00000196539,3392
16577,SPTSSB,ENSG00000196542,7454
16578,BORCS6,ENSG00000196544,28368
16579,MAN2A2,ENSG00000196547,26274
16580,MME,ENSG00000196549,7386
16581,FAM72A,ENSG00000196550,2845
16582,CACNA1H,ENSG00000196557,26505
16583,SULF2,ENSG00000196562,33555
16584,HBG2,ENSG00000196565,19111
16585,LAMA2,ENSG00000196569,12562
16586,PFN3,ENSG00000196570,11083
16587,PLXNB2,ENSG00000196576,35270
16588,OR5AC2,ENSG00000196578,6799
16589,AJAP1,ENSG00000196581,157
16590,XRCC2,ENSG00000196584,14628
16591,MYO6,ENSG00000196586,12212
16592,MRTFA,ENSG00000196588,35076
16593,HDAC2,ENSG00000196591,12471
16594,ZNF782,ENSG00000196597,16897
16595,SLC22A25,ENSG00000196600,19903
16596,POTEF,ENSG00000196604,4858
16597,ZNF846,ENSG00000196605,31247
16598,MMP1,ENSG00000196611,20521
16599,ADH1B,ENSG00000196616,8676
16600,UGT2B15,ENSG00000196620,8415
16602,TCF4,ENSG00000196628,30583
16603,WNK3,ENSG00000196632,35733
16604,SDHAF3,ENSG00000196636,13901
16605,HRH1,ENSG00000196639,6060
16606,RABL6,ENSG00000196642,17451
16608,ZNF136,ENSG00000196646,31345
16610,ZKSCAN5,ENSG00000196652,13928
16611,ZNF502,ENSG00000196653,6349
16612,TRAPPC4,ENSG00000196655,20735
16614,SLC30A10,ENSG00000196660,3002
16616,TECPR2,ENSG00000196663,24899
16617,TLR7,ENSG00000196664,35375
16618,FAM180B,ENSG00000196666,19626
16619,ZFP62,ENSG00000196670,11165
16620,ERI2,ENSG00000196678,26948
16621,TOMM7,ENSG00000196683,13246
16622,HSH2D,ENSG00000196684,31497
16623,TRPV1,ENSG00000196689,28180
16624,ZNF33B,ENSG00000196693,17899
16625,ZNF512B,ENSG00000196700,33829
16626,AMZ2,ENSG00000196704,29683
16627,ZNF431,ENSG00000196705,31669
16628,ALKAL1,ENSG00000196711,15309
16629,NF1,ENSG00000196712,28790
16630,VKORC1L1,ENSG00000196715,13665
16631,ZNF418,ENSG00000196724,32834
16632,DAPK1,ENSG00000196730,16779
16633,LCE1B,ENSG00000196734,2035
16634,HLA-DQA1,ENSG00000196735,11758
16635,COL27A1,ENSG00000196739,17064
16636,LINC01560,ENSG00000196741,35602
16637,GM2A,ENSG00000196743,10821
16639,CLPSL2,ENSG00000196748,11843
16640,S100A2,ENSG00000196754,2070
16641,ZNF700,ENSG00000196757,31336
16643,POU3F4,ENSG00000196767,35898
16644,OR14A16,ENSG00000196772,3368
16646,CD47,ENSG00000196776,6869
16647,OR52K1,ENSG00000196778,19078
16648,TLE1,ENSG00000196781,16728
16649,MAML3,ENSG00000196782,8961
16651,STRN3,ENSG00000196792,24064
16652,ZNF239,ENSG00000196793,17917
16654,SPINK14,ENSG00000196800,10760
16655,SPRR2B,ENSG00000196805,2049
16656,CHRNG,ENSG00000196811,5780
16657,ZSCAN16,ENSG00000196812,11555
16658,MVB12B,ENSG00000196814,17192
16659,ILRUN,ENSG00000196821,11821
16661,OR11G2,ENSG00000196832,23720
16662,POTEI,ENSG00000196834,4867
16663,ADA,ENSG00000196839,33473
16664,ARID5A,ENSG00000196843,4499
16665,PATE2,ENSG00000196844,20867
16666,PPTC7,ENSG00000196850,22496
16667,KRT39,ENSG00000196859,29057
16668,TOMM20L,ENSG00000196860,24328
16669,RGPD4,ENSG00000196862,4658
16670,NHLRC2,ENSG00000196865,18675
16672,ZFP28,ENSG00000196867,32780
16675,SCN8A,ENSG00000196876,21720
16676,LAMB3,ENSG00000196878,2897
16679,KPNA5,ENSG00000196911,12495
16680,ARHGEF12,ENSG00000196914,20778
16681,HCAR1,ENSG00000196917,22714
16682,PDLIM7,ENSG00000196923,11089
16683,FLNA,ENSG00000196924,36398
16684,TMEM26,ENSG00000196932,18071
16686,SRGAP1,ENSG00000196935,22023
16688,FAM3C,ENSG00000196937,14178
16689,NOP9,ENSG00000196943,24008
16690,OR2T4,ENSG00000196944,3388
16691,ZNF705A,ENSG00000196946,21165
16692,SLC39A10,ENSG00000196950,5357
16693,CASP4,ENSG00000196954,20534
16694,AP2A1,ENSG00000196961,32462
16697,ZNF585A,ENSG00000196967,31954
16698,FUT11,ENSG00000196968,18206
16699,SMIM10L2B,ENSG00000196972,36209
16700,ANXA4,ENSG00000196975,4149
16701,LAGE3,ENSG00000196976,36410
16702,GPRACR,ENSG00000196979,17313
16703,WDR5B,ENSG00000196981,7018
16705,FAM163B,ENSG00000196990,17372
16706,NPIPB9,ENSG00000196993,27074
16707,WDR45,ENSG00000196998,35651
16708,METTL9,ENSG00000197006,26962
16709,ZNF138,ENSG00000197008,13653
16710,ZNF429,ENSG00000197013,31675
16711,ZNF470,ENSG00000197016,32782
16712,SERTAD1,ENSG00000197019,32078
16713,ZNF100,ENSG00000197020,31679
16715,ZNF398,ENSG00000197024,14551
16716,ZSCAN25,ENSG00000197037,13932
16717,ANXA6,ENSG00000197043,10818
16718,ZNF441,ENSG00000197044,31329
16719,GMFB,ENSG00000197045,24275
16720,SIGLEC15,ENSG00000197046,30500
16721,ZNF420,ENSG00000197050,31951
16722,ZNF763,ENSG00000197054,31338
16723,ZMYM1,ENSG00000197056,772
16724,DTHD1,ENSG00000197057,8173
16726,ZSCAN26,ENSG00000197062,11561
16727,MAFG,ENSG00000197063,30006
16728,ARRDC1,ENSG00000197070,17509
16729,KIAA1671,ENSG00000197077,34723
16730,KRT35,ENSG00000197079,29102
16731,IGF2R,ENSG00000197081,12872
16732,LCE1C,ENSG00000197084,2034
16733,GAL3ST4,ENSG00000197093,13958
16734,DYNC1H1,ENSG00000197102,24893
16735,SLC6A17,ENSG00000197106,1643
16736,IFNL3,ENSG00000197110,32035
16737,PCBP2,ENSG00000197111,21797
16738,ZGPAT,ENSG00000197114,33816
16739,SLC25A29,ENSG00000197119,24852
16740,PGAP1,ENSG00000197121,5367
16741,SRC,ENSG00000197122,33388
16742,ZNF679,ENSG00000197123,13645
16743,ZNF682,ENSG00000197124,31655
16744,OR8B8,ENSG00000197125,20830
16745,ZNF772,ENSG00000197128,32810
16746,ZNF257,ENSG00000197134,31684
16747,PCNX3,ENSG00000197136,20013
16748,ADAM32,ENSG00000197140,15207
16749,ACSL5,ENSG00000197142,18658
16750,LRRC8B,ENSG00000197147,1442
16751,ABCB8,ENSG00000197150,14595
16753,SND1,ENSG00000197157,14228
16754,ZNF785,ENSG00000197162,27166
16755,SULT1A2,ENSG00000197165,27070
16756,NEK5,ENSG00000197168,23262
16757,PSMD12,ENSG00000197170,29666
16758,MAGEA6,ENSG00000197172,36348
16759,ADGRA1,ENSG00000197177,18881
16760,PIWIL2,ENSG00000197181,14984
16761,MIRLET7BHG,ENSG00000197182,35198
16762,NOL4L,ENSG00000197183,33276
16763,CYSRT1,ENSG00000197191,17489
16764,SLC22A4,ENSG00000197208,10446
16765,ZSCAN5B,ENSG00000197213,32761
16766,ENTPD4,ENSG00000197217,15018
16767,C1D,ENSG00000197223,4126
16768,TBC1D9B,ENSG00000197226,11147
16769,OR1J2,ENSG00000197233,17133
16771,SLC2A7,ENSG00000197241,222
16772,FAM110D,ENSG00000197245,586
16773,SERPINA1,ENSG00000197249,24762
16774,KANK2,ENSG00000197256,31301
16775,C6orf141,ENSG00000197261,12056
16778,GTF2E2,ENSG00000197265,15116
16779,IL27,ENSG00000197272,27066
16780,GUCA2A,ENSG00000197273,910
16781,RAD54B,ENSG00000197275,15675
16782,ZNF165,ENSG00000197279,11554
16783,SYNGAP1,ENSG00000197283,11799
16784,FITM2,ENSG00000197296,33463
16785,BLM,ENSG00000197299,26269
16786,HMGA2-AS1,ENSG00000197301,22057
16788,OR10D3,ENSG00000197309,20821
16789,DDI2,ENSG00000197312,359
16790,SVIL,ENSG00000197321,17822
16792,TRIM33,ENSG00000197323,1728
16793,LRP10,ENSG00000197324,23930
16794,PELI1,ENSG00000197329,4080
16795,ZNF655,ENSG00000197343,13930
16796,MRPL21,ENSG00000197345,20141
16797,LYPD2,ENSG00000197353,16079
16798,UAP1L1,ENSG00000197355,17475
16799,ZNF98,ENSG00000197360,31689
16800,FBXL22,ENSG00000197361,25804
16801,ZNF786,ENSG00000197362,14549
16802,ZNF517,ENSG00000197363,16187
16803,S100A7L2,ENSG00000197364,2063
16804,ZNF675,ENSG00000197372,31712
16805,SLC22A5,ENSG00000197375,10448
16807,DACT3,ENSG00000197380,32317
16808,ADARB1,ENSG00000197381,34350
16809,ZNF860,ENSG00000197385,6202
16810,HTT,ENSG00000197386,7922
16811,OR6N1,ENSG00000197403,2253
16812,C5AR1,ENSG00000197405,32335
16813,DIO3,ENSG00000197406,24884
16814,CYP2B6,ENSG00000197408,32099
16816,DCHS2,ENSG00000197410,9093
16818,VEPH1,ENSG00000197415,7417
16819,FABP12,ENSG00000197416,15573
16820,SHPK,ENSG00000197417,28183
16821,OR51D1,ENSG00000197428,19084
16822,IPP,ENSG00000197429,998
16823,OPALIN,ENSG00000197430,18461
16824,OR13G1,ENSG00000197437,3363
16825,MAP3K5,ENSG00000197442,12644
16826,OGDHL,ENSG00000197444,18009
16828,CYP2F1,ENSG00000197446,32101
16829,GSTK1,ENSG00000197448,14497
16830,HNRNPAB,ENSG00000197451,11112
16831,OR2L5,ENSG00000197454,3376
16832,STMN3,ENSG00000197457,33812
16834,PDGFA,ENSG00000197461,13032
16835,GYPE,ENSG00000197465,8993
16836,COL13A1,ENSG00000197467,18136
16837,SPN,ENSG00000197471,27103
16838,ZNF695,ENSG00000197472,3343
16839,PCDHB11,ENSG00000197479,10655
16840,ZNF628,ENSG00000197483,32730
16841,GALP,ENSG00000197487,32760
16842,SLC2A10,ENSG00000197496,33546
16843,ZNF665,ENSG00000197497,32621
16844,RPF2,ENSG00000197498,12437
16846,SLC28A3,ENSG00000197506,16755
16847,FAM177B,ENSG00000197520,3038
16848,MIB2,ENSG00000197530,78
16849,OR6Y1,ENSG00000197532,2246
16850,MYO5A,ENSG00000197535,25666
16852,GZMM,ENSG00000197540,30872
16853,ATG7,ENSG00000197548,6062
16854,SIPA1L1,ENSG00000197555,24483
16856,ELANE,ENSG00000197561,30891
16857,RAB40C,ENSG00000197562,26463
16858,PIGN,ENSG00000197563,30663
16859,COL4A6,ENSG00000197565,36034
16860,ZNF624,ENSG00000197566,28512
16862,HOXA4,ENSG00000197576,13300
16863,TOPORS,ENSG00000197579,16417
16864,BCO2,ENSG00000197580,20614
16865,KCNMB2,ENSG00000197584,7558
16866,ENTPD6,ENSG00000197586,33209
16867,DMBX1,ENSG00000197587,1014
16868,OR11L1,ENSG00000197591,3369
16869,ENPP1,ENSG00000197594,12580
16870,ATP11AUN,ENSG00000197595,23640
16871,CCDC154,ENSG00000197599,26527
16872,FAR1,ENSG00000197601,19288
16873,CPLANE1,ENSG00000197603,9702
16875,ZNF841,ENSG00000197608,32582
16876,MFAP5,ENSG00000197614,21180
16877,MYH6,ENSG00000197616,23959
16878,ZNF615,ENSG00000197619,32577
16880,CDC42SE1,ENSG00000197622,1957
16881,MPEG1,ENSG00000197629,19757
16882,SERPINB2,ENSG00000197632,30686
16883,DPP4,ENSG00000197635,5077
16884,SERPINB13,ENSG00000197641,30681
16885,PDCD1LG2,ENSG00000197646,16256
16886,ZNF433,ENSG00000197647,31340
16887,CCER1,ENSG00000197651,22258
16888,DNAH10,ENSG00000197653,22746
16889,SLC22A24,ENSG00000197658,19901
16892,KRTAP26-1,ENSG00000197683,34039
16893,SPTAN1,ENSG00000197694,17256
16894,NMB,ENSG00000197696,26181
16897,PARVA,ENSG00000197702,19273
16898,KLHL14,ENSG00000197705,30421
16899,OR6C74,ENSG00000197706,21860
16900,FAM114A1,ENSG00000197712,8199
16901,RPE,ENSG00000197713,5511
16902,ZNF460,ENSG00000197714,32798
16903,CR1L,ENSG00000197721,2875
16905,PHF2,ENSG00000197724,16847
16906,RPS26,ENSG00000197728,21898
16907,C14orf178,ENSG00000197734,24612
16908,SCGB1D4,ENSG00000197745,19854
16909,PSAP,ENSG00000197746,18163
16910,S100A10,ENSG00000197747,2004
16911,CFAP43,ENSG00000197748,18615
16912,LHFPL5,ENSG00000197753,11846
16913,RPL37A,ENSG00000197756,5566
16914,HOXC6,ENSG00000197757,21818
16915,TXNRD3,ENSG00000197763,7079
16916,CFD,ENSG00000197766,30892
16917,STPG3,ENSG00000197768,17495
16918,MAP1LC3C,ENSG00000197769,3293
16919,MCMBP,ENSG00000197771,18739
16920,EME2,ENSG00000197774,26548
16922,KLHDC1,ENSG00000197776,24199
16923,ZNF81,ENSG00000197779,35610
16924,TAF13,ENSG00000197780,1602
16925,ZNF780A,ENSG00000197782,32067
16926,ATAD3A,ENSG00000197785,71
16927,OR5B17,ENSG00000197786,19736
16928,OR52M1,ENSG00000197790,19079
16929,FAM118B,ENSG00000197798,20883
16930,ZNF461,ENSG00000197808,31939
16931,CCDC180,ENSG00000197816,16904
16932,SLC9A8,ENSG00000197818,33586
16933,OCLN,ENSG00000197822,9961
16934,CFAP299,ENSG00000197826,8548
16936,CYP2A13,ENSG00000197838,32100
16937,ZNF181,ENSG00000197841,31833
16940,INKA2,ENSG00000197852,1686
16941,ZNF44,ENSG00000197857,31346
16942,GPAA1,ENSG00000197858,16144
16943,ADAMTSL2,ENSG00000197859,17371
16944,SGTB,ENSG00000197860,9916
16945,ZNF790,ENSG00000197863,31947
16946,PRB3,ENSG00000197870,21262
16948,MYO1C,ENSG00000197879,28116
16949,MDS2,ENSG00000197880,523
16950,NKIRAS1,ENSG00000197885,6162
16951,OR1S2,ENSG00000197887,19732
16952,UGT2B17,ENSG00000197888,8414
16953,MEIG1,ENSG00000197889,17697
16954,SLC22A12,ENSG00000197891,19956
16955,KIF13B,ENSG00000197892,15090
16956,NRAP,ENSG00000197893,18670
16957,ADH5,ENSG00000197894,8671
16958,SLC22A6,ENSG00000197901,19899
16960,TEAD4,ENSG00000197905,21035
16962,SPG7,ENSG00000197912,28050
16964,HRNR,ENSG00000197915,2013
16965,IFNA1,ENSG00000197919,16364
16966,HES5,ENSG00000197921,110
16968,ZNF677,ENSG00000197928,32623
16969,ERO1A,ENSG00000197930,24253
16971,ZNF823,ENSG00000197933,31327
16972,ZNF311,ENSG00000197935,11582
16973,ZNF347,ENSG00000197937,32620
16974,OR5H2,ENSG00000197938,6806
16975,PLCG2,ENSG00000197943,27870
16976,FCHSD1,ENSG00000197948,10694
16977,ZNF71,ENSG00000197951,32783
16978,AADACL2,ENSG00000197953,7361
16979,S100A6,ENSG00000197956,2066
16980,RPL12,ENSG00000197958,17208
16981,DNM3,ENSG00000197959,2475
16982,ZNF121,ENSG00000197961,31241
16983,MPZL1,ENSG00000197965,2417
16984,VPS13A,ENSG00000197969,16714
16985,MBP,ENSG00000197971,30802
16986,AKAP17A,ENSG00000197976,35316
16987,ELOVL2,ENSG00000197977,11330
16988,GOLGA6L9,ENSG00000197978,26142
16989,LEKR1,ENSG00000197980,7409
16990,C1orf122,ENSG00000197982,825
16992,CLEC9A,ENSG00000197992,21220
16993,KEL,ENSG00000197993,14490
16994,NOL8,ENSG00000198000,16825
16995,IRAK4,ENSG00000198001,21557
16997,DLGAP2,ENSG00000198010,14714
16998,MRPL42,ENSG00000198015,22288
16999,ENTPD7,ENSG00000198018,18508
17001,SPANXA1,ENSG00000198021,36266
17002,ZNF335,ENSG00000198026,33529
17003,ZNF560,ENSG00000198028,31236
17004,TUBA3C,ENSG00000198033,22911
17005,RPS4X,ENSG00000198034,35839
17007,ZNF273,ENSG00000198039,13656
17008,ZNF84,ENSG00000198040,22895
17009,MAK16,ENSG00000198042,15139
17010,ZNF667,ENSG00000198046,32775
17011,AVPR1B,ENSG00000198049,2841
17012,SIRPA,ENSG00000198053,32922
17013,DSCR8,ENSG00000198054,34183
17014,GRK6,ENSG00000198055,11085
17015,PRIM1,ENSG00000198056,21936
17017,POTEH,ENSG00000198062,34405
17018,NPIPB13,ENSG00000198064,27145
17019,AKR1B10,ENSG00000198074,14314
17020,SULT1C4,ENSG00000198075,4664
17021,CYP2A7,ENSG00000198077,32097
17022,ZBTB14,ENSG00000198081,30145
17024,KRTAP9-9,ENSG00000198083,29088
17025,CD2AP,ENSG00000198087,12045
17026,NUP62CL,ENSG00000198088,36021
17027,SFI1,ENSG00000198089,34873
17028,KRTAP4-6,ENSG00000198090,29077
17029,TMPRSS11F,ENSG00000198092,8410
17030,ZNF649,ENSG00000198093,32573
17031,ADH4,ENSG00000198099,8673
17032,OR2T6,ENSG00000198104,3389
17033,ZNF248,ENSG00000198105,17888
17034,CHSY3,ENSG00000198108,10428
17035,TOR4A,ENSG00000198113,17497
17036,LPAR1,ENSG00000198121,17019
17037,MB,ENSG00000198125,34929
17038,OR2L3,ENSG00000198128,3378
17039,DEFB107B,ENSG00000198129,14784
17040,HIBCH,ENSG00000198130,5320
17041,ZNF544,ENSG00000198131,32846
17042,TMEM229B,ENSG00000198133,24423
17043,SOWAHC,ENSG00000198142,4676
17044,ZNF770,ENSG00000198146,25352
17046,NPIPB6,ENSG00000198156,27060
17047,HMGN5,ENSG00000198157,35895
17048,MIER1,ENSG00000198160,1255
17050,MAN1A2,ENSG00000198162,1771
17051,SVIP,ENSG00000198168,19391
17052,ZNF251,ENSG00000198169,16184
17053,DDRGK1,ENSG00000198171,32953
17054,FAM47C,ENSG00000198173,35518
17055,TFDP1,ENSG00000198176,23668
17056,CLEC4C,ENSG00000198178,21153
17057,ZNF607,ENSG00000198182,31976
17058,BPIFA1,ENSG00000198183,33298
17059,ZNF334,ENSG00000198185,33540
17060,HSD17B11,ENSG00000198189,8596
17061,SZT2,ENSG00000198198,946
17062,SULT1C2,ENSG00000198203,4663
17063,ZXDA,ENSG00000198205,35767
17064,RPS6KL1,ENSG00000198208,24546
17066,CACNA1E,ENSG00000198216,2576
17067,QRICH1,ENSG00000198218,6445
17068,CSF2RA,ENSG00000198223,35309
17069,FKBP1C,ENSG00000198225,12141
17070,DDX42,ENSG00000198231,29618
17071,RPL23A,ENSG00000198242,28707
17072,SLC29A3,ENSG00000198246,18158
17074,STYX,ENSG00000198252,24256
17075,UBL5,ENSG00000198258,31250
17076,HELZ,ENSG00000198265,29662
17077,TMEM116,ENSG00000198270,22516
17078,KRTAP4-5,ENSG00000198271,29078
17079,UCKL1,ENSG00000198276,33827
17080,OR5B21,ENSG00000198283,19742
17081,CARD11,ENSG00000198286,13083
17082,ZNF485,ENSG00000198298,17919
17083,PEG3,ENSG00000198300,32788
17084,SDAD1,ENSG00000198301,8506
17085,ZKSCAN8,ENSG00000198315,11557
17086,PHETA1,ENSG00000198324,22506
17087,TMEM239,ENSG00000198326,32941
17089,HYLS1,ENSG00000198331,20871
17090,MYL4,ENSG00000198336,29306
17092,ZNF442,ENSG00000198342,31348
17093,ZNF813,ENSG00000198346,32633
17094,HOXC4,ENSG00000198353,21823
17095,DCAF12L2,ENSG00000198354,36146
17096,PIM3,ENSG00000198355,35253
17097,GET3,ENSG00000198356,31370
17098,ASPH,ENSG00000198363,15391
17100,SPRED2,ENSG00000198369,4101
17101,WWP2,ENSG00000198373,27682
17103,GFPT1,ENSG00000198380,4146
17104,UVRAG,ENSG00000198382,20303
17105,KRTAP13-1,ENSG00000198390,34043
17106,ZNF26,ENSG00000198393,22893
17107,TMEM207,ENSG00000198398,7716
17108,ITSN2,ENSG00000198399,3680
17109,NTRK1,ENSG00000198400,2215
17110,OGA,ENSG00000198408,18558
17111,MT1F,ENSG00000198417,27457
17112,TCAF1,ENSG00000198420,14514
17113,ZNF69,ENSG00000198429,31335
17114,TXNRD1,ENSG00000198431,22406
17115,NRARP,ENSG00000198435,17500
17116,ZNF583,ENSG00000198440,32774
17117,KRTAP4-1,ENSG00000198443,29082
17119,CCT8L2,ENSG00000198445,34412
17120,ZNF568,ENSG00000198453,31950
17121,LINC02692,ENSG00000198454,17461
17122,ZXDB,ENSG00000198455,35765
17123,CYP21A2,ENSG00000198457,11736
17124,ZNF480,ENSG00000198464,32591
17125,ZNF587,ENSG00000198466,32831
17126,TPM2,ENSG00000198467,16511
17127,RTP2,ENSG00000198471,7695
17129,SH3BGRL2,ENSG00000198478,12231
17130,ZNF808,ENSG00000198482,32601
17131,ANKRD35,ENSG00000198483,1843
17132,B3GNT6,ENSG00000198488,20325
17133,YTHDF2,ENSG00000198492,663
17134,TMA16,ENSG00000198498,9156
17135,HLA-DRB5,ENSG00000198502,11756
17136,ATL1,ENSG00000198513,24216
17137,CNGA1,ENSG00000198515,8283
17138,MAFK,ENSG00000198517,13060
17140,ARMH1,ENSG00000198520,972
17141,ZNF43,ENSG00000198521,31681
17142,GPN1,ENSG00000198522,3756
17143,PLN,ENSG00000198523,12508
17144,C2CD4A,ENSG00000198535,25778
17145,ZNF28,ENSG00000198538,32609
17146,ITGBL1,ENSG00000198542,23537
17147,ZNF511,ENSG00000198546,18891
17148,ZNF627,ENSG00000198551,31324
17149,KCNRG,ENSG00000198553,23241
17150,WDHD1,ENSG00000198554,24280
17151,ZNF789,ENSG00000198556,13926
17153,CTNND1,ENSG00000198561,19726
17154,DDX39B,ENSG00000198563,11683
17155,SLC34A3,ENSG00000198569,17491
17156,RD3,ENSG00000198570,2919
17157,SPANXC,ENSG00000198573,36265
17158,SH2D1B,ENSG00000198574,2361
17159,ARC,ENSG00000198576,16069
17161,NUDT16,ENSG00000198585,7154
17162,TLK1,ENSG00000198586,5145
17163,LRBA,ENSG00000198589,9047
17165,ZNF536,ENSG00000198597,31765
17166,MMP17,ENSG00000198598,22857
17167,OR2M2,ENSG00000198601,3381
17168,BAZ1A,ENSG00000198604,24095
17169,AKR1C4,ENSG00000198610,17582
17170,COPS8,ENSG00000198612,5838
17171,CCDC69,ENSG00000198624,10820
17172,MDM4,ENSG00000198625,2807
17173,RYR2,ENSG00000198626,3258
17174,ZNF534,ENSG00000198633,32597
17175,KLHL9,ENSG00000198642,16357
17176,FAM3D,ENSG00000198643,6636
17177,NCOA6,ENSG00000198646,33330
17178,STK39,ENSG00000198648,5112
17179,TAT,ENSG00000198650,27719
17181,C6orf89,ENSG00000198663,11869
17182,CALM1,ENSG00000198668,24700
17183,LPA,ENSG00000198670,12879
17184,TAFA2,ENSG00000198673,22007
17185,OR10G6,ENSG00000198674,20815
17187,TUSC1,ENSG00000198680,16389
17188,MAGEA1,ENSG00000198681,36357
17189,PAPSS2,ENSG00000198682,18352
17190,LINC01565,ENSG00000198685,7109
17191,SLC9A6,ENSG00000198689,36232
17192,FAN1,ENSG00000198690,25302
17193,ABCA4,ENSG00000198691,1489
17194,EIF1AY,ENSG00000198692,36519
17195,MT-ND6,ENSG00000198695,36570
17196,IPO9,ENSG00000198700,2746
17197,GPX6,ENSG00000198704,11569
17198,CEP290,ENSG00000198707,22233
17199,SSBP3-AS1,ENSG00000198711,1135
17200,MT-CO2,ENSG00000198712,36562
17201,GLMP,ENSG00000198715,2184
17202,TOGARAM1,ENSG00000198718,24172
17203,DLL1,ENSG00000198719,13004
17204,ANKRD13B,ENSG00000198720,28743
17205,ECI2,ENSG00000198721,11256
17206,UNC13B,ENSG00000198722,16498
17208,MT-CYB,ENSG00000198727,36571
17209,LDB1,ENSG00000198728,18563
17210,PPP1R14C,ENSG00000198729,12775
17211,CTR9,ENSG00000198730,19252
17212,SMOC1,ENSG00000198732,24458
17213,F5,ENSG00000198734,2444
17214,MSRB1,ENSG00000198736,26559
17215,LRRTM3,ENSG00000198739,18100
17216,ZNF652,ENSG00000198740,29381
17217,SMURF1,ENSG00000198742,13916
17218,SLC5A3,ENSG00000198743,34122
17219,GPATCH3,ENSG00000198746,610
17221,CDC42BPB,ENSG00000198752,24906
17222,PLXNB3,ENSG00000198753,36375
17223,OXCT2,ENSG00000198754,860
17224,RPL10A,ENSG00000198755,11835
17225,COLGALT2,ENSG00000198756,2611
17226,EPS8L3,ENSG00000198758,1632
17227,EGFL6,ENSG00000198759,35385
17228,MT-ND2,ENSG00000198763,36560
17229,SYCP1,ENSG00000198765,1735
17230,APCDD1L,ENSG00000198768,33689
17231,RCSD1,ENSG00000198771,2416
17232,RASSF9,ENSG00000198774,22224
17233,FAM169A,ENSG00000198780,10017
17234,ZNF830,ENSG00000198783,28864
17235,GRIN3A,ENSG00000198785,16958
17236,MT-ND5,ENSG00000198786,36569
17237,MUC2,ENSG00000198788,18978
17238,CNOT7,ENSG00000198791,14918
17239,TMEM184B,ENSG00000198792,35013
17240,MTOR,ENSG00000198793,268
17241,SCAMP5,ENSG00000198794,26007
17242,ZNF521,ENSG00000198795,30356
17243,ALPK2,ENSG00000198796,30624
17244,BRINP2,ENSG00000198797,2526
17245,MAGEB3,ENSG00000198798,35492
17246,LRIG2,ENSG00000198799,1712
17247,MT-CO1,ENSG00000198804,36561
17248,PNP,ENSG00000198805,23737
17249,PAX9,ENSG00000198807,24123
17250,LRRC10,ENSG00000198812,22102
17251,GK,ENSG00000198814,35497
17252,FOXJ3,ENSG00000198815,911
17253,ZNF358,ENSG00000198816,31159
17254,SFT2D1,ENSG00000198818,12924
17255,CD247,ENSG00000198821,2410
17256,GRM3,ENSG00000198822,13806
17257,CHAMP1,ENSG00000198824,23688
17258,INPP5F,ENSG00000198825,18738
17259,ARHGAP11A,ENSG00000198826,25319
17260,SUCNR1,ENSG00000198829,7364
17261,HMGN2,ENSG00000198830,601
17262,SELENOM,ENSG00000198832,34860
17263,UBE2J1,ENSG00000198833,12304
17264,GJC2,ENSG00000198835,3118
17265,OPA1,ENSG00000198836,7740
17266,DENND4B,ENSG00000198837,2087
17267,RYR3,ENSG00000198838,25327
17268,ZNF277,ENSG00000198839,14116
17269,MT-ND3,ENSG00000198840,36566
17270,KTI12,ENSG00000198841,1082
17272,SELENOT,ENSG00000198843,7342
17273,ARHGEF15,ENSG00000198844,28376
17274,TOX,ENSG00000198846,15371
17275,CES1,ENSG00000198848,27434
17276,CD3E,ENSG00000198851,20705
17277,RUSC2,ENSG00000198853,16499
17279,FICD,ENSG00000198855,22451
17280,OSTC,ENSG00000198856,8756
17281,R3HDM4,ENSG00000198858,30894
17282,TSEN15,ENSG00000198860,2612
17283,LTN1,ENSG00000198862,34014
17284,RUNDC1,ENSG00000198863,29180
17285,CCDC152,ENSG00000198865,9753
17286,STKLD1,ENSG00000198870,17365
17287,GRK5,ENSG00000198873,18732
17288,TYW1,ENSG00000198874,13680
17289,DCAF12,ENSG00000198876,16460
17291,SFMBT2,ENSG00000198879,17622
17292,ASB12,ENSG00000198881,35775
17293,PNMA5,ENSG00000198883,36354
17294,ITPRIPL1,ENSG00000198885,4495
17295,MT-ND4,ENSG00000198886,36568
17296,SMC5,ENSG00000198887,16673
17297,MT-ND1,ENSG00000198888,36559
17298,DCAF12L1,ENSG00000198889,36147
17299,PRMT6,ENSG00000198890,1579
17300,SHISA4,ENSG00000198892,2747
17301,CIPC,ENSG00000198894,24595
17302,CAPZA2,ENSG00000198898,14149
17303,MT-ATP6,ENSG00000198899,36564
17304,TOP1,ENSG00000198900,33434
17305,PRC1,ENSG00000198901,26280
17307,MAP3K3,ENSG00000198909,29614
17308,L1CAM,ENSG00000198910,36380
17309,SREBF2,ENSG00000198911,35108
17310,C1orf174,ENSG00000198912,147
17311,POU3F3,ENSG00000198914,4620
17312,RASGEF1A,ENSG00000198915,17910
17313,SPOUT1,ENSG00000198917,17268
17314,RPL39,ENSG00000198918,36097
17315,DZIP3,ENSG00000198919,6875
17316,KIAA0753,ENSG00000198920,28275
17317,DCLRE1A,ENSG00000198924,18674
17318,ATG9A,ENSG00000198925,5635
17319,NOS1AP,ENSG00000198929,2356
17320,CSAG1,ENSG00000198930,36343
17321,APRT,ENSG00000198931,28025
17322,GPRASP1,ENSG00000198932,35967
17323,TBKBP1,ENSG00000198933,29316
17324,MAGEE1,ENSG00000198934,35875
17325,CCDC167,ENSG00000198937,11881
17326,MT-CO3,ENSG00000198938,36565
17327,ZFP2,ENSG00000198939,11122
17328,SOWAHA,ENSG00000198944,10462
17329,L3MBTL3,ENSG00000198945,12567
17331,DMD,ENSG00000198947,35505
17332,MFAP3L,ENSG00000198948,9200
17333,NAGA,ENSG00000198951,35116
17334,SMG5,ENSG00000198952,2182
17336,TGM2,ENSG00000198959,33400
17337,ARMCX6,ENSG00000198960,35947
17338,PJA2,ENSG00000198961,10270
17339,RORB,ENSG00000198963,16696
17340,SGMS1,ENSG00000198964,18017
17341,OR10R2,ENSG00000198965,2244
17342,OR10Z1,ENSG00000198967,2249
17423,ZNF525,ENSG00000203326,32629
17426,INF2,ENSG00000203485,24951
17428,GP1BB,ENSG00000203618,34499
17430,OR2T5,ENSG00000203661,3394
17431,OR2L2,ENSG00000203663,3377
17432,EFCAB2,ENSG00000203666,3324
17433,COX20,ENSG00000203667,3320
17434,CHML,ENSG00000203668,3288
17435,IBA57-DT,ENSG00000203684,3119
17436,STUM,ENSG00000203685,3090
17439,CAPN8,ENSG00000203697,3048
17440,TATDN3,ENSG00000203705,2952
17441,CR1,ENSG00000203710,2873
17443,RAET1G,ENSG00000203722,12769
17444,C1orf53,ENSG00000203724,2699
17445,SAMD5,ENSG00000203727,12735
17446,TEDDM1,ENSG00000203730,2585
17447,GJE1,ENSG00000203733,12691
17448,ECT2L,ENSG00000203734,12672
17449,GPR52,ENSG00000203737,2506
17451,FCGR3A,ENSG00000203747,2344
17452,TMEM244,ENSG00000203756,12566
17453,OR6K3,ENSG00000203757,2252
17454,CENPW,ENSG00000203760,12549
17455,SPRN,ENSG00000203772,18900
17456,FAM229B,ENSG00000203778,12453
17457,FANK1,ENSG00000203780,18815
17459,PRR9,ENSG00000203783,2055
17460,LELP1,ENSG00000203784,2054
17461,SPRR2E,ENSG00000203785,2050
17462,KPRP,ENSG00000203786,2030
17463,EEF1AKMT2,ENSG00000203791,18796
17464,FAM24A,ENSG00000203795,18771
17465,DDO,ENSG00000203797,12431
17466,ADAMTSL4-AS1,ENSG00000203804,1939
17467,PLPP4,ENSG00000203805,18741
17478,PNLIPRP3,ENSG00000203837,18694
17480,HSD3B1,ENSG00000203857,1789
17481,HSD3B2,ENSG00000203859,1788
17484,RBM20,ENSG00000203867,18645
17485,SMIM9,ENSG00000203870,36425
17487,C6orf163,ENSG00000203872,12285
17488,ADD3-AS1,ENSG00000203876,18637
17489,RIPPLY2,ENSG00000203877,12263
17490,GDI1,ENSG00000203879,36407
17491,PCMTD2,ENSG00000203880,33842
17492,SOX18,ENSG00000203883,33833
17493,LIME1,ENSG00000203896,33818
17495,OOEP,ENSG00000203907,12190
17496,KHDC3L,ENSG00000203908,12189
17497,DPPA5,ENSG00000203909,12188
17498,C1orf146,ENSG00000203910,1470
17499,SPANXN1,ENSG00000203923,36281
17501,SPANXA2,ENSG00000203926,36267
17502,LINC00632,ENSG00000203930,36259
17503,CXorf66,ENSG00000203933,36254
17504,C10orf62,ENSG00000203942,18482
17505,SAMD13,ENSG00000203943,1381
17506,RTL8A,ENSG00000203950,36207
17507,CCDC160,ENSG00000203952,36192
17508,C1orf141,ENSG00000203963,1257
17509,EFCAB7,ENSG00000203965,1228
17510,DEFB110,ENSG00000203970,12067
17511,GLYATL3,ENSG00000203972,12055
17512,LDLRAD1,ENSG00000203985,1127
17513,RHOXF2B,ENSG00000203989,36105
17514,ARRDC1-AS1,ENSG00000203993,17510
17515,ZYG11A,ENSG00000203995,1098
17516,LCN8,ENSG00000204001,17446
17518,C1orf185,ENSG00000204006,1067
17519,GLT6D1,ENSG00000204007,17410
17520,IFIT1B,ENSG00000204010,18375
17521,CT83,ENSG00000204019,36074
17522,LIPN,ENSG00000204020,18361
17523,LIPK,ENSG00000204021,18360
17524,LIPJ,ENSG00000204022,18358
17525,LRIT2,ENSG00000204033,18310
17528,LRRC73,ENSG00000204052,11985
17529,FOXO6,ENSG00000204060,902
17530,TCEAL5,ENSG00000204065,35981
17531,SYS1,ENSG00000204070,33497
17532,TCEAL6,ENSG00000204071,35956
17533,INPP5B,ENSG00000204084,828
17534,RPA4,ENSG00000204086,35922
17535,NEU4,ENSG00000204099,5940
17536,MAFB,ENSG00000204103,33431
17537,TRAF3IP1,ENSG00000204104,5865
17538,CHIC1,ENSG00000204116,35857
17540,GIGYF2,ENSG00000204120,5785
17541,C2orf72,ENSG00000204128,5751
17542,RUFY2,ENSG00000204130,18111
17543,NHSL2,ENSG00000204131,35835
17544,PHACTR4,ENSG00000204138,653
17545,CLPSL1,ENSG00000204140,11844
17546,ASAH2B,ENSG00000204147,18022
17547,AGAP6,ENSG00000204149,18014
17548,TIMM23B,ENSG00000204152,18011
17549,ZDHHC18,ENSG00000204160,606
17550,TMEM273,ENSG00000204161,18000
17551,CXorf65,ENSG00000204165,35818
17553,AGAP9,ENSG00000204172,17976
17554,NPY4R,ENSG00000204174,17961
17555,GPRIN2,ENSG00000204175,17962
17556,SYT15,ENSG00000204176,17963
17557,MACO1,ENSG00000204178,567
17558,PTPN20,ENSG00000204179,17968
17560,ZDBF2,ENSG00000204186,5468
17562,TXNDC8,ENSG00000204193,17015
17563,AWAT1,ENSG00000204195,35804
17564,DAXX,ENSG00000204209,11794
17565,BMPR2,ENSG00000204217,5439
17566,TCEA3,ENSG00000204219,517
17567,PFDN6,ENSG00000204220,11790
17568,RING1,ENSG00000204227,11783
17569,HSD17B8,ENSG00000204228,11782
17570,RXRB,ENSG00000204231,11780
17571,OXLD1,ENSG00000204237,29984
17572,OR13C3,ENSG00000204246,16970
17573,COL11A2,ENSG00000204248,11779
17574,HLA-DOA,ENSG00000204252,11775
17575,BRD2,ENSG00000204256,11772
17576,HLA-DMA,ENSG00000204257,11771
17577,COL5A2,ENSG00000204262,5305
17578,PSMB8,ENSG00000204264,11766
17579,TAP2,ENSG00000204267,11765
17580,SPIN3,ENSG00000204271,35758
17581,NBDY,ENSG00000204272,35757
17582,TMEM235,ENSG00000204278,29891
17583,PAGE3,ENSG00000204279,35748
17584,LINC01973,ENSG00000204283,29881
17585,HLA-DRA,ENSG00000204287,11755
17586,BTNL2,ENSG00000204290,11754
17587,COL15A1,ENSG00000204291,16930
17589,TSBP1,ENSG00000204296,11753
17590,TMEM225,ENSG00000204300,20810
17591,NOTCH4,ENSG00000204301,11751
17592,PBX2,ENSG00000204304,11749
17593,AGER,ENSG00000204305,11747
17595,RNF5,ENSG00000204308,11746
17596,AGPAT1,ENSG00000204310,11745
17597,PJVK,ENSG00000204311,5235
17598,PRRT1,ENSG00000204314,11741
17599,FKBPL,ENSG00000204315,11740
17600,MRPL38,ENSG00000204316,29821
17601,SMIM5,ENSG00000204323,29805
17602,ERICH2,ENSG00000204334,5139
17603,SP5,ENSG00000204335,5137
17604,STK19,ENSG00000204344,11731
17605,CD300LD,ENSG00000204345,29759
17606,BTBD17,ENSG00000204347,29753
17607,DXO,ENSG00000204348,11730
17610,NELFE,ENSG00000204356,11728
17611,NXPE2,ENSG00000204361,20652
17612,SPANXN5,ENSG00000204363,35713
17614,ZBTB12,ENSG00000204366,11725
17615,SDHD,ENSG00000204370,20610
17616,EHMT2,ENSG00000204371,11723
17619,XAGE1A,ENSG00000204379,35708
17620,LAYN,ENSG00000204381,20593
17621,XAGE1B,ENSG00000204382,35709
17622,SLC44A4,ENSG00000204385,11721
17623,NEU1,ENSG00000204386,11720
17624,SNHG32,ENSG00000204387,11719
17625,HSPA1B,ENSG00000204388,11718
17626,HSPA1A,ENSG00000204389,11717
17627,HSPA1L,ENSG00000204390,11716
17628,LSM2,ENSG00000204392,11715
17629,NOL4L-DT,ENSG00000204393,33281
17631,VWA7,ENSG00000204396,11713
17632,CARD16,ENSG00000204397,20537
17635,MBD5,ENSG00000204406,4978
17636,MSH5,ENSG00000204410,11710
17637,CSHL1,ENSG00000204414,29625
17638,MPIG6B,ENSG00000204420,11706
17639,LY6G6C,ENSG00000204421,11707
17641,LY6G6F,ENSG00000204424,11703
17642,ABHD16A,ENSG00000204427,11702
17643,LY6G5C,ENSG00000204428,11701
17644,CSNK2B,ENSG00000204435,11699
17645,GPANK1,ENSG00000204438,11698
17646,C6orf47,ENSG00000204439,11696
17648,APOM,ENSG00000204444,11695
17650,TRIM49C,ENSG00000204449,20431
17651,BAG6,ENSG00000204463,11694
17653,PRRC2A,ENSG00000204469,11693
17654,AIF1,ENSG00000204472,11692
17655,NCR3,ENSG00000204475,11691
17656,PRAMEF20,ENSG00000204478,333
17657,PRAMEF17,ENSG00000204479,332
17658,PRAMEF19,ENSG00000204480,331
17659,PRAMEF14,ENSG00000204481,330
17660,LST1,ENSG00000204482,11690
17664,NFKBIL1,ENSG00000204498,11686
17665,PRAMEF15,ENSG00000204501,328
17669,PRAMEF7,ENSG00000204510,313
17670,MCCD1,ENSG00000204511,11682
17672,ZNF814,ENSG00000204514,32830
17673,MICB,ENSG00000204516,11681
17674,AADACL4,ENSG00000204518,302
17675,ZNF551,ENSG00000204519,32823
17676,MICA,ENSG00000204520,11677
17677,ZNF805,ENSG00000204524,32795
17678,HLA-C,ENSG00000204525,11672
17679,POU5F1,ENSG00000204531,11667
17680,ZSCAN5C,ENSG00000204532,32762
17682,CCHCR1,ENSG00000204536,11665
17683,PSORS1C2,ENSG00000204538,11664
17684,CDSN,ENSG00000204539,11663
17685,PSORS1C1,ENSG00000204540,11662
17686,C6orf15,ENSG00000204542,11661
17687,MUC21,ENSG00000204544,11658
17688,DEFB121,ENSG00000204548,33241
17689,DHX16,ENSG00000204560,11638
17690,C6orf136,ENSG00000204564,11637
17692,MRPS18B,ENSG00000204568,11635
17693,PPP1R10,ENSG00000204569,11634
17694,KRTAP5-11,ENSG00000204571,20198
17695,KRTAP5-10,ENSG00000204572,20197
17696,ABCF1,ENSG00000204574,11633
17697,PRR3,ENSG00000204576,11632
17698,LILRB3,ENSG00000204577,32661
17699,DDR1,ENSG00000204580,11652
17700,GNL1,ENSG00000204590,11631
17701,HLA-E,ENSG00000204592,11629
17702,DPRX,ENSG00000204595,32635
17703,TRIM39,ENSG00000204599,11626
17704,ZNF468,ENSG00000204604,32610
17705,TRIM15,ENSG00000204610,11622
17706,ZNF616,ENSG00000204611,32583
17707,FOXB2,ENSG00000204612,16712
17708,TRIM10,ENSG00000204613,11621
17709,TRIM40,ENSG00000204614,11620
17710,TRIM31,ENSG00000204616,11618
17711,RNF39,ENSG00000204618,11617
17712,PPP1R11,ENSG00000204619,11616
17714,DISP3,ENSG00000204624,273
17715,RACK1,ENSG00000204628,11179
17716,HLA-G,ENSG00000204632,11611
17717,TBC1D8,ENSG00000204634,4574
17718,NMS,ENSG00000204640,4562
17719,HLA-F,ENSG00000204642,11607
17720,ZFP57,ENSG00000204644,11606
17722,ASPDH,ENSG00000204653,32498
17723,MOG,ENSG00000204655,11605
17724,OR2H2,ENSG00000204657,11604
17725,CBY3,ENSG00000204659,11139
17726,C5orf60,ENSG00000204661,11137
17727,C9orf57,ENSG00000204669,16682
17728,IL31,ENSG00000204671,22699
17729,AKT1S1,ENSG00000204673,32471
17730,FAM153CP,ENSG00000204677,11107
17731,GABBR1,ENSG00000204681,11603
17732,MIR1915HG,ENSG00000204682,17749
17734,MAS1L,ENSG00000204687,11598
17735,OR2H1,ENSG00000204688,11597
17736,OR11A1,ENSG00000204694,11595
17737,OR14J1,ENSG00000204695,11591
17738,OR2J2,ENSG00000204700,11590
17739,OR2J3,ENSG00000204701,11587
17740,OR2J1,ENSG00000204702,11586
17741,OR2B3,ENSG00000204703,11585
17742,OR2W1,ENSG00000204704,11584
17743,LINC01556,ENSG00000204709,11579
17744,SPDYC,ENSG00000204710,19988
17746,TRIM27,ENSG00000204713,11578
17747,MALRD1,ENSG00000204740,17738
17749,RANBP17,ENSG00000204764,10981
17750,INSYN2B,ENSG00000204767,10967
17752,FOXD4L5,ENSG00000204779,16627
17759,MRPL53,ENSG00000204822,4239
17760,MROH6,ENSG00000204839,16110
17761,ATXN2,ENSG00000204842,22509
17762,DCTN1,ENSG00000204843,4229
17764,SPATA31A1,ENSG00000204849,16568
17766,PNMA8B,ENSG00000204851,32310
17767,TCTN1,ENSG00000204852,22497
17768,FAM216A,ENSG00000204856,22493
17769,ZBTB48,ENSG00000204859,186
17770,IGFL2,ENSG00000204866,32295
17771,IGFL4,ENSG00000204869,32292
17772,KRTAP9-3,ENSG00000204873,29085
17774,KRTAP4-8,ENSG00000204880,29072
17775,GPR20,ENSG00000204882,16056
17776,KRTAP1-4,ENSG00000204887,29063
17777,KRT40,ENSG00000204889,29058
17778,KRT25,ENSG00000204897,29045
17779,MZT1,ENSG00000204899,23342
17780,LINC01545,ENSG00000204904,35590
17781,SPINK9,ENSG00000204909,10765
17782,LRRC3C,ENSG00000204913,29018
17783,PRR20B,ENSG00000204918,23292
17784,ZNF155,ENSG00000204920,32203
17785,UQCC3,ENSG00000204922,19875
17786,FBXO48,ENSG00000204923,4135
17787,GRXCR2,ENSG00000204928,10730
17788,FAM221B,ENSG00000204930,16523
17789,PSG5,ENSG00000204941,32170
17790,ZNF783,ENSG00000204946,14554
17791,ZNF425,ENSG00000204947,14550
17792,LRRC10B,ENSG00000204950,19830
17793,FBXO47,ENSG00000204952,28988
17795,PCDHGA1,ENSG00000204956,10664
17797,BLACE,ENSG00000204960,14653
17798,PCDHA9,ENSG00000204961,10624
17799,PCDHA8,ENSG00000204962,10623
17800,PCDHA7,ENSG00000204963,10622
17801,PCDHA5,ENSG00000204965,10620
17802,PCDHA4,ENSG00000204967,10619
17803,PCDHA2,ENSG00000204969,10617
17804,PCDHA1,ENSG00000204970,10616
17805,TRIM13,ENSG00000204977,23240
17806,ERICH4,ENSG00000204978,32118
17807,MS4A13,ENSG00000204979,19795
17808,PRSS1,ENSG00000204983,14464
17809,SPIRE2,ENSG00000204991,28065
17810,AARD,ENSG00000205002,15859
17814,PABPN1L,ENSG00000205022,28028
17815,OR5D16,ENSG00000205029,19668
17816,OR5L2,ENSG00000205030,19667
17817,PKHD1L1,ENSG00000205038,15830
17818,SLFN12L,ENSG00000205045,28883
17821,SLC35B4,ENSG00000205060,14310
17822,LGALS7,ENSG00000205076,32011
17823,SYCE1L,ENSG00000205078,27807
17825,TMEM231,ENSG00000205084,27788
17828,CCNI2,ENSG00000205089,10460
17829,TMEM240,ENSG00000205090,72
17830,FRG2,ENSG00000205097,9374
17831,LINC02716,ENSG00000205106,19573
17833,CDKL4,ENSG00000205111,3879
17834,TMEM88B,ENSG00000205116,66
17835,ACCSL,ENSG00000205126,19542
17837,TRIQK,ENSG00000205133,15657
17838,SDHAF1,ENSG00000205138,31911
17839,ARID3C,ENSG00000205143,16474
17842,PSENEN,ENSG00000205155,31893
17845,C11orf91,ENSG00000205177,19466
17846,FABP9,ENSG00000205186,15570
17847,ZBTB10,ENSG00000205189,15556
17848,C4orf46,ENSG00000205208,9137
17849,SCGB2B2,ENSG00000205209,31829
17850,CCDC144NL,ENSG00000205212,28627
17851,LGR4,ENSG00000205213,19410
17852,PSMB10,ENSG00000205220,27627
17853,VIT,ENSG00000205221,3836
17855,SPDYE2,ENSG00000205238,14033
17857,E2F4,ENSG00000205250,27586
17858,PDE7A,ENSG00000205268,15429
17859,TMEM170B,ENSG00000205269,11339
17860,MUC12,ENSG00000205277,14000
17861,CTXN3,ENSG00000205279,10413
17864,MGAT4D,ENSG00000205301,8967
17865,SNX2,ENSG00000205302,10372
17866,SAP25,ENSG00000205307,13978
17867,NT5M,ENSG00000205309,28532
17869,SARNP,ENSG00000205323,21882
17870,OR6C68,ENSG00000205327,21870
17871,OR6C65,ENSG00000205328,21865
17872,OR6C3,ENSG00000205329,21863
17873,OR6C1,ENSG00000205330,21862
17874,LINC01460,ENSG00000205334,3759
17875,ADGRG1,ENSG00000205336,27488
17876,IPO7,ENSG00000205339,19232
17877,PRR13,ENSG00000205352,21796
17878,TECPR1,ENSG00000205356,13908
17879,MT1H,ENSG00000205358,27459
17880,SLCO6A1,ENSG00000205359,10241
17881,MT1A,ENSG00000205362,27455
17882,INSYN1,ENSG00000205363,25964
17883,MT1M,ENSG00000205364,27454
17884,CFI,ENSG00000205403,8767
17885,OR52E6,ENSG00000205409,19136
17886,SAMD9,ENSG00000205413,13866
17887,KRT6A,ENSG00000205420,21756
17888,CNEP1R1,ENSG00000205423,27344
17889,KRT81,ENSG00000205426,21744
17890,EXOC3L4,ENSG00000205436,24910
17891,KRTAP12-3,ENSG00000205439,34332
17893,IZUMO3,ENSG00000205442,16386
17894,KRTAP10-2,ENSG00000205445,34321
17895,TP53TG3D,ENSG00000205456,27242
17896,TP53TG3C,ENSG00000205457,27263
17897,ATP6AP1L,ENSG00000205464,10097
17898,CCDC85C,ENSG00000205476,24837
17899,OR52J3,ENSG00000205495,19100
17900,OR51A2,ENSG00000205496,19098
17901,OR51A4,ENSG00000205497,19097
17902,C2CD4B,ENSG00000205502,25779
17903,RGL3,ENSG00000205517,31316
17904,NAP1L4,ENSG00000205531,19041
17905,TMSB4X,ENSG00000205542,35378
17906,TMEM256,ENSG00000205544,28318
17908,CPT1B,ENSG00000205560,35288
17909,SMN2,ENSG00000205571,9964
17910,SERF1B,ENSG00000205572,9963
17911,HMGN1,ENSG00000205581,34205
17912,MUC19,ENSG00000205592,21532
17913,DENND6B,ENSG00000205593,35271
17915,EIF3CL,ENSG00000205609,27061
17916,LCMT1,ENSG00000205629,27026
17917,MFSD2B,ENSG00000205639,3670
17918,VCX3B,ENSG00000205642,35349
17919,CDPF1,ENSG00000205643,35203
17920,HTN3,ENSG00000205649,8431
17921,LIN52,ENSG00000205659,24528
17923,ARSH,ENSG00000205667,35331
17924,ACOT6,ENSG00000205669,24511
17926,TECRL,ENSG00000205678,8391
17927,DPF3,ENSG00000205683,24490
17928,MANSC4,ENSG00000205693,21443
17929,ETFRF1,ENSG00000205707,21400
17930,C17orf107,ENSG00000205710,28230
17931,MBD3L4,ENSG00000205718,31149
17932,ITSN1,ENSG00000205726,34117
17933,ITPRIPL2,ENSG00000205730,26912
17935,DENND1C,ENSG00000205744,31130
17937,SLCO1B7,ENSG00000205754,21358
17938,CRLF2,ENSG00000205755,35308
17939,CRYZL1,ENSG00000205758,34116
17942,GAGE1,ENSG00000205777,35676
17943,ARRDC5,ENSG00000205784,31084
17944,LOH12CR2,ENSG00000205791,21273
17945,CYS1,ENSG00000205795,3540
17946,PLPP6,ENSG00000205808,16239
17947,KLRC2,ENSG00000205809,21234
17948,KLRC3,ENSG00000205810,21233
17950,C16orf96,ENSG00000205832,26707
17951,GMNC,ENSG00000205835,7720
17952,TTC23L,ENSG00000205838,9677
17953,CLEC6A,ENSG00000205846,21175
17955,RFPL3S,ENSG00000205853,34894
17956,C22orf42,ENSG00000205856,34884
17957,NANOGNB,ENSG00000205857,21154
17958,LRRC72,ENSG00000205858,13197
17959,C1QTNF9B,ENSG00000205863,22963
17960,KRTAP5-6,ENSG00000205864,19001
17961,KRTAP5-2,ENSG00000205867,18993
17962,KRTAP5-1,ENSG00000205869,18992
17963,DEFB134,ENSG00000205882,14881
17964,DEFB135,ENSG00000205883,14880
17965,DEFB136,ENSG00000205884,14879
17966,BHLHA9,ENSG00000205899,28111
17967,DAZ4,ENSG00000205916,36552
17968,ONECUT3,ENSG00000205922,30942
17969,CEMP1,ENSG00000205923,26609
17970,OLIG2,ENSG00000205927,34099
17971,C21orf62,ENSG00000205929,34095
17972,C21orf62-AS1,ENSG00000205930,34094
17973,RNPS1,ENSG00000205937,26595
17974,DAZ2,ENSG00000205944,36544
17976,NYNRIN,ENSG00000205978,24015
17977,DNAJC19,ENSG00000205981,7589
17978,IFITM5,ENSG00000206013,18922
17979,SMIM21,ENSG00000206026,30773
17980,C18orf63,ENSG00000206043,30756
17982,DEFA1,ENSG00000206047,14770
17983,DOK6,ENSG00000206052,30723
17984,JPT2,ENSG00000206053,26541
17986,SERPINB4,ENSG00000206073,30682
17987,SERPINB5,ENSG00000206075,30678
17988,ZDHHC11B,ENSG00000206077,9395
17989,KRTAP19-8,ENSG00000206102,34069
17990,KRTAP20-3,ENSG00000206104,34062
17991,KRTAP20-4,ENSG00000206105,34060
17992,KRTAP22-2,ENSG00000206106,34054
17993,KRTAP27-1,ENSG00000206107,34040
17994,CFAP99,ENSG00000206113,7910
17995,GOLGA8O,ENSG00000206127,25313
17996,RNASE13,ENSG00000206150,23767
17997,HBA1,ENSG00000206172,26442
17998,HBM,ENSG00000206177,26440
17999,ELOA2,ENSG00000206181,30517
18000,ATP10A,ENSG00000206190,25244
18001,ANKUB1,ENSG00000206199,7329
18002,TSSK2,ENSG00000206203,34479
18003,PRR23A,ENSG00000206260,7221
18004,FOXL2NB,ENSG00000206262,7220
18005,ZBTB22,ENSG00000206280,11793
18006,TAPBP,ENSG00000206281,11792
18007,RGL2,ENSG00000206282,11791
18008,PFDN6,ENSG00000206283,11790
18009,WDR46,ENSG00000206284,11789
18010,B3GALT4,ENSG00000206285,11788
18011,RING1,ENSG00000206287,11783
18012,SLC39A7,ENSG00000206288,11781
18013,RXRB,ENSG00000206289,11780
18014,C4A,ENSG00000206340,11732
18015,HCG27,ENSG00000206344,11670
18016,ZBTB12,ENSG00000206366,11725
18017,SNHG32,ENSG00000206380,11719
18018,HSPA1L,ENSG00000206383,11716
18019,COL6A6,ENSG00000206384,7145
18020,RAB12,ENSG00000206418,30181
18021,LRRC30,ENSG00000206422,30170
18022,TMEM200C,ENSG00000206432,30152
18023,HLA-C,ENSG00000206435,11672
18024,CCHCR1,ENSG00000206457,11665
18025,PSORS1C1,ENSG00000206458,11662
18026,PSORS1C2,ENSG00000206459,11664
18027,CDSN,ENSG00000206460,11663
18028,C6orf15,ENSG00000206461,11661
18029,SFTA2,ENSG00000206465,11655
18030,OR10C1,ENSG00000206474,11596
18031,VARS2,ENSG00000206476,11654
18033,NRM,ENSG00000206484,11640
18034,HLA-A,ENSG00000206503,11613
18035,GABBR1,ENSG00000206511,11603
18036,OR2H2,ENSG00000206512,11604
18037,UBD,ENSG00000206513,11602
18038,LINC01556,ENSG00000206526,11579
18039,HACD2,ENSG00000206527,7035
18040,CFAP44,ENSG00000206530,6924
18041,CD200R1L,ENSG00000206531,6914
18043,LNP1,ENSG00000206535,6832
18044,OR5K3,ENSG00000206536,6808
18045,VGLL3,ENSG00000206538,6769
18047,TRIM71,ENSG00000206557,6211
18048,ZCWPW2,ENSG00000206559,6188
18049,ANKRD28,ENSG00000206560,6118
18050,COLQ,ENSG00000206561,6114
18051,METTL6,ENSG00000206562,6111
18052,XKR4,ENSG00000206579,15330
18367,GPX3,ENSG00000211445,10816
18368,DIO2,ENSG00000211448,24626
18369,SELENOH,ENSG00000211450,19724
18370,DIO1,ENSG00000211452,1124
18371,STK38L,ENSG00000211455,21432
18372,SACM1L,ENSG00000211456,6365
18373,TSN,ENSG00000211460,4806
18410,SLC48A1,ENSG00000211584,21598
18460,TSSK1B,ENSG00000212122,10303
18461,PRR22,ENSG00000212123,31099
18462,TAS2R19,ENSG00000212124,21253
18463,TAS2R50,ENSG00000212126,21251
18464,TAS2R14,ENSG00000212127,21250
18465,TAS2R13,ENSG00000212128,21248
18467,KRTAP16-1,ENSG00000212657,29092
18468,KRTAP29-1,ENSG00000212658,29091
18469,KRTAP9-6,ENSG00000212659,29089
18472,CTAGE1,ENSG00000212710,30323
18473,LINC02693,ENSG00000212719,28640
18474,KRTAP4-11,ENSG00000212721,29075
18475,KRTAP4-9,ENSG00000212722,29074
18476,KRTAP2-3,ENSG00000212724,29068
18477,KRTAP2-1,ENSG00000212725,29066
18479,LINC02656,ENSG00000212743,17613
18480,RTL8B,ENSG00000212747,36204
18482,OR2A42,ENSG00000212807,14526
18483,RNF208,ENSG00000212864,17488
18484,HSPA1B,ENSG00000212866,11718
18486,KRTAP3-3,ENSG00000212899,29059
18487,KRTAP3-2,ENSG00000212900,29060
18488,KRTAP3-1,ENSG00000212901,29061
18489,MT-ND4L,ENSG00000212907,36567
18490,MAP10,ENSG00000212916,3192
18492,KRTAP12-4,ENSG00000212933,34331
18493,KRTAP10-3,ENSG00000212935,34322
18494,KRTAP6-3,ENSG00000212938,34055
18496,POU5F1B,ENSG00000212993,15963
18501,ZNF580,ENSG00000213015,32741
18502,ZNF611,ENSG00000213020,32607
18503,KLK9,ENSG00000213022,32522
18504,SYT3,ENSG00000213023,32501
18505,NUP62,ENSG00000213024,32474
18507,CGB8,ENSG00000213030,32419
18508,DENND1B,ENSG00000213047,2697
18509,C1orf220,ENSG00000213057,2536
18510,SFT2D2,ENSG00000213064,2424
18513,SCAF8,ENSG00000213079,12812
18514,CFAP45,ENSG00000213085,2277
18515,ACKR1,ENSG00000213088,2262
18516,ZNF254,ENSG00000213096,31720
18520,CRYGS,ENSG00000213139,7671
18521,CRIP1,ENSG00000213145,24981
18522,KLHL23,ENSG00000213160,5128
18523,LINGO4,ENSG00000213171,1996
18524,FAM24B,ENSG00000213185,18770
18525,TRIM59,ENSG00000213186,7447
18526,MLLT11,ENSG00000213190,1958
18527,ASIC3,ENSG00000213199,14597
18528,GIMAP1,ENSG00000213203,14587
18530,CCDC183,ENSG00000213213,17449
18531,ARHGEF35,ENSG00000213214,14524
18532,OR2F1,ENSG00000213215,14516
18533,CSH2,ENSG00000213218,29622
18534,DNLZ,ENSG00000213221,17427
18535,TCL1B,ENSG00000213231,24790
18537,SUPT4H1,ENSG00000213246,29527
18538,TSGA13,ENSG00000213265,14285
18539,NRAS,ENSG00000213281,1732
18541,LTC4S,ENSG00000213316,11142
18542,ANKRD39,ENSG00000213337,4507
18543,QTRT1,ENSG00000213339,31290
18544,CHUK,ENSG00000213341,18516
18545,MXD3,ENSG00000213347,11078
18546,GSTM2,ENSG00000213366,1626
18547,COG8,ENSG00000213380,27668
18548,ARHGAP19,ENSG00000213390,18469
18549,HAUS7,ENSG00000213397,36365
18550,LCAT,ENSG00000213398,27628
18551,MAGEA12,ENSG00000213401,36344
18552,PTPRCAP,ENSG00000213402,20105
18553,PVRIG,ENSG00000213413,13962
18554,KRTAP4-12,ENSG00000213416,29076
18555,KRTAP2-4,ENSG00000213417,29069
18556,GPC2,ENSG00000213420,13959
18557,KRT222,ENSG00000213424,29043
18558,SIPA1,ENSG00000213445,20014
18559,ERV3-1,ENSG00000213462,13660
18560,SYNJ2BP,ENSG00000213463,24463
18561,ARL2,ENSG00000213465,19973
18564,GBP7,ENSG00000213512,1435
18565,RBMXL1,ENSG00000213516,1430
18566,SRA1,ENSG00000213523,10602
18567,STIMATE,ENSG00000213533,6568
18568,DNAJC9,ENSG00000213551,18187
18569,C8orf82,ENSG00000213563,16179
18570,CPLX3,ENSG00000213578,26000
18571,VDAC1,ENSG00000213585,10482
18572,ZBTB9,ENSG00000213588,11801
18573,TMX2,ENSG00000213593,19723
18574,HEXA,ENSG00000213614,25940
18575,NDUFS3,ENSG00000213619,19622
18576,LEPROT,ENSG00000213625,1243
18577,LBH,ENSG00000213626,3787
18578,ADAT3,ENSG00000213638,30954
18579,PPP1CB,ENSG00000213639,3772
18580,SULT1A4,ENSG00000213648,27101
18581,GPSM3,ENSG00000213654,11750
18582,LAT,ENSG00000213658,27091
18583,NCKIPSD,ENSG00000213672,6429
18584,ATF6B,ENSG00000213676,11739
18585,TREX1,ENSG00000213689,6418
18586,S1PR3,ENSG00000213694,16793
18587,SLC35F6,ENSG00000213699,3713
18588,FAM209B,ENSG00000213714,33659
18589,CLIC1,ENSG00000213719,11709
18590,DDAH2,ENSG00000213722,11708
18591,RPS29,ENSG00000213741,24191
18592,UGT2B11,ENSG00000213759,8421
18593,ATP6V1G2,ENSG00000213760,11685
18594,ZNF134,ENSG00000213762,32819
18595,GTF2H4,ENSG00000213780,11653
18596,DDX47,ENSG00000213782,21285
18597,ZNF845,ENSG00000213799,32628
18598,KLRK1,ENSG00000213809,21231
18599,CEACAM18,ENSG00000213822,32554
18601,EMP2,ENSG00000213853,26778
18602,KCTD11,ENSG00000213859,28313
18604,UBD,ENSG00000213886,11602
18605,LINC01521,ENSG00000213888,34869
18606,PPM1N,ENSG00000213889,32265
18607,CEACAM16,ENSG00000213892,32231
18608,SLC23A3,ENSG00000213901,5629
18609,LTB4R,ENSG00000213903,24011
18610,LTB4R2,ENSG00000213906,24010
18611,DNASE1,ENSG00000213918,26682
18612,MDP1,ENSG00000213920,23999
18613,LEUTX,ENSG00000213921,32059
18615,CSNK1E,ENSG00000213923,35015
18616,CCL27,ENSG00000213927,16478
18617,IRF9,ENSG00000213928,23990
18618,GALT,ENSG00000213930,16476
18619,HBE1,ENSG00000213931,19113
18620,HBG1,ENSG00000213934,19110
18621,CLDN9,ENSG00000213937,26642
18622,ITGA1,ENSG00000213949,9807
18624,NUDT19,ENSG00000213965,31792
18625,ZNF726,ENSG00000213967,31716
18626,ZNF99,ENSG00000213973,31698
18627,TAX1BP3,ENSG00000213977,28186
18628,AP1G2,ENSG00000213983,23967
18629,ZNF90,ENSG00000213988,31656
18630,NAXD,ENSG00000213995,23611
18631,TM6SF2,ENSG00000213996,31631
18632,MEF2B,ENSG00000213999,31625
18633,GANC,ENSG00000214013,25484
18634,TTLL3,ENSG00000214021,6025
18635,REPIN1,ENSG00000214022,14577
18636,MRPL23,ENSG00000214026,19015
18637,ZNF891,ENSG00000214029,22897
18638,IFNA7,ENSG00000214042,16351
18639,SMIM7,ENSG00000214046,31520
18640,FBXO16,ENSG00000214050,15078
18641,TSPAN4,ENSG00000214063,18972
18642,CPNE1,ENSG00000214078,33354
18643,ARL16,ENSG00000214087,29986
18644,SMCO1,ENSG00000214097,7804
18645,WEE2,ENSG00000214102,14389
18646,PAXIP1-AS2,ENSG00000214106,14640
18647,MAGEB1,ENSG00000214107,35494
18649,LYRM4,ENSG00000214113,11274
18650,MYCBP,ENSG00000214114,842
18651,TMEM213,ENSG00000214128,14352
18652,PRCD,ENSG00000214140,29843
18653,ALG3,ENSG00000214160,7633
18655,ST7-OT4,ENSG00000214188,14152
18657,SH3D21,ENSG00000214193,797
18658,SMIM30,ENSG00000214194,14126
18659,C19orf38,ENSG00000214212,31293
18661,IQCJ,ENSG00000214216,7437
18662,C17orf67,ENSG00000214226,29485
18663,MINDY4B,ENSG00000214237,7349
18666,FIS1,ENSG00000214253,14012
18668,ANG,ENSG00000214274,23745
18669,SCART1,ENSG00000214279,18901
18670,NPS,ENSG00000214285,18826
18672,SPDYE3,ENSG00000214300,13963
18675,MBLAC1,ENSG00000214309,13954
18680,NEURL1B,ENSG00000214357,10996
18681,EFCAB9,ENSG00000214360,10991
18682,HAUS3,ENSG00000214367,7905
18683,VSTM5,ENSG00000214376,20454
18684,LCNL1,ENSG00000214402,17463
18685,BBIP1,ENSG00000214413,18649
18686,TRIM77,ENSG00000214414,20424
18687,GNAT3,ENSG00000214415,13792
18688,AS3MT,ENSG00000214435,18587
18689,FAM187A,ENSG00000214447,29249
18690,PLIN5,ENSG00000214456,31068
18692,SEC14L6,ENSG00000214491,34844
18693,SPINK13,ENSG00000214510,10763
18694,HIGD1C,ENSG00000214511,21705
18695,NOTO,ENSG00000214513,4198
18696,PPME1,ENSG00000214517,20263
18697,KRTAP2-2,ENSG00000214518,29067
18698,STARD10,ENSG00000214530,20235
18700,NUTM2D,ENSG00000214562,18345
18701,CPEB1,ENSG00000214575,26145
18702,EML6,ENSG00000214595,4007
18704,DEFB113,ENSG00000214642,12066
18705,DEFB133,ENSG00000214643,12064
18708,ZSWIM8,ENSG00000214655,18208
18709,IQCF5,ENSG00000214681,6526
18710,IQCF6,ENSG00000214686,6522
18711,C10orf105,ENSG00000214688,18161
18712,ARHGEF33,ENSG00000214694,3875
18713,C12orf71,ENSG00000214700,21430
18714,IFRD2,ENSG00000214706,6493
18716,CAPN14,ENSG00000214711,3795
18717,ZBED1,ENSG00000214717,35322
18719,TOMM6,ENSG00000214736,11932
18720,HNRNPUL2,ENSG00000214753,19880
18721,CSKMT,ENSG00000214756,19874
18722,MS4A18,ENSG00000214782,19797
18723,MS4A4E,ENSG00000214787,19788
18725,FER1L6,ENSG00000214814,15920
18726,CDRT15L2,ENSG00000214819,28624
18727,MTCP1,ENSG00000214827,36431
18729,RAD51AP2,ENSG00000214842,3609
18731,EVPLL,ENSG00000214860,28561
18732,DCDC2C,ENSG00000214866,3474
18734,SMTNL1,ENSG00000214872,19715
18735,TRIM64C,ENSG00000214891,19643
18736,LINC01588,ENSG00000214900,24206
18739,SPATA31D1,ENSG00000214929,16734
18740,NPIPA8,ENSG00000214940,26895
18741,ZSWIM7,ENSG00000214941,28495
18742,ARHGEF28,ENSG00000214944,10005
18743,TBC1D26,ENSG00000214946,28488
18744,LRRC69,ENSG00000214954,15643
18745,CRPPA,ENSG00000214960,13193
18746,NPIPA7,ENSG00000214967,26883
18747,GSG1L2,ENSG00000214978,28408
18749,ACSM4,ENSG00000215009,21147
18750,RTL10,ENSG00000215012,34502
18752,COL28A1,ENSG00000215018,13144
18754,PHB2,ENSG00000215021,21134
18755,TCP11X2,ENSG00000215029,35962
18757,NEURL4,ENSG00000215041,28311
18758,GRID2IP,ENSG00000215045,13131
18762,UBXN2B,ENSG00000215114,15367
18764,C16orf90,ENSG00000215131,26676
18765,NLRP2B,ENSG00000215174,35766
18766,MUC5AC,ENSG00000215182,18979
18767,MSMP,ENSG00000215183,16516
18768,GOLGA6B,ENSG00000215186,25949
18770,PEX26,ENSG00000215193,34450
18771,GRXCR1,ENSG00000215203,8251
18773,UBE2QL1,ENSG00000215218,9469
18774,FASTKD5,ENSG00000215251,32951
18775,GOLGA8B,ENSG00000215252,25345
18776,KCNU1,ENSG00000215262,15154
18777,GAGE12G,ENSG00000215269,35674
18779,GAGE10,ENSG00000215274,35665
18780,RNF212B,ENSG00000215277,23948
18781,DDX3X,ENSG00000215301,35555
18782,VPS16,ENSG00000215305,32943
18784,HSPA1A,ENSG00000215328,11717
18785,ZNF705D,ENSG00000215343,14883
18787,ZNF705B,ENSG00000215356,14805
18788,ZNF705G,ENSG00000215372,14777
18789,MYL5,ENSG00000215375,7860
18790,SCRT2,ENSG00000215397,32899
18792,ZNF407,ENSG00000215421,30765
18794,NPEPL1,ENSG00000215440,33694
18795,KRTAP10-4,ENSG00000215454,34323
18796,KRTAP10-1,ENSG00000215455,34320
18799,SKOR2,ENSG00000215474,30522
18800,SIAH3,ENSG00000215475,23190
18802,DDR1,ENSG00000215522,11652
18804,EFCAB8,ENSG00000215529,33289
18805,DEFB116,ENSG00000215545,33238
18806,DEFB115,ENSG00000215547,33237
18808,GAB4,ENSG00000215568,34426
18809,C20orf202,ENSG00000215595,32907
18810,HMX1,ENSG00000215612,7999
18815,GCGR,ENSG00000215644,29992
18817,RSC1A1,ENSG00000215695,360
18820,CELA2B,ENSG00000215704,353
18821,TMEM242,ENSG00000215712,12827
18822,TMEM167B,ENSG00000215717,1604
18827,FAM72D,ENSG00000215784,1830
18828,TNFRSF25,ENSG00000215788,182
18829,SLC35E2A,ENSG00000215790,84
18830,TSTD1,ENSG00000215845,2314
18831,RPTN,ENSG00000215853,2010
18832,CYB5RL,ENSG00000215883,1132
18834,LACTBL1,ENSG00000215906,505
18835,C1orf167,ENSG00000215910,283
18836,TTC34,ENSG00000215912,118
18837,ATAD3C,ENSG00000215915,69
18941,IFI30,ENSG00000216490,31584
18942,LINC00955,ENSG00000216560,7931
18943,IGSF23,ENSG00000216588,32227
18944,GAGE12E,ENSG00000216649,35673
18946,FAM240C,ENSG00000216921,5945
18947,CCDC7,ENSG00000216937,17851
18949,FNIP1,ENSG00000217128,10434
18950,SP9,ENSG00000217236,5176
18951,SYCE3,ENSG00000217442,35287
18953,CKLF,ENSG00000217555,27554
18957,PAM16,ENSG00000217930,26696
18958,CDC14C,ENSG00000218305,13556
18959,TENM3,ENSG00000218336,9272
18960,LINC01644,ENSG00000218357,35217
18963,MIF-AS1,ENSG00000218537,34696
18965,CEBPZOS,ENSG00000218739,3842
18966,TDRD15,ENSG00000218819,3651
18967,PAPOLB,ENSG00000218823,13097
18968,ZNF579,ENSG00000218891,32735
18970,CELA3B,ENSG00000219073,488
18971,RNASEK,ENSG00000219200,28289
18972,CATSPERZ,ENSG00000219435,19943
18973,TAFA5,ENSG00000219438,35229
18974,NBPF1,ENSG00000219481,393
18976,UMAD1,ENSG00000219545,13150
18977,PPP1R3G,ENSG00000219607,11273
18978,FAM228B,ENSG00000219626,3674
18979,LINGO3,ENSG00000220008,30971
18982,ZGLP1,ENSG00000220201,31272
18983,VAMP2,ENSG00000220205,28365
18985,HTR5A-AS1,ENSG00000220575,14645
19417,OR6B1,ENSG00000221813,14517
19418,EBF2,ENSG00000221818,15050
19419,GAS8-AS1,ENSG00000221819,28074
19420,C6orf226,ENSG00000221821,11954
19421,PPP3R1,ENSG00000221823,4129
19422,PSG3,ENSG00000221826,32160
19423,FANCG,ENSG00000221829,16493
19424,OR2A5,ENSG00000221836,14518
19425,KRTAP10-9,ENSG00000221837,34328
19426,AP4M1,ENSG00000221838,13950
19427,OR4A5,ENSG00000221840,19651
19430,KRTAP1-5,ENSG00000221852,29062
19431,TAS2R41,ENSG00000221855,14509
19432,OR2A12,ENSG00000221858,14520
19433,KRTAP10-10,ENSG00000221859,34329
19434,KRTAP12-2,ENSG00000221864,34333
19435,PLXNA4,ENSG00000221866,14300
19436,MAGEA3,ENSG00000221867,36340
19437,CEBPD,ENSG00000221869,15271
19440,KRTAP1-3,ENSG00000221880,29064
19441,OR3A2,ENSG00000221882,28171
19442,ARIH2OS,ENSG00000221883,6434
19444,HMSD,ENSG00000221887,30688
19445,OR1C1,ENSG00000221888,3367
19446,NPTXR,ENSG00000221890,35040
19447,POM121L12,ENSG00000221900,13582
19448,FAM200A,ENSG00000221909,13929
19449,OR2F2,ENSG00000221910,14515
19450,PPP2R2A,ENSG00000221914,15051
19451,C19orf73,ENSG00000221916,32427
19452,ZNF880,ENSG00000221923,32594
19453,TRIM16,ENSG00000221926,28485
19454,OR6X1,ENSG00000221931,20808
19455,HEPN1,ENSG00000221932,20850
19456,OR2A25,ENSG00000221933,14519
19457,TAS2R40,ENSG00000221937,14496
19458,OR2A14,ENSG00000221938,14522
19459,TIGD1,ENSG00000221944,5781
19460,FXYD7,ENSG00000221946,31854
19461,XKR9,ENSG00000221947,15475
19462,LINC01465,ENSG00000221949,22012
19464,OR4C12,ENSG00000221954,19646
19465,SLC12A8,ENSG00000221955,7050
19468,APOL6,ENSG00000221963,34931
19469,FADS3,ENSG00000221968,19842
19470,OR2A1,ENSG00000221970,14530
19472,GTF2H4,ENSG00000221974,11653
19473,OR4E2,ENSG00000221977,23790
19474,CCNL2,ENSG00000221978,60
19475,UBA52,ENSG00000221983,31606
19476,MYBPHL,ENSG00000221986,1611
19477,PPT2,ENSG00000221988,11743
19478,OR2A2,ENSG00000221989,14521
19479,EXOC3-AS1,ENSG00000221990,9385
19480,ZNF630,ENSG00000221994,35612
19482,OR52B4,ENSG00000221996,19075
19485,LINC02860,ENSG00000222004,13293
19486,LINC01118,ENSG00000222005,3950
19488,BTBD19,ENSG00000222009,979
19489,FAM185A,ENSG00000222011,14041
19491,RAB6C,ENSG00000222014,4857
19494,HDAC4-AS1,ENSG00000222020,5878
19496,PSMB11,ENSG00000222028,23941
19498,LINC01124,ENSG00000222033,5136
19499,POTEM,ENSG00000222036,23696
19500,POTEJ,ENSG00000222038,4873
19502,DCDC2B,ENSG00000222046,720
19503,C10orf55,ENSG00000222047,18215
19610,TRIM49D1,ENSG00000223417,20428
19611,USP17L2,ENSG00000223443,14886
19613,EXOSC6,ENSG00000223496,27687
19614,VPS52,ENSG00000223501,11786
19615,CDRT15,ENSG00000223510,28461
19616,ZNF844,ENSG00000223547,31342
19617,USP17L15,ENSG00000223569,8008
19618,CKMT1A,ENSG00000223572,25519
19619,EBLN1,ENSG00000223601,17755
19620,HBD,ENSG00000223609,19108
19621,ZNF735,ENSG00000223614,13644
19622,RFPL4A,ENSG00000223638,32750
19623,CLIC1,ENSG00000223639,11709
19624,C1GALT1C1L,ENSG00000223658,3915
19625,FKBPL,ENSG00000223666,11740
19626,MRPS18B,ENSG00000223775,11635
19627,CERS1,ENSG00000223802,31615
19628,NCR3,ENSG00000223833,11691
19629,HLA-DPB1,ENSG00000223865,11777
19631,OR11A1,ENSG00000223898,11595
19633,C1QTNF5,ENSG00000223953,20755
19634,HLA-A,ENSG00000223980,11613
19635,CPTP,ENSG00000224051,55
19636,CT47A10,ENSG00000224089,36120
19639,EHMT2,ENSG00000224143,11723
19640,TRIM15,ENSG00000224145,11622
19641,LINC02054,ENSG00000224153,7644
19642,TRIM31,ENSG00000224168,11618
19646,BTNL2,ENSG00000224242,11754
19649,PRR29,ENSG00000224383,29631
19650,C4B,ENSG00000224389,11734
19651,ADM5,ENSG00000224420,32458
19652,ATXN1L,ENSG00000224470,27727
19654,SMIM13,ENSG00000224531,11332
19655,GPX5,ENSG00000224586,11570
19656,GAGE12J,ENSG00000224659,35666
19658,NPIPA3,ENSG00000224712,26851
19659,LILRB1-AS1,ENSG00000224730,32683
19660,TAP1,ENSG00000224748,11769
19661,CSNK2B,ENSG00000224774,11699
19665,MRPL20-AS1,ENSG00000224870,61
19666,NDUFAF8,ENSG00000224877,29964
19667,GAGE12H,ENSG00000224902,35675
19669,PRRT4,ENSG00000224940,14234
19670,PBX2,ENSG00000224952,11749
19672,TMEM233,ENSG00000224982,22626
19675,PLEKHM1,ENSG00000225190,29273
19676,CT62,ENSG00000225362,25925
19680,MKRN2OS,ENSG00000225526,6071
19682,PHF1,ENSG00000225553,11797
19683,C2CD4D,ENSG00000225556,1998
19684,ZNF469,ENSG00000225614,28006
19685,MCRIP1,ENSG00000225663,29993
19686,PACRG-AS3,ENSG00000225683,12896
19687,SLC26A6,ENSG00000225697,6425
19688,OR6V1,ENSG00000225781,14492
19689,FAM229A,ENSG00000225828,729
19690,ERCC6,ENSG00000225830,18005
19692,FRG2B,ENSG00000225899,18908
19693,NOL7,ENSG00000225921,11357
19695,C5orf67,ENSG00000225940,9851
19696,NTF4,ENSG00000225950,32422
19697,ELFN1,ENSG00000225968,13065
19698,PIGBOS1,ENSG00000225973,25684
19699,ABCF1,ENSG00000225989,11633
19701,OR2J2,ENSG00000226000,11590
19702,CT47A6,ENSG00000226023,36124
19703,C6orf47,ENSG00000226103,11696
19705,FTCDNL1,ENSG00000226124,5392
19706,HLA-DQB2,ENSG00000226165,11763
19707,DHX16,ENSG00000226171,11638
19708,TEX22,ENSG00000226174,24976
19710,LY6G6E,ENSG00000226187,11704
19712,OR52I2,ENSG00000226288,19081
19713,CROCC2,ENSG00000226321,5909
19714,LINC02089,ENSG00000226364,29466
19715,DCAF8L1,ENSG00000226372,35487
19717,TMEM185B,ENSG00000226479,4790
19719,CUTA,ENSG00000226492,11798
19721,C6orf47,ENSG00000226531,11696
19722,CT47A9,ENSG00000226600,36121
19723,KIF4B,ENSG00000226650,10857
19724,CT47A12,ENSG00000226685,36118
19725,HSBP1L1,ENSG00000226742,30843
19727,TAS2R46,ENSG00000226761,21255
19728,SRRM5,ENSG00000226763,32187
19729,FAM30A,ENSG00000226777,25032
19730,PGAM4,ENSG00000226784,35883
19731,HLA-DPB1,ENSG00000226826,11777
19732,OR2B3,ENSG00000226832,11585
19733,MCCD1,ENSG00000226841,11682
19734,GNL1,ENSG00000226882,11631
19735,ERVMER34-1,ENSG00000226887,8307
19738,CT47A11,ENSG00000226929,36119
19739,RBMY1J,ENSG00000226941,36536
19742,LTA,ENSG00000226979,11687
19744,C14orf132,ENSG00000227051,24795
19745,WDR46,ENSG00000227057,11789
19746,ANHX,ENSG00000227059,22901
19747,ZNF717,ENSG00000227124,6739
19748,OR5V1,ENSG00000227137,11592
19749,USP17L5,ENSG00000227140,8019
19750,PRR20D,ENSG00000227151,23293
19754,SPANXB1,ENSG00000227234,36262
19755,KLLN,ENSG00000227268,18354
19756,RNF5,ENSG00000227277,11746
19757,PARG,ENSG00000227345,18010
19759,SYNGAP1,ENSG00000227460,11799
19760,AKR1B15,ENSG00000227471,14315
19761,GAGE12D,ENSG00000227488,35671
19762,SCAMP4,ENSG00000227500,30953
19763,LTB,ENSG00000227507,11689
19764,USP17L12,ENSG00000227551,8006
19765,PPT2,ENSG00000227600,11743
19766,OR2W1,ENSG00000227639,11584
19767,RD3L,ENSG00000227729,24938
19768,MICB,ENSG00000227772,11681
19770,RPS18,ENSG00000227794,11787
19772,TEX46,ENSG00000227868,506
19773,MRLN,ENSG00000227877,18061
19777,POLR2J2,ENSG00000228049,14039
19778,BOD1L2,ENSG00000228075,30605
19779,HLA-DRB1,ENSG00000228080,11757
19780,IFNA14,ENSG00000228083,16355
19782,DDAH2,ENSG00000228128,11708
19786,OR2M3,ENSG00000228198,3382
19788,MT-ATP8,ENSG00000228253,36563
19791,ORM2,ENSG00000228278,17066
19792,FAM174C,ENSG00000228300,30917
19793,IGKV3D-7,ENSG00000228325,4458
19795,C4B,ENSG00000228454,11734
19796,LINC01546,ENSG00000228459,35333
19797,OST4,ENSG00000228474,3725
19798,C2orf92,ENSG00000228486,4532
19799,CT47A7,ENSG00000228517,36123
19802,VN1R4,ENSG00000228567,32626
19803,NUTM2E,ENSG00000228570,18279
19804,FNDC10,ENSG00000228594,75
19805,GPANK1,ENSG00000228605,11698
19806,CLDN25,ENSG00000228607,20637
19807,ATF6B,ENSG00000228628,11739
19808,PROB1,ENSG00000228672,10572
19809,ARL17B,ENSG00000228696,29290
19810,DHFR,ENSG00000228716,10079
19811,SAPCD1,ENSG00000228727,11711
19815,CT45A5,ENSG00000228836,36223
19816,AGPAT1,ENSG00000228892,11745
19819,TSPY3,ENSG00000228927,36480
19820,HLA-B,ENSG00000228964,11673
19821,TRIM27,ENSG00000229006,11578
19822,LINC01548,ENSG00000229086,34104
19823,RPL41,ENSG00000229117,21902
19824,PGA4,ENSG00000229183,19818
19825,PRR3,ENSG00000229202,11632
19826,MUCL3,ENSG00000229284,11656
19827,RFPL4AL1,ENSG00000229292,32751
19828,ORM1,ENSG00000229314,17065
19829,TRIM10,ENSG00000229346,11621
19831,OR2H1,ENSG00000229408,11597
19832,SFTA3,ENSG00000229415,24118
19833,C6orf15,ENSG00000229432,11661
19834,SPINK8,ENSG00000229453,6411
19835,PATL2,ENSG00000229474,25537
19836,NKX1-2,ENSG00000229544,18790
19837,TSPY8,ENSG00000229549,36477
19838,PRAMEF25,ENSG00000229571,317
19839,USP17L26,ENSG00000229579,8018
19843,PRR20C,ENSG00000229665,23291
19844,ZNF492,ENSG00000229676,31696
19845,HLA-F,ENSG00000229698,11607
19847,ZNF688,ENSG00000229809,27164
19848,PET100,ENSG00000229833,31165
19849,PGA3,ENSG00000229859,19817
19850,FAM90A26,ENSG00000229924,8003
19851,TRIM39,ENSG00000229929,11626
19852,PRPS1L1,ENSG00000229937,13212
19853,IQCF3,ENSG00000229972,6523
19856,POTEB2,ENSG00000230031,25181
19858,ANKRD66,ENSG00000230062,12036
19859,TNF,ENSG00000230108,11688
19860,FLOT1,ENSG00000230143,11645
19862,HLA-E,ENSG00000230254,11629
19863,LTA,ENSG00000230279,11687
19864,OR5H6,ENSG00000230301,6805
19865,CT47A8,ENSG00000230347,36122
19866,ANKRD18B,ENSG00000230453,16439
19867,RNF39,ENSG00000230467,11617
19868,ABHD16A,ENSG00000230475,11702
19871,MBD3L2,ENSG00000230522,31150
19872,CCDC192,ENSG00000230561,10415
19874,CT47A4,ENSG00000230594,36126
19875,TEX48,ENSG00000230601,17073
19877,PRB4,ENSG00000230657,21263
19878,SETSIP,ENSG00000230667,1467
19879,ANKRD63,ENSG00000230778,25411
19880,LST1,ENSG00000230791,11690
19881,YY2,ENSG00000230797,35451
19882,STMND1,ENSG00000230873,11389
19883,LINC00692,ENSG00000230891,6175
19884,HSBP1,ENSG00000230989,27887
19885,MPIG6B,ENSG00000231003,11706
19886,LINC01804,ENSG00000231031,3591
19887,USP17L28,ENSG00000231051,8021
19888,KRTAP21-3,ENSG00000231068,34063
19890,MDC1,ENSG00000231135,11641
19892,LINC01098,ENSG00000231171,9260
19893,OR5H1,ENSG00000231192,6801
19894,PLSCR5,ENSG00000231213,7291
19895,MICA,ENSG00000231225,11677
19896,CFAP97D1,ENSG00000231256,29200
19897,SBK3,ENSG00000231274,32734
19899,HLA-DPA1,ENSG00000231389,11776
19900,USP17L10,ENSG00000231396,8004
19901,RPS18,ENSG00000231500,11787
19902,HLA-DQA2,ENSG00000231526,11762
19903,PSMB8,ENSG00000231631,11766
19904,USP17L29,ENSG00000231637,8022
19905,DIRC3,ENSG00000231672,5583
19906,TSPAN19,ENSG00000231738,22220
19907,AKAIN1,ENSG00000231824,30139
19908,PRRC2A,ENSG00000231825,11693
19910,CYP21A2,ENSG00000231852,11736
19911,OR5K2,ENSG00000231861,6810
19913,PRH1,ENSG00000231887,21245
19914,PSG1,ENSG00000231924,32163
19915,TAPBP,ENSG00000231925,11792
19916,HLA-DQB1,ENSG00000231939,11759
19922,HLA-DQA1,ENSG00000232062,11758
19923,TMEM253,ENSG00000232070,23772
19924,TSBP1,ENSG00000232106,11753
19925,TMA7,ENSG00000232112,6415
19926,MCTS1,ENSG00000232119,36114
19927,DYTN,ENSG00000232125,5473
19928,SLC44A4,ENSG00000232180,11721
19930,ASCL5,ENSG00000232237,2729
19931,TMEM114,ENSG00000232258,26746
19932,KRTAP25-1,ENSG00000232263,34038
19933,OR52I1,ENSG00000232268,19082
19934,MUCL3,ENSG00000232308,11656
19935,TAP2,ENSG00000232326,11765
19936,OR5K1,ENSG00000232382,6809
19937,SMIM26,ENSG00000232388,33112
19938,USP17L13,ENSG00000232399,8007
19939,TUBB,ENSG00000232421,11643
19940,PRAMEF6,ENSG00000232423,314
19941,AJM1,ENSG00000232434,17452
19943,COL11A2,ENSG00000232541,11779
19944,LINC01549,ENSG00000232560,33927
19945,HLA-DQB2,ENSG00000232629,11763
19946,GOLGA8N,ENSG00000232653,25317
19947,ZNF687-AS1,ENSG00000232671,1969
19950,TNF,ENSG00000232810,11688
19952,PET117,ENSG00000232838,33101
19954,LYRM9,ENSG00000232859,28666
19957,DEFB130A,ENSG00000232948,14889
19958,HLA-DOA,ENSG00000232957,11775
19959,NPIPA9,ENSG00000233024,26896
19960,PHGR1,ENSG00000233041,25417
19961,DEFB130B,ENSG00000233050,14882
19963,HLA-G,ENSG00000233095,11611
19964,USP17L11,ENSG00000233136,8005
19965,RNF224,ENSG00000233198,17490
19967,NPIPB7,ENSG00000233232,27063
19970,BAG6,ENSG00000233348,11694
19972,OR5H15,ENSG00000233412,6803
19973,BTBD18,ENSG00000233436,19725
19975,KIFC1,ENSG00000233450,11796
19976,TMEM238,ENSG00000233493,32723
19980,LINC01556,ENSG00000233566,11579
19981,TWIST2,ENSG00000233608,5873
19982,OR2J3,ENSG00000233618,11587
19983,C6orf136,ENSG00000233641,11637
19984,PIRT,ENSG00000233670,28432
19985,PRR23C,ENSG00000233701,7224
19989,NELFE,ENSG00000233801,11728
19990,TSPY4,ENSG00000233803,36476
19992,IFNA13,ENSG00000233816,16359
19995,ZNF311,ENSG00000233831,11582
19998,POTEB,ENSG00000233917,25203
19999,RPS28,ENSG00000233927,31199
20000,TRIM40,ENSG00000233931,11620
20001,CTXN2,ENSG00000233932,25587
20002,UQCRHL,ENSG00000233954,368
20003,TRIM26,ENSG00000234046,11623
20004,PAGE2,ENSG00000234068,35744
20005,TRIM26,ENSG00000234127,11623
20007,OR14J1,ENSG00000234195,11591
20009,TMEM229A,ENSG00000234224,14203
20011,PRR20E,ENSG00000234278,23294
20012,ZNF879,ENSG00000234284,11127
20014,CCDC188,ENSG00000234409,34514
20015,RBMY1A1,ENSG00000234414,36526
20016,VWA7,ENSG00000234433,11713
20017,KBTBD13,ENSG00000234438,25834
20018,ZNF736,ENSG00000234444,13647
20019,PINLYP,ENSG00000234465,32184
20020,CLDN34,ENSG00000234469,35360
20021,GPSM3,ENSG00000234508,11750
20022,C5orf58,ENSG00000234511,10970
20023,FAM133B,ENSG00000234545,13861
20024,ATAT1,ENSG00000234549,11636
20025,OR10G8,ENSG00000234560,20818
20026,MCIDAS,ENSG00000234602,9834
20027,ZFP57,ENSG00000234669,11606
20028,TCF19,ENSG00000234674,11666
20029,NPIPB2,ENSG00000234719,26816
20031,HLA-B,ENSG00000234745,11673
20034,HLA-DRA,ENSG00000234794,11755
20035,DXO,ENSG00000234798,11730
20036,IQCM,ENSG00000234828,9041
20037,IFNA17,ENSG00000234829,16354
20038,NEU1,ENSG00000234846,11720
20040,NOTCH4,ENSG00000234876,11751
20041,APOC2,ENSG00000234906,32242
20042,ATP6V1G2,ENSG00000234920,11685
20044,SHISA8,ENSG00000234965,35109
20047,IER3,ENSG00000235030,11647
20048,C19orf81,ENSG00000235034,32502
20049,ANKRD65,ENSG00000235098,64
20050,BRD3OS,ENSG00000235106,17378
20051,ZSCAN31,ENSG00000235109,11563
20053,C12orf75,ENSG00000235162,22416
20054,SMIM1,ENSG00000235169,142
20055,HGH1,ENSG00000235173,16149
20056,PPP1R3E,ENSG00000235194,23950
20058,KDM4E,ENSG00000235268,20473
20059,LY6G6D,ENSG00000235302,11705
20060,BRD2,ENSG00000235307,11772
20061,RPEL1,ENSG00000235376,18592
20062,SPAAR,ENSG00000235387,16526
20063,DDX39B,ENSG00000235439,11683
20064,OR10C1,ENSG00000235441,11596
20065,SMIM27,ENSG00000235453,16418
20066,LINC01664,ENSG00000235478,34431
20067,MSC-AS1,ENSG00000235531,15480
20068,NFAM1,ENSG00000235568,35129
20069,AIF1,ENSG00000235588,11692
20070,NKX1-1,ENSG00000235608,7890
20071,RNF148,ENSG00000235631,14188
20072,LINC02651,ENSG00000235645,18135
20073,C2,ENSG00000235696,11724
20075,ANKRD34C,ENSG00000235711,26091
20076,MFRP,ENSG00000235718,20756
20077,KIAA0040,ENSG00000235750,2513
20078,APOM,ENSG00000235754,11695
20079,USP17L27,ENSG00000235780,8020
20080,B3GALT4,ENSG00000235863,11788
20082,LY6G6C,ENSG00000235925,11707
20083,LINC01553,ENSG00000235931,18063
20084,LCE6A,ENSG00000235942,2037
20085,PRRT1,ENSG00000235956,11741
20086,PNMA6A,ENSG00000235961,36356
20088,VPS52,ENSG00000236014,11786
20089,PATE3,ENSG00000236027,20868
20091,OR5H14,ENSG00000236032,6802
20092,ZBTB22,ENSG00000236104,11793
20093,CT47A3,ENSG00000236126,36127
20094,HLA-DPA1,ENSG00000236177,11776
20095,TNXB,ENSG00000236236,11737
20097,STK19,ENSG00000236250,11731
20098,CLEC2L,ENSG00000236279,14362
20099,ZBED5,ENSG00000236287,19255
20101,TLX1NB,ENSG00000236311,18542
20102,SLFN14,ENSG00000236320,28887
20103,PPIAL4G,ENSG00000236334,1887
20105,NFKBIL1,ENSG00000236346,11686
20106,GAGE12F,ENSG00000236362,35672
20107,CT47A1,ENSG00000236371,36129
20108,TAS2R39,ENSG00000236398,14494
20109,TSPY10,ENSG00000236424,36483
20110,PPP1R18,ENSG00000236428,11639
20111,UBE2L5,ENSG00000236444,23041
20112,CT47B1,ENSG00000236446,36116
20113,ZBTB9,ENSG00000236515,11801
20114,MOG,ENSG00000236561,11605
20116,ZNF853,ENSG00000236609,13135
20118,IFNA4,ENSG00000236637,16350
20120,ARHGEF38,ENSG00000236699,8731
20121,GAGE12B,ENSG00000236737,35669
20122,CTAGE9,ENSG00000236761,12579
20123,LINC01554,ENSG00000236882,10200
20124,BAALC-AS2,ENSG00000236939,15784
20125,C3orf84,ENSG00000236980,6451
20126,OR10G9,ENSG00000236981,20817
20127,C6orf136,ENSG00000237100,11637
20129,C4orf51,ENSG00000237136,9012
20130,B3GNT9,ENSG00000237172,27579
20131,CDKN2AIPNL,ENSG00000237190,10491
20133,MBD3L5,ENSG00000237247,31148
20134,MAS1L,ENSG00000237284,11598
20135,CKMT1B,ENSG00000237289,25515
20136,RNF223,ENSG00000237330,35
20137,MSH5,ENSG00000237333,11710
20138,PATE4,ENSG00000237353,20869
20140,OR4A47,ENSG00000237388,19640
20141,AGER,ENSG00000237405,11747
20142,PRSS56,ENSG00000237412,5778
20143,LINC02790,ENSG00000237435,1515
20144,ZNF737,ENSG00000237440,31660
20145,RGL2,ENSG00000237441,11791
20147,C10orf143,ENSG00000237489,18850
20148,SHISA9,ENSG00000237515,26831
20149,OR7E24,ENSG00000237521,31228
20150,TEX51,ENSG00000237524,4823
20151,HLA-DQA2,ENSG00000237541,11762
20152,POU5F1,ENSG00000237582,11667
20154,KIFC1,ENSG00000237649,11796
20155,C2orf74,ENSG00000237651,4052
20156,GAGE12C,ENSG00000237671,35670
20158,IRGM,ENSG00000237693,10814
20159,AMY1A,ENSG00000237763,1571
20160,FAM200B,ENSG00000237765,8068
20162,PPP1R11,ENSG00000237829,11616
20165,SAPCD1,ENSG00000237918,11711
20166,CT47A5,ENSG00000237957,36125
20168,LRRC37A2,ENSG00000238083,29292
20170,PPP1R10,ENSG00000238104,11634
20171,LTB,ENSG00000238114,11689
20172,TMEM250,ENSG00000238227,17419
20173,OR2W3,ENSG00000238243,3371
20175,PAGE2B,ENSG00000238269,35743
20251,TXNDC5,ENSG00000239264,11302
20252,CASTOR1,ENSG00000239282,34831
20253,RNF103,ENSG00000239305,4350
20254,RBM14,ENSG00000239306,20078
20255,LINC01119,ENSG00000239332,3952
20256,ALKBH6,ENSG00000239382,31913
20257,ASB14,ENSG00000239388,6608
20258,PCDHA13,ENSG00000239389,10632
20259,HLA-DOB,ENSG00000239457,11764
20260,KLHL41,ENSG00000239474,5123
20261,LY6G5B,ENSG00000239497,11700
20263,OR1J4,ENSG00000239590,17134
20265,STPG4,ENSG00000239605,3959
20266,MEIKIN,ENSG00000239642,10435
20268,NME1,ENSG00000239672,29455
20269,TNFSF12,ENSG00000239697,28331
20270,CDRT4,ENSG00000239704,28481
20271,APOBEC3G,ENSG00000239713,35050
20272,TLR9,ENSG00000239732,6542
20274,WBP1,ENSG00000239779,4236
20275,MRPS17,ENSG00000239789,13607
20276,PRAMEF11,ENSG00000239810,308
20277,DEFA3,ENSG00000239839,14772
20278,GET4,ENSG00000239857,13039
20279,KRTAP9-2,ENSG00000239886,29084
20280,C1orf226,ENSG00000239887,2360
20281,ADSL,ENSG00000239900,35073
20283,RPP21,ENSG00000239927,11627
20284,LILRA4,ENSG00000239961,32667
20285,EGFL8,ENSG00000239974,11744
20286,LILRA2,ENSG00000239998,32679
20287,TEX35,ENSG00000240021,2535
20288,AMY2B,ENSG00000240038,1569
20289,LY6G5B,ENSG00000240053,11700
20290,PSMB9,ENSG00000240065,11768
20291,PCDHGC3,ENSG00000240184,10686
20292,SMKR1,ENSG00000240204,14260
20294,COX19,ENSG00000240230,13042
20296,DEFA1B,ENSG00000240247,14771
20298,ACAD11,ENSG00000240303,7161
20300,PPIL3,ENSG00000240344,5407
20301,LCE1F,ENSG00000240386,2031
20302,KIR3DL2,ENSG00000240403,32690
20303,KRTAP13-3,ENSG00000240432,34044
20304,TNFRSF13B,ENSG00000240505,28519
20306,KRTAP9-1,ENSG00000240542,29083
20307,L1TD1,ENSG00000240563,1208
20308,AQP1,ENSG00000240583,13364
20309,C1QTNF9,ENSG00000240654,22968
20310,ISY1,ENSG00000240682,7121
20311,PNMA2,ENSG00000240694,15055
20312,LRRD1,ENSG00000240720,13852
20313,KRBOX1,ENSG00000240747,6320
20314,PCDHGC5,ENSG00000240764,10688
20315,ARHGEF25,ENSG00000240771,21970
20317,RDH14,ENSG00000240857,3618
20318,KRTAP4-7,ENSG00000240871,29070
20319,PLCXD2,ENSG00000240891,6894
20320,MIF,ENSG00000240972,34695
20322,NSUN6,ENSG00000241058,17735
20323,HLA-DOB,ENSG00000241106,11764
20324,UGT1A9,ENSG00000241119,5800
20325,KRTAP10-5,ENSG00000241123,34324
20326,YAE1,ENSG00000241127,13459
20327,OR14A2,ENSG00000241128,3365
20329,KRTAP5-8,ENSG00000241233,20194
20330,KRTAP4-16,ENSG00000241241,29073
20331,CRCP,ENSG00000241258,13668
20332,HLA-DMB,ENSG00000241296,11770
20334,RPL36A,ENSG00000241343,35942
20335,PDXP,ENSG00000241360,34988
20336,RPP21,ENSG00000241370,11627
20337,CD302,ENSG00000241399,5059
20338,EGFL8,ENSG00000241404,11744
20340,ATP5MF,ENSG00000241468,13925
20341,SSX2,ENSG00000241476,35711
20342,ARHGAP8,ENSG00000241484,35172
20344,ARPC4,ENSG00000241553,6024
20345,CORT,ENSG00000241563,253
20346,KRTAP9-4,ENSG00000241595,29087
20347,KRTAP5-4,ENSG00000241598,18995
20348,UGT1A1,ENSG00000241635,5807
20349,INMT,ENSG00000241644,13361
20350,ARPC1A,ENSG00000241685,13919
20352,TMEFF1,ENSG00000241697,16948
20354,SPRR2A,ENSG00000241794,2048
20355,LY6G6F,ENSG00000241822,11703
20356,ATP5PO,ENSG00000241837,34118
20357,PLEKHO2,ENSG00000241839,25824
20358,C8orf58,ENSG00000241852,14992
20359,PISD,ENSG00000241878,34875
20360,HOGA1,ENSG00000241935,18481
20361,PWP2,ENSG00000241945,34291
20363,PI4KA,ENSG00000241973,34530
20366,KIR3DL3,ENSG00000242019,32685
20367,HYPK,ENSG00000242028,25524
20368,LINC01100,ENSG00000242107,7443
20369,AMACR,ENSG00000242110,9669
20370,MTFP1,ENSG00000242114,34839
20371,ARHGDIG,ENSG00000242173,26448
20374,TCP10L,ENSG00000242220,34089
20375,PSG2,ENSG00000242221,32168
20376,ARFGAP3,ENSG00000242247,35138
20377,BGLAP,ENSG00000242252,2180
20378,C22orf39,ENSG00000242259,34487
20379,PEG10,ENSG00000242265,13884
20381,CFB,ENSG00000242335,11727
20382,CT47A2,ENSG00000242362,36128
20383,UGT1A8,ENSG00000242366,5798
20384,EIF6,ENSG00000242372,33343
20386,RBMY1E,ENSG00000242389,36530
20387,PCDHGC4,ENSG00000242419,10687
20388,GTF2A1L,ENSG00000242441,3977
20389,MRPL20,ENSG00000242485,62
20390,ARPIN,ENSG00000242498,26247
20391,UGT1A10,ENSG00000242515,5799
20392,SERPINB10,ENSG00000242550,30687
20393,HLA-DMB,ENSG00000242574,11770
20394,DECR2,ENSG00000242612,26454
20395,GNG10,ENSG00000242616,17027
20397,CNTF,ENSG00000242689,19746
20398,CCDC169,ENSG00000242715,23093
20399,RTL5,ENSG00000242732,35836
20400,AP5Z1,ENSG00000242802,13095
20401,ZNF709,ENSG00000242852,31352
20402,STRC,ENSG00000242866,25516
20403,RBMY1B,ENSG00000242875,36525
20404,ERVW-1,ENSG00000242950,13858
20405,EIF4EBP3,ENSG00000243056,10603
20406,PRAMEF4,ENSG00000243073,311
20407,PSG11,ENSG00000243130,32167
20409,PSG4,ENSG00000243137,32171
20410,MRPL33,ENSG00000243147,3760
20412,MICAL3,ENSG00000243156,34444
20414,HLA-DMA,ENSG00000243215,11771
20415,PCDHAC2,ENSG00000243232,10635
20416,STON1,ENSG00000243244,3975
20418,PRAF2,ENSG00000243279,35650
20419,VSIG8,ENSG00000243284,2275
20420,STMP1,ENSG00000243317,14330
20421,KCTD7,ENSG00000243335,13673
20422,EFNA4,ENSG00000243364,2132
20423,TICAM2,ENSG00000243414,10318
20428,NAA80,ENSG00000243477,6495
20429,AMY2A,ENSG00000243480,1570
20430,KRTAP10-11,ENSG00000243489,34330
20432,TNFRSF6B,ENSG00000243509,33814
20433,WFDC6,ENSG00000243543,33505
20434,UPK3B,ENSG00000243566,13762
20436,IL10RB,ENSG00000243646,34107
20437,CFB,ENSG00000243649,11727
20438,ZNF487,ENSG00000243660,17916
20440,NME2,ENSG00000243678,29456
20442,PLA2G4B,ENSG00000243708,25470
20443,LEFTY1,ENSG00000243709,3076
20444,CFAP57,ENSG00000243710,935
20445,NPIPB5,ENSG00000243716,26984
20446,TTC4,ENSG00000243725,1144
20447,OR5V1,ENSG00000243729,11592
20448,TMEM35B,ENSG00000243749,770
20449,KIR2DL3,ENSG00000243772,32686
20450,JMJD7,ENSG00000243789,25469
20451,APOBEC3D,ENSG00000243811,35048
20452,OR2A7,ENSG00000243896,14527
20453,MRPS6,ENSG00000243927,34121
20454,ZNF512,ENSG00000243943,3754
20455,GSTA1,ENSG00000243955,12087
20456,PSMB9,ENSG00000243958,11768
20457,RTL9,ENSG00000243978,36046
20458,ACY1,ENSG00000243989,6535
20459,NFS1,ENSG00000244005,33356
20460,MT1HL1,ENSG00000244020,3256
20461,KRTAP19-3,ENSG00000244025,34049
20462,DDOST,ENSG00000244038,470
20463,TMEM199,ENSG00000244045,28680
20464,LCE3C,ENSG00000244057,2021
20465,GSTA2,ENSG00000244067,12086
20466,SPRR2F,ENSG00000244094,2051
20468,UGT1A7,ENSG00000244122,5801
20469,P2RY11,ENSG00000244165,31261
20471,TMEM141,ENSG00000244187,17448
20472,TMEM225B,ENSG00000244219,13931
20473,IFITM10,ENSG00000244242,19002
20475,DBNDD2,ENSG00000244274,33499
20477,LY6G6D,ENSG00000244355,11705
20478,KRTAP19-7,ENSG00000244362,34053
20479,RBMY1D,ENSG00000244395,36529
20480,ETV5,ENSG00000244405,7665
20481,KRTAP5-7,ENSG00000244411,20193
20482,CFHR1,ENSG00000244414,2688
20483,RBM12,ENSG00000244462,33355
20484,UGT1A4,ENSG00000244474,5805
20485,ERVFRD-1,ENSG00000244476,11333
20486,LILRA6,ENSG00000244482,32663
20487,SCARF2,ENSG00000244486,34526
20488,APOBEC3C,ENSG00000244509,35047
20489,KRTAP4-2,ENSG00000244537,29081
20490,RAD21L1,ENSG00000244588,32908
20491,CCDC13,ENSG00000244607,6312
20492,ASPRV1,ENSG00000244617,4154
20493,OR2AE1,ENSG00000244623,13938
20494,KRTAP20-1,ENSG00000244624,34059
20495,UBE2V1,ENSG00000244687,33591
20497,PTCHD4,ENSG00000244694,12050
20498,C4A,ENSG00000244731,11732
20499,HBB,ENSG00000244734,19107
20500,CRYBB2,ENSG00000244752,34731
20501,N4BP2L2,ENSG00000244754,23064
20502,LINC02453,ENSG00000245017,22337
20504,ZNF585B,ENSG00000245680,31956
20505,CEBPA,ENSG00000245848,31809
20506,NSMCE1-DT,ENSG00000245888,27045
20507,LINC01550,ENSG00000246223,24823
20508,LACTB2-AS1,ENSG00000246366,15473
20510,UBAP1L,ENSG00000246922,25836
20511,PGAM5,ENSG00000247077,22886
20515,TWF2,ENSG00000247596,6543
20516,MARS2,ENSG00000247626,5380
20517,USP51,ENSG00000247746,35750
20519,BCKDHA,ENSG00000248098,32113
20520,INSL3,ENSG00000248099,31573
20523,CDK11B,ENSG00000248333,80
20525,PCDHAC1,ENSG00000248383,10633
20526,TARM1,ENSG00000248385,32648
20530,POU5F2,ENSG00000248483,10179
20531,PCP4L1,ENSG00000248485,2334
20532,ABHD14A,ENSG00000248487,6534
20540,CCDC153,ENSG00000248712,20750
20541,C4orf54,ENSG00000248713,8683
20542,LINC01948,ENSG00000248727,9849
20544,LINC02118,ENSG00000248789,9804
20545,C8orf34-AS1,ENSG00000248801,15457
20549,FMN1,ENSG00000248905,25325
20551,USP17L19,ENSG00000248920,8011
20552,USP17L22,ENSG00000248933,8014
20558,ZNF436-AS1,ENSG00000249087,515
20559,USP17L17,ENSG00000249104,8009
20561,HAUS5,ENSG00000249115,31883
20564,PCDHA11,ENSG00000249158,10628
20565,LINC02213,ENSG00000249160,9530
20567,ATP5MGL,ENSG00000249222,35136
20569,TMEM150C,ENSG00000249242,8558
20572,NAIP,ENSG00000249437,9970
20574,ZNF324B,ENSG00000249471,32867
20575,SPATS1,ENSG00000249481,12017
20576,CLRN2,ENSG00000249581,8085
20581,ZNF564,ENSG00000249709,31353
20582,ECSCR,ENSG00000249751,10575
20584,USP17L21,ENSG00000249811,8013
20586,HS3ST5,ENSG00000249853,12473
20588,LGALS16,ENSG00000249861,32056
20590,PDCD6,ENSG00000249915,9383
20591,GOLGA8K,ENSG00000249931,25312
20592,TERB1,ENSG00000249961,27566
20594,TMEM158,ENSG00000249992,6360
20597,YJEFN3,ENSG00000250067,31638
20598,DNAH10OS,ENSG00000250091,22748
20599,PCDHA10,ENSG00000250120,10626
20600,LINC02108,ENSG00000250127,9872
20604,PTTG2,ENSG00000250254,8186
20606,TRMT9B,ENSG00000250305,14898
20607,SMIM20,ENSG00000250317,8131
20609,GYPB,ENSG00000250361,8994
20610,OR12D3,ENSG00000250364,11593
20611,KIAA1210,ENSG00000250423,36084
20613,CHCHD10,ENSG00000250479,34688
20614,FAM218A,ENSG00000250486,9163
20615,CDK3,ENSG00000250506,29826
20616,GPR162,ENSG00000250510,21118
20617,ATP6V1E2,ENSG00000250565,3944
20618,GLI4,ENSG00000250571,16096
20622,REELD1,ENSG00000250673,9018
20624,SELENOP,ENSG00000250722,9754
20627,USP17L20,ENSG00000250745,8012
20628,PRODH2,ENSG00000250799,31901
20629,USP17L18,ENSG00000250844,8010
20630,USP17L23,ENSG00000250913,8015
20635,ZNF674,ENSG00000251192,35585
20637,LINC00923,ENSG00000251209,26356
20639,ZNF345,ENSG00000251247,31948
20640,RFPL4B,ENSG00000251258,12459
20641,LINC02272,ENSG00000251283,9117
20642,SHANK3,ENSG00000251322,35295
20645,ZNF550,ENSG00000251369,32815
20646,DCANP1,ENSG00000251380,10513
20647,FOXD1,ENSG00000251493,9997
20652,PRB1,ENSG00000251655,21264
20653,PCDHA12,ENSG00000251664,10629
20654,PTX4,ENSG00000251692,26532
20753,OC90,ENSG00000253117,15993
20754,RGS21,ENSG00000253148,2665
20755,PCDHGA12,ENSG00000253159,10684
20758,C8orf88,ENSG00000253250,15637
20759,SHLD3,ENSG00000253251,9914
20760,CCDC71L,ENSG00000253276,14078
20761,HOXA10,ENSG00000253293,13308
20762,TMEM200B,ENSG00000253304,667
20763,PCDHGB6,ENSG00000253305,10679
20764,SERPINE3,ENSG00000253309,23251
20765,C1orf210,ENSG00000253313,937
20768,TRNP1,ENSG00000253368,614
20771,SMIM18,ENSG00000253457,15118
20773,PCDHGA5,ENSG00000253485,10671
20774,NACA2,ENSG00000253506,29584
20775,PCDHGA7,ENSG00000253537,10674
20776,PYDC2,ENSG00000253548,7726
20777,SLC10A5,ENSG00000253598,15575
20778,EIF5AL1,ENSG00000253626,18270
20780,ALG11,ENSG00000253710,23260
20781,ATXN7L3B,ENSG00000253719,22145
20782,PRKDC,ENSG00000253729,15272
20783,PCDHGA6,ENSG00000253731,10673
20784,PCDHGA8,ENSG00000253767,10676
20785,LINC02219,ENSG00000253787,9939
20786,UTP14C,ENSG00000253797,23261
20787,ETV3L,ENSG00000253831,2220
20788,PCDHGA10,ENSG00000253846,10680
20790,PCDHGA11,ENSG00000253873,10682
20793,PCDHGB2,ENSG00000253910,10670
20794,PCDHGB4,ENSG00000253953,10675
20795,CLDN23,ENSG00000253958,14818
20797,ZNF260,ENSG00000254004,31934
20799,LYN,ENSG00000254087,15336
20800,PINX1,ENSG00000254093,14848
20801,LINC01848,ENSG00000254106,10276
20802,PCDHGB7,ENSG00000254122,10681
20803,CD8B2,ENSG00000254126,4644
20804,NPIPB11,ENSG00000254206,27098
20805,PCDHGB1,ENSG00000254221,10667
20806,PCDHGA3,ENSG00000254245,10666
20809,MIR2052HG,ENSG00000254349,15514
20810,LRRC24,ENSG00000254402,16178
20812,SIGLEC14,ENSG00000254415,32562
20813,PBOV1,ENSG00000254440,12665
20816,OR4D10,ENSG00000254466,19763
20818,AP5B1,ENSG00000254470,20020
20819,CHMP4A,ENSG00000254505,23998
20820,SIGLEC12,ENSG00000254521,32555
20822,PABPC4L,ENSG00000254535,8918
20824,OMP,ENSG00000254550,20327
20826,MAGEL2,ENSG00000254585,25224
20827,CSNK2A3,ENSG00000254598,19261
20829,ARMS2,ENSG00000254636,18764
20830,INS,ENSG00000254647,19023
20831,RTL1,ENSG00000254656,24868
20834,FPGT,ENSG00000254685,1309
20838,MEX3A,ENSG00000254726,2175
20840,OR10G4,ENSG00000254737,20816
20841,EEF1G,ENSG00000254772,19863
20844,SLC22A18AS,ENSG00000254827,19038
20845,OR5M10,ENSG00000254834,19694
20846,NPIPA2,ENSG00000254852,26853
20847,MPV17L2,ENSG00000254858,31585
20850,BORCS8,ENSG00000254901,31626
20854,DPP3,ENSG00000254986,20069
20857,KRTAP5-9,ENSG00000254997,20195
20858,BRK1,ENSG00000254999,6041
20859,OR5M1,ENSG00000255012,19695
20864,PIGY,ENSG00000255072,8616
20870,CHMP1B,ENSG00000255112,30235
20871,EID3,ENSG00000255150,22408
20873,HTD2,ENSG00000255154,6625
20875,CCDC166,ENSG00000255181,16122
20877,OR5M11,ENSG00000255223,19693
20879,PRR23D1,ENSG00000255251,14785
20880,SMIM35,ENSG00000255274,20698
20884,OR8G5,ENSG00000255298,20823
20885,EID1,ENSG00000255302,25603
20886,OR52B2,ENSG00000255307,19147
20889,NOX5,ENSG00000255346,25891
20890,CCDC179,ENSG00000255359,19393
20891,TAS2R43,ENSG00000255374,21256
20892,PRR23D2,ENSG00000255378,14797
20895,HCAR3,ENSG00000255398,22713
20896,PCDHA3,ENSG00000255408,10618
20898,EBLN2,ENSG00000255423,6729
20905,CARD18,ENSG00000255501,20539
20907,NPIPB8,ENSG00000255524,27072
20909,POLR2M,ENSG00000255529,25718
20911,LY6G6E,ENSG00000255552,11704
20912,FDXACB1,ENSG00000255561,20599
20913,OR10G2,ENSG00000255582,23788
20914,RAB44,ENSG00000255587,11864
20921,OR4D2,ENSG00000255713,29516
20923,AGAP2-AS1,ENSG00000255737,21977
20928,OR6J1,ENSG00000255804,23924
20931,TIFAB,ENSG00000255833,10514
20933,TAS2R20,ENSG00000255837,21252
20939,CYP2A6,ENSG00000255974,32096
20943,PAPPA-AS1,ENSG00000256040,17086
20944,CTSO,ENSG00000256043,9115
20946,COA8,ENSG00000256053,24924
20947,TRAPPC2B,ENSG00000256060,32804
20948,DNAAF4,ENSG00000256061,25690
20950,URB1-AS1,ENSG00000256073,34087
20951,ZNF432,ENSG00000256087,32579
20954,SMLR1,ENSG00000256162,12572
20955,TAS2R30,ENSG00000256188,21257
20958,ZNF10,ENSG00000256223,22899
20959,ZNF486,ENSG00000256229,31658
20960,SMIM3,ENSG00000256235,10813
20961,HMBS,ENSG00000256269,20742
20962,ZNF225,ENSG00000256294,32214
20967,ASIC5,ENSG00000256394,9113
20969,TAS2R31,ENSG00000256436,21254
20970,DND1,ENSG00000256453,10611
20971,SALL3,ENSG00000256463,30821
20974,POLG2,ENSG00000256525,29639
20977,OR13A1,ENSG00000256574,17948
20983,CLEC12B,ENSG00000256660,21218
20984,LIMS4,ENSG00000256671,4685
20985,ZNF350,ENSG00000256683,32576
20986,PGA5,ENSG00000256713,19819
20988,STH,ENSG00000256762,29286
20989,ZNF253,ENSG00000256771,31652
20990,KLRF2,ENSG00000256797,21212
20991,CAPNS2,ENSG00000256812,27432
20994,SLC5A8,ENSG00000256870,22359
20998,LIMS3,ENSG00000256977,4679
20999,KHDC1L,ENSG00000256980,12185
21000,GPR142,ENSG00000257008,29754
21001,HP,ENSG00000257017,27734
21005,C11orf97,ENSG00000257057,20463
21008,DENND11,ENSG00000257093,14386
21009,LSM14A,ENSG00000257103,31820
21010,NHLRC4,ENSG00000257108,26462
21011,OR11H12,ENSG00000257115,23691
21012,CLLU1,ENSG00000257127,22277
21013,TAS2R38,ENSG00000257138,14398
21016,GATC,ENSG00000257218,22645
21017,LINC02448,ENSG00000257230,22002
21018,LINC01619,ENSG00000257242,22270
21019,ZBED6,ENSG00000257315,2789
21022,MGAM,ENSG00000257335,14395
21026,FNTB,ENSG00000257365,24401
21030,ZNF878,ENSG00000257446,31341
21035,ZNF625,ENSG00000257591,31344
21036,GALNT4,ENSG00000257594,22245
21037,OVCH1-AS1,ENSG00000257599,21462
21039,INAFM1,ENSG00000257704,32334
21042,CNPY2,ENSG00000257727,21921
21043,MGAM2,ENSG00000257743,14399
21046,GPX5,ENSG00000257770,11570
21050,CUX1,ENSG00000257923,14019
21051,TEN1,ENSG00000257949,29825
21061,OR9A4,ENSG00000258083,14396
21065,PRSS58,ENSG00000258223,14400
21066,CLEC5A,ENSG00000258227,14397
21070,CHURC1,ENSG00000258289,24398
21071,LINC02410,ENSG00000258292,22314
21073,C17orf49,ENSG00000258315,28290
21075,RTEL1,ENSG00000258366,33813
21079,ZNF578,ENSG00000258405,32598
21081,PDF,ENSG00000258429,27669
21082,RNASE12,ENSG00000258436,23743
21087,LINC02313,ENSG00000258474,24076
21088,SPESP1,ENSG00000258484,25889
21089,LINC00239,ENSG00000258512,24887
21097,BCL2L2-PABPN1,ENSG00000258643,23952
21099,TRIM34,ENSG00000258659,19128
21104,SLC25A21-AS1,ENSG00000258708,24128
21105,C20orf141,ENSG00000258713,32940
21106,PINX1,ENSG00000258724,14848
21113,LINC01148,ENSG00000258804,24657
21114,OR4C13,ENSG00000258817,19645
21115,RNASE4,ENSG00000258818,23746
21119,MC1R,ENSG00000258839,28067
21122,LINC02312,ENSG00000258869,24821
21123,DUXA,ENSG00000258873,32792
21126,CEP95,ENSG00000258890,29641
21130,TUBB3,ENSG00000258947,28069
21133,TMEM179,ENSG00000258986,24945
21136,TSPY1,ENSG00000258992,36481
21146,SMIM6,ENSG00000259120,29806
21153,ITGB3,ENSG00000259207,29307
21154,SLC35G6,ENSG00000259224,28329
21159,INAFM2,ENSG00000259330,25415
21163,GH1,ENSG00000259384,29626
21165,CTXND1,ENSG00000259417,26106
21166,THTPA,ENSG00000259431,23966
21169,LINC01169,ENSG00000259471,25862
21170,MRPL46,ENSG00000259494,26213
21173,LINC02169,ENSG00000259517,27408
21174,LINC01583,ENSG00000259518,26136
21177,BLID,ENSG00000259571,20790
21178,ST20-AS1,ENSG00000259642,26101
21185,SLC22A31,ENSG00000259803,28040
21187,LYPD8,ENSG00000259823,3404
21195,RBM15B,ENSG00000259956,6516
21198,TGFBR3L,ENSG00000260001,31183
21200,HOXB7,ENSG00000260027,29356
21212,CCDC187,ENSG00000260220,17423
21215,FRRS1L,ENSG00000260230,17008
21220,LINC02166,ENSG00000260259,28059
21223,ARMH2,ENSG00000260286,11446
21224,TBC1D3G,ENSG00000260287,28925
21227,MRC1,ENSG00000260314,17727
21231,HSPB9,ENSG00000260325,29133
21239,SCX,ENSG00000260428,16152
21240,C16orf95,ENSG00000260456,27972
21241,KCNJ18,ENSG00000260458,28646
21251,DUX4,ENSG00000260596,9376
21266,XKR7,ENSG00000260903,33263
21268,CCPG1,ENSG00000260916,25686
21273,SULT1A3,ENSG00000261052,27144
21277,TMEM178B,ENSG00000261115,14378
21283,EPPK1,ENSG00000261150,16135
21288,CLEC19A,ENSG00000261210,26916
21289,ZNF865,ENSG00000261221,32738
21291,BOP1,ENSG00000261236,16151
21293,GOLGA8T,ENSG00000261247,25288
21296,MUC22,ENSG00000261272,11659
21301,FIGNL2,ENSG00000261308,21724
21306,PYCARD-AS1,ENSG00000261359,27209
21308,PECAM1,ENSG00000261371,29637
21312,TUBB8,ENSG00000261456,17516
21316,TP53TG3B,ENSG00000261509,27267
21317,LINC01976,ENSG00000261514,29208
21323,TMEM249,ENSG00000261587,16157
21324,TPBGL,ENSG00000261594,20284
21326,GAN,ENSG00000261609,27866
21329,GOLGA6L7,ENSG00000261649,25273
21332,LY6L,ENSG00000261667,16092
21334,SCRT1,ENSG00000261678,16156
21338,HPR,ENSG00000261701,27735
21342,GOLGA8S,ENSG00000261739,25219
21345,TCF24,ENSG00000261787,15446
21346,GOLGA8H,ENSG00000261794,25296
21352,MIA,ENSG00000261857,32091
21354,KRTAP1-5,ENSG00000261862,29062
21360,CLK2,ENSG00000261893,2147
21361,OR5T3,ENSG00000261897,19682
21372,PCDHGA9,ENSG00000261934,10678
21376,GFY,ENSG00000261949,32440
21377,OR9G1,ENSG00000261958,19698
21380,CES5A,ENSG00000261972,27435
21383,TAS2R14,ENSG00000261984,21250
21384,KRT33A,ENSG00000261986,29094
21397,KRTAP3-1,ENSG00000262068,29061
21402,DSEL,ENSG00000262102,30704
21403,TAS2R30,ENSG00000262111,21257
21404,KRTAP4-9,ENSG00000262121,29074
21408,ANO4,ENSG00000262139,22356
21409,ATP23,ENSG00000262145,21992
21411,APOBEC3A,ENSG00000262156,35044
21412,KRT39,ENSG00000262164,29057
21417,MYMX,ENSG00000262179,12009
21423,PCDHGB3,ENSG00000262209,10672
21425,SLC5A8,ENSG00000262217,22359
21426,KRTAP9-7,ENSG00000262221,29090
21429,CES1,ENSG00000262243,27434
21431,CORO7,ENSG00000262246,26698
21448,RPH3AL,ENSG00000262334,28085
21449,KRTAP1-3,ENSG00000262347,29064
21455,MMP12,ENSG00000262406,20523
21465,CCER2,ENSG00000262484,32022
21471,TAS2R46,ENSG00000262525,21255
21474,KRTAP29-1,ENSG00000262542,29091
21475,SMIM28,ENSG00000262543,12666
21484,KRTAP9-2,ENSG00000262573,29084
21485,PCDHGA4,ENSG00000262576,10669
21488,KRTAP9-9,ENSG00000262594,29088
21489,DENND11,ENSG00000262599,14386
21494,OR8H1,ENSG00000262611,19684
21495,TAS2R43,ENSG00000262612,21256
21497,OR1D5,ENSG00000262628,28165
21499,SKA1,ENSG00000262634,30557
21500,TDO2,ENSG00000262635,9114
21501,OR9G4,ENSG00000262647,19699
21503,SPON1,ENSG00000262655,19294
21505,OVCA2,ENSG00000262664,28139
21519,KRTAP9-3,ENSG00000262749,29085
21523,OR5T1,ENSG00000262784,19683
21524,PKLR,ENSG00000262785,2149
21525,OR8J1,ENSG00000262796,19687
21526,KRTAP1-1,ENSG00000262808,29065
21528,MRPL12,ENSG00000262814,29990
21529,INTS3,ENSG00000262826,2081
21533,KRT40,ENSG00000262845,29058
21535,OR5T2,ENSG00000262851,19681
21537,LSM14A,ENSG00000262860,31820
21538,KRTAP2-3,ENSG00000262862,29068
21541,C19orf84,ENSG00000262874,32548
21544,KRTAP9-4,ENSG00000262896,29087
21545,DNAJC28,ENSG00000262911,34112
21547,CCNQ,ENSG00000262919,36368
21549,C21orf62,ENSG00000262938,34095
21556,SMIM10L1,ENSG00000262986,21259
21558,KRT31,ENSG00000262993,29097
21560,GTF2I,ENSG00000263001,13732
21561,ZNF234,ENSG00000263002,32215
21564,KRT33B,ENSG00000263012,29095
21565,ATP6V1G3,ENSG00000263014,2703
21568,KRT37,ENSG00000263022,29099
21571,TAS2R19,ENSG00000263028,21253
21574,WEE2,ENSG00000263042,14389
21580,KRT20,ENSG00000263057,29054
21584,KRTAP2-4,ENSG00000263091,29069
21585,TAS2R31,ENSG00000263097,21254
21586,KRTAP3-3,ENSG00000263101,29059
21590,MYZAP,ENSG00000263155,25716
21591,TMEM50B,ENSG00000263160,34110
21592,SLC27A3,ENSG00000263163,2084
21594,KRTAP16-1,ENSG00000263186,29092
21600,KRTAP4-11,ENSG00000263229,29075
21601,KRTAP4-12,ENSG00000263236,29076
21602,CTSO,ENSG00000263238,9115
21603,KRTAP1-4,ENSG00000263242,29063
21604,KRT12,ENSG00000263243,29053
21605,PRR4,ENSG00000263247,21247
21609,KRTAP9-6,ENSG00000263263,29089
21611,SCAMP3,ENSG00000263290,2146
21612,KRTAP3-2,ENSG00000263296,29060
21615,KRT23,ENSG00000263309,29056
21616,SALL3,ENSG00000263310,30821
21618,HCN3,ENSG00000263324,2148
21619,OR8K1,ENSG00000263328,19686
21621,KRTAP17-1,ENSG00000263341,29093
21623,PPIAL4A,ENSG00000263353,1802
21651,GTSCR1,ENSG00000263417,30734
21682,FAM72C,ENSG00000263513,1820
21692,IKBKE,ENSG00000263528,2847
21734,MSMB,ENSG00000263639,17957
21784,GDF2,ENSG00000263761,17970
21855,NBPF11,ENSG00000263956,1879
21858,RHEX,ENSG00000263961,2840
21971,ANXA8L1,ENSG00000264230,17959
21986,ZNF236-DT,ENSG00000264278,30798
22014,NOTCH2NLA,ENSG00000264343,1858
22021,DYNLL2,ENSG00000264364,29514
22047,MYH4,ENSG00000264424,28418
22084,OTUD7B,ENSG00000264522,1920
22157,NPY4R2,ENSG00000264717,17980
22318,C1QTNF1-AS1,ENSG00000265096,29910
22323,GJA5,ENSG00000265107,1872
22356,ANXA8,ENSG00000265190,17973
22361,RBP3,ENSG00000265203,17971
22379,RBM8A,ENSG00000265241,1847
22423,LINC01899,ENSG00000265352,30739
22424,TIMM23,ENSG00000265354,17955
22477,RNF115,ENSG00000265491,1839
22562,RPL17,ENSG00000265681,30544
22589,ZNF488,ENSG00000265763,17972
22603,SEC22B,ENSG00000265808,1798
22608,FSBP,ENSG00000265817,15676
22659,LINC01387,ENSG00000265944,30159
22668,TXNIP,ENSG00000265972,1853
22695,SRGAP2,ENSG00000266028,2846
22714,BAHCC1,ENSG00000266074,29974
22723,RASSF5,ENSG00000266094,2850
22757,STRADA,ENSG00000266173,29615
22794,LINC01909,ENSG00000266258,30730
22798,KLF14,ENSG00000266265,14287
22830,NBPF15,ENSG00000266338,1825
22856,NCOA4,ENSG00000266412,17956
22881,MRPS21,ENSG00000266472,1931
22902,GDF10,ENSG00000266524,17969
22985,MYO15B,ENSG00000266714,29803
23047,FXYD1,ENSG00000266964,31853
23048,AARSD1,ENSG00000266967,29178
23052,ZNF850,ENSG00000267041,31943
23054,PTGES3L,ENSG00000267060,29179
23055,ZNF561-AS1,ENSG00000267106,31243
23067,LCN6,ENSG00000267206,17445
23069,C17orf113,ENSG00000267221,29130
23074,PARD6G-AS1,ENSG00000267270,30849
23081,UPK3BL1,ENSG00000267368,14037
23084,APOC4,ENSG00000267467,32241
23086,FAM215A,ENSG00000267496,29206
23087,ZNF285,ENSG00000267508,32222
23089,S1PR2,ENSG00000267534,31264
23097,CGB1,ENSG00000267631,32417
23099,FDX2,ENSG00000267673,31273
23100,ZNF224,ENSG00000267680,32212
23104,EDDM13,ENSG00000267710,32764
23108,EML2-AS1,ENSG00000267757,32270
23109,LINC01999,ENSG00000267772,29570
23110,SMIM22,ENSG00000267795,26717
23111,LIN37,ENSG00000267796,31895
23127,NDUFA7,ENSG00000267855,31198
23147,CCDC177,ENSG00000267909,24452
23174,MAGEA9B,ENSG00000267978,36303
23185,SSX4,ENSG00000268009,35621
23196,NBPF12,ENSG00000268043,1862
23208,GABRQ,ENSG00000268089,36339
23214,SLC6A14,ENSG00000268104,36073
23249,SMIM17,ENSG00000268182,32784
23266,OPN1MW,ENSG00000268221,36392
23267,ARL14EPL,ENSG00000268223,10328
23270,TCP11X1,ENSG00000268235,35959
23294,SCGB1C2,ENSG00000268320,28082
23295,LRRC2-AS1,ENSG00000268324,6383
23303,FAM156A,ENSG00000268350,35718
23341,SSX2B,ENSG00000268447,35712
23359,SIGLEC5,ENSG00000268500,32560
23387,MAGEA2,ENSG00000268606,36346
23393,TEX13A,ENSG00000268629,36010
23402,CTAG1A,ENSG00000268651,36418
23429,HSFX2,ENSG00000268738,36304
23482,CSAG3,ENSG00000268916,36347
23491,CT45A1,ENSG00000268940,36221
23492,LINC01711,ENSG00000268941,33692
23504,ERVV-2,ENSG00000268964,32617
23510,SPANXN2,ENSG00000268988,36278
23512,MAN1B1-DT,ENSG00000268996,17476
23537,CALR3,ENSG00000269058,31508
23540,ZNF728,ENSG00000269067,31701
23553,CT45A3,ENSG00000269096,36222
23559,TRABD2B,ENSG00000269113,1041
23579,FBXO17,ENSG00000269190,32026
23617,MAGIX,ENSG00000269313,35653
23626,IKBKG,ENSG00000269335,36416
23631,ZNF587B,ENSG00000269343,32829
23648,SPIB,ENSG00000269404,32491
23649,NXF2,ENSG00000269405,35960
23657,OPN1MW3,ENSG00000269433,36394
23659,NXF2B,ENSG00000269437,35961
23675,DMRTC1,ENSG00000269502,35848
23684,ERVV-1,ENSG00000269526,32616
23693,TMEM185A,ENSG00000269556,36305
23700,CT45A10,ENSG00000269586,36229
23736,ZIM2,ENSG00000269699,32787
23740,NBPF9,ENSG00000269713,1895
23743,CCDC194,ENSG00000269720,31552
23748,SLC25A53,ENSG00000269743,36005
23761,SSX4B,ENSG00000269791,35622
23781,RNF225,ENSG00000269855,32860
23782,EGLN2,ENSG00000269858,32094
23797,MEI4,ENSG00000269964,12218
23816,PPIAL4H,ENSG00000270339,1860
23818,HEATR9,ENSG00000270379,28902
23830,NBPF14,ENSG00000270629,1888
23831,TAF15,ENSG00000270647,28893
23838,GAS2L2,ENSG00000270765,28895
23839,RPS10-NUDT3,ENSG00000270800,11817
23840,C17orf50,ENSG00000270806,28898
23841,LINC00221,ENSG00000270816,25104
23846,RASL10B,ENSG00000270885,28894
23851,CT45A9,ENSG00000270946,36228
23854,IGKV1OR2-118,ENSG00000270999,4459
23857,CTAGE15,ENSG00000271079,14510
23863,UGT2A2,ENSG00000271271,8425
23864,SRXN1,ENSG00000271303,32898
23866,CTAGE6,ENSG00000271321,14513
23870,NBPF19,ENSG00000271383,1899
23871,NBPF10,ENSG00000271425,1857
23872,MMP28,ENSG00000271447,28896
23873,CT45A2,ENSG00000271449,36225
23875,CCL5,ENSG00000271503,28904
23876,PPIAL4E,ENSG00000271567,1823
23877,LIX1L,ENSG00000271601,1849
23878,MILR1,ENSG00000271605,29638
23911,ANKRD34A,ENSG00000272031,1850
23915,GTF2H5,ENSG00000272047,12839
23941,NUDT3,ENSG00000272325,11816
23942,KMT2B,ENSG00000272333,31890
23947,POM121C,ENSG00000272391,13745
23948,CD24,ENSG00000272398,12389
23955,CFAP206,ENSG00000272514,12286
23961,MUSTN1,ENSG00000272573,6567
23967,ZNF595,ENSG00000272602,7844
23973,DOC2B,ENSG00000272636,28083
23979,DOC2B,ENSG00000272670,28083
23980,PCDHB16,ENSG00000272674,10650
23981,FAM223B,ENSG00000272681,36420
23987,TAS2R8,ENSG00000272712,21243
24001,PRH2,ENSG00000272803,21249
24002,KRTAP10-7,ENSG00000272804,34326
24003,TAS2R10,ENSG00000272805,21246
24008,SMDT1,ENSG00000272835,35119
24017,DCP1A,ENSG00000272886,6574
24043,C2orf15,ENSG00000273045,4546
24049,GRIN2B,ENSG00000273079,21297
24050,TAS2R9,ENSG00000273086,21244
24052,TAS2R20,ENSG00000273092,21252
24054,LYPD4,ENSG00000273111,32131
24056,NBPF26,ENSG00000273136,1800
24064,SNURF,ENSG00000273173,25236
24080,ZBTB8B,ENSG00000273274,731
24088,TAS2R7,ENSG00000273326,21242
24097,NDUFA6,ENSG00000273397,35120
24102,TAS2R50,ENSG00000273431,21251
24105,TAS2R13,ENSG00000273457,21248
24109,TBC1D3K,ENSG00000273513,28958
24110,FOXD4L6,ENSG00000273514,16583
24112,AGBL1,ENSG00000273540,26202
24116,CWC25,ENSG00000273559,28981
24119,EPOP,ENSG00000273604,28971
24121,ZNHIT3,ENSG00000273611,28928
24125,CT45A7,ENSG00000273696,36226
24128,LHX1,ENSG00000273706,28938
24133,CYFIP1,ENSG00000273749,25216
24137,CEACAM20,ENSG00000273777,32225
24140,USP27X,ENSG00000273820,35681
24143,TAF9,ENSG00000273841,9957
24147,NOL12,ENSG00000273899,34990
24151,GOLGA6L1,ENSG00000273976,25218
24160,CASTOR2,ENSG00000274070,13736
24161,OR4M2,ENSG00000274102,25205
24167,NATD1,ENSG00000274180,28637
24169,ANTXRL,ENSG00000274209,17958
24170,SOCS7,ENSG00000274211,28966
24171,TBC1D3H,ENSG00000274226,28926
24172,GGTLC3,ENSG00000274252,34460
24175,GAGE13,ENSG00000274274,35667
24178,ADRA2B,ENSG00000274286,4485
24184,ZNF658,ENSG00000274349,16634
24186,TMEM269,ENSG00000274386,925
24188,TPTE,ENSG00000274391,33896
24190,TBC1D3D,ENSG00000274419,28960
24191,C8orf89,ENSG00000274443,15494
24194,TBC1D3L,ENSG00000274512,28959
24195,RCC1L,ENSG00000274523,13737
24196,SEBOX,ENSG00000274529,28682
24199,DGKK,ENSG00000274588,35685
24200,RIMBP3B,ENSG00000274600,34553
24201,TBC1D3,ENSG00000274611,28963
24210,CCL23,ENSG00000274736,28913
24211,KRTAP7-1,ENSG00000274749,34067
24213,PRAMEF27,ENSG00000274764,315
24218,TBC1D3B,ENSG00000274808,28919
24225,MAFIP,ENSG00000274847,36574
24227,TBC1D3I,ENSG00000274933,28924
24237,ZNF280B,ENSG00000275004,34613
24239,MLLT6,ENSG00000275023,28974
24240,TP53TG3E,ENSG00000275034,27266
24242,PPP4R3B,ENSG00000275052,4018
24244,SYNRG,ENSG00000275066,28951
24246,NUDT18,ENSG00000275074,14973
24251,ZNF2,ENSG00000275111,4472
24252,GAGE2E,ENSG00000275113,35668
24255,CCL16,ENSG00000275152,28907
24259,LENG9,ENSG00000275183,32676
24267,CCL4,ENSG00000275302,28917
24270,PRAG1,ENSG00000275342,14811
24276,CCL18,ENSG00000275385,28914
24278,FCGBP,ENSG00000275395,32063
24279,HNF1B,ENSG00000275410,28956
24293,FAM236A,ENSG00000275520,35850
24296,GRIFIN,ENSG00000275572,13076
24297,XKR5,ENSG00000275591,14764
24308,AATF,ENSG00000275700,28940
24313,CCL15,ENSG00000275718,28910
24314,LYZL6,ENSG00000275722,28906
24318,HNRNPCL2,ENSG00000275774,318
24321,RIMBP3,ENSG00000275793,34462
24325,ARHGAP23,ENSG00000275832,28967
24326,TUBGCP5,ENSG00000275835,25217
24334,PRSS2,ENSG00000275896,14465
24336,TBC1D3F,ENSG00000275954,28927
24338,SPATA31A3,ENSG00000275969,16637
24341,DUSP14,ENSG00000276023,28950
24343,SPATA31A7,ENSG00000276040,16599
24344,UHRF1,ENSG00000276043,31085
24345,ORAI1,ENSG00000276045,22679
24346,CCL4L2,ENSG00000276070,28922
24353,OR13C2,ENSG00000276119,16973
24365,PIK3R6,ENSG00000276231,28389
24366,TADA2A,ENSG00000276234,28948
24367,OR4E1,ENSG00000276240,23791
24371,PIP4K2B,ENSG00000276293,28980
24381,CCL14,ENSG00000276409,28908
24384,FAM25C,ENSG00000276430,17982
24388,PCDHGB5,ENSG00000276547,10677
24392,SPATA31A5,ENSG00000276581,16597
24395,RAB7B,ENSG00000276600,2838
24400,DACH1,ENSG00000276644,23341
24404,PADI6,ENSG00000276747,414
24419,GSTT4,ENSG00000276950,34702
24426,HNRNPCL3,ENSG00000277058,316
24433,TYW1B,ENSG00000277149,13695
24434,F8A3,ENSG00000277150,36439
24436,PIGW,ENSG00000277161,28930
24443,PCGF2,ENSG00000277258,28977
24444,HLA-DRA,ENSG00000277263,11755
24447,GOLGA6L6,ENSG00000277322,25175
24448,SRCIN1,ENSG00000277363,28969
24452,GPR179,ENSG00000277399,28965
24456,MARCKS,ENSG00000277443,12468
24457,ZNF670,ENSG00000277462,3344
24461,PKD1L3,ENSG00000277481,27731
24462,GPIHBP1,ENSG00000277494,16094
24464,PNMA8C,ENSG00000277531,32307
24467,OR13C5,ENSG00000277556,16972
24469,NEFL,ENSG00000277586,15036
24474,CCL3,ENSG00000277632,28916
24488,PSMB3,ENSG00000277791,28979
24494,GOLGA6L22,ENSG00000277865,25212
24499,SRD5A2,ENSG00000277893,3798
24503,OR52E5,ENSG00000277932,19139
24507,CISD3,ENSG00000277972,28976
24509,RDM1,ENSG00000278023,28905
24512,DDX52,ENSG00000278053,28953
24513,TEX28,ENSG00000278057,36395
24516,CT45A8,ENSG00000278085,36227
24520,ZNF8,ENSG00000278129,32849
24523,SSTR3,ENSG00000278195,34973
24528,PRICKLE4,ENSG00000278224,11931
24529,MYO19,ENSG00000278259,28929
24535,CT45A6,ENSG00000278289,36224
24536,TBC1D3C,ENSG00000278299,28961
24537,GGNBP2,ENSG00000278311,28931
24538,ZNF229,ENSG00000278318,32223
24555,C17orf78,ENSG00000278505,28946
24558,POTEB3,ENSG00000278522,25193
24561,DHRS11,ENSG00000278535,28932
24562,ACACA,ENSG00000278540,28945
24564,TMEM191B,ENSG00000278558,34461
24565,NR2E3,ENSG00000278570,25929
24571,TBC1D3E,ENSG00000278599,28962
24572,C11orf98,ENSG00000278615,19872
24575,MRM1,ENSG00000278619,28933
24580,GOLGA6L10,ENSG00000278662,26141
24583,IQCA1L,ENSG00000278685,14606
24595,MRPL45,ENSG00000278845,28964
24596,TP53TG3F,ENSG00000278848,27269
24598,OR51G1,ENSG00000278870,19096
24599,OR2S2,ENSG00000278889,16528
24601,OR10A6,ENSG00000279000,19202
24602,OR51B2,ENSG00000279012,19116
24603,OR6Q1,ENSG00000279051,19728
24605,OR10X1,ENSG00000279111,2248
24606,OR8D2,ENSG00000279116,20825
24607,PRAMEF13,ENSG00000279169,323
24608,TSTD3,ENSG00000279170,12353
24609,OR2L8,ENSG00000279263,3374
24610,OR52R1,ENSG00000279270,19090
24611,OR2T11,ENSG00000279301,3400
24612,OR5L1,ENSG00000279395,19665
24614,OR2AG1,ENSG00000279486,19176
24616,OR4C16,ENSG00000279514,19656
24618,OR5D13,ENSG00000279761,19663
24620,PPIAL4F,ENSG00000279782,1826
24621,PRAMEF18,ENSG00000279804,324
24625,OR51F1,ENSG00000280021,19089
24627,OR8B4,ENSG00000280090,20829
24628,OR1B1,ENSG00000280094,17139
24630,PCDH20,ENSG00000280165,23307
24631,OR1S1,ENSG00000280204,19733
24632,OR12D2,ENSG00000280236,11594
24633,PRAMEF26,ENSG00000280267,320
24634,OR8K3,ENSG00000280314,19685
24639,CCDC163,ENSG00000280670,990
24640,LINC02203,ENSG00000280709,25195
24643,PAGR1,ENSG00000280789,27114
24646,RPS4Y2,ENSG00000280969,36521
24647,MATR3,ENSG00000280987,10565
24649,TMEM272,ENSG00000281106,23257
24652,BLACAT1,ENSG00000281406,2824
24662,TMEM265,ENSG00000281991,27173
24668,TEX13D,ENSG00000282419,36142
24669,ADORA3,ENSG00000282608,1683
24670,DUXB,ENSG00000282757,27796
24672,TEX13C,ENSG00000282815,36144
24674,C1orf232,ENSG00000282872,587
24675,TMEM275,ENSG00000282881,1015
24678,KLF18,ENSG00000283039,966
24679,LBHD2,ENSG00000283071,24908
24680,CENPVL2,ENSG00000283093,35697
24685,IQCJ-SCHIP1,ENSG00000283154,7436
24695,C13orf46,ENSG00000283199,23680
24697,ZNF724,ENSG00000283201,31707
24707,SPRR5,ENSG00000283227,2042
24711,KBTBD11-OT1,ENSG00000283239,14731
24713,CCDC201,ENSG00000283247,13529
24714,FAM237B,ENSG00000283267,13837
24715,TEX54,ENSG00000283268,19893
24720,SMIM33,ENSG00000283288,10576
24723,TEX52,ENSG00000283297,21030
24728,CTXND2,ENSG00000283324,1947
24731,FAM240B,ENSG00000283329,16564
24740,CFAP97D2,ENSG00000283361,23683
24742,CNTNAP3C,ENSG00000283378,16602
24751,CCDC195,ENSG00000283428,5697
24753,CSNKA2IP,ENSG00000283434,6778
24755,SPEM3,ENSG00000283439,28322
24760,HSFX4,ENSG00000283463,36313
24764,FAM240A,ENSG00000283473,6385
24784,LITAFD,ENSG00000283516,26757
24787,PRRT1B,ENSG00000283526,17337
24788,TCAF2C,ENSG00000283528,14512
24798,C19orf85,ENSG00000283567,32728
24804,FAM236C,ENSG00000283594,35849
24815,EXOC3L2,ENSG00000283632,32256
24818,ETDC,ENSG00000283644,36215
24831,MYOCOS,ENSG00000283683,2471
24836,HSFX3,ENSG00000283697,36302
24839,VSIG10L2,ENSG00000283703,20876
24853,TAF11L11,ENSG00000283740,9584
24858,CPHXL,ENSG00000283755,27797
24859,PMIS2,ENSG00000283758,31880
24869,TAF11L13,ENSG00000283776,9586
24873,PRR33,ENSG00000283787,19012
24939,TAF11L8,ENSG00000283967,9581
24944,GNG14,ENSG00000283980,31364
24945,TAF11L9,ENSG00000283988,9582
24947,SLURP2,ENSG00000283992,16081
24968,TAF11L6,ENSG00000284042,9579
25032,SCO2,ENSG00000284194,35280
25045,TAF11L5,ENSG00000284234,9578
25065,TAF11L4,ENSG00000284283,9577
25075,C2orf81,ENSG00000284308,4231
25102,TAF11L2,ENSG00000284373,9575
25130,TAF11L3,ENSG00000284439,9576
25144,TAF11L7,ENSG00000284465,9580
25147,SMIM39,ENSG00000284479,4879
25154,THSD8,ENSG00000284491,31377
25195,OR8B3,ENSG00000284609,20827
25197,SCYGR1,ENSG00000284629,5711
25198,SCYGR4,ENSG00000284631,5717
25199,SCYGR8,ENSG00000284635,5722
25201,SCYGR2,ENSG00000284643,5713
25202,OR4F16,ENSG00000284662,12
25203,SCYGR5,ENSG00000284667,5718
25204,OR8B2,ENSG00000284680,20826
25209,TMEM247,ENSG00000284701,3943
25210,SCYGR3,ENSG00000284704,5715
25211,SMIM38,ENSG00000284713,20152
25212,SCYGR7,ENSG00000284718,5721
25213,OR8S1,ENSG00000284723,21630
25214,SCYGR6,ENSG00000284725,5720
25217,OR4F29,ENSG00000284733,10
25219,EEF1AKMT4,ENSG00000284753,7634
25220,PDE8B,ENSG00000284762,10047
25221,TBCE,ENSG00000284770,3235
25226,SMIM41,ENSG00000284791,21735
25231,CCDC39,ENSG00000284862,7585
25232,OOSP1,ENSG00000284873,19779
25237,LRTOMT,ENSG00000284922,20211
25245,UPK3BL2,ENSG00000284981,14032
25249,OOSP4A,ENSG00000285010,19780
25254,ARHGAP11B,ENSG00000285077,25301
25261,PDE4C,ENSG00000285188,31588
25263,OOSP3,ENSG00000285231,19778
25275,POLR2J3,ENSG00000285437,14034
25279,C4orf36,ENSG00000285458,8590
25346,NOTCH2NLB,ENSG00000286019,1889
25349,ASDURF,ENSG00000286053,5311
25354,SPEGNB,ENSG00000286095,5651
25359,KYAT1,ENSG00000286112,17269
25363,DERPC,ENSG00000286140,27662
25370,NOTCH2NLC,ENSG00000286219,1898
25375,ARMCX5-GPRASP2,ENSG00000286237,35965
25381,SMIM40,ENSG00000286920,11795
25384,HERC3,ENSG00000287542,8618
25392,PRR33,ENSG00000288160,19012
